# Blender 5.2.0 LTS
# www.blender.org
mtllib cassiuss.mtl
o Plane
v -5.537013 1.497850 -0.080136
v -5.568503 1.505205 -0.079464
v -5.600030 1.512547 -0.078778
v -5.631152 1.514349 -0.074721
v -5.643763 1.509562 -0.069653
v -5.675801 1.505390 -0.061736
v -5.505521 1.490495 -0.080808
v -5.776379 1.519689 -0.053885
v -4.745165 1.367124 -0.130685
v -4.761193 1.368706 -0.129002
v -4.777220 1.370288 -0.127318
v -4.793248 1.371870 -0.125635
v -4.809275 1.373452 -0.123951
v -4.825303 1.375034 -0.122268
v -4.841330 1.376616 -0.120585
v -4.857358 1.378198 -0.118901
v -4.873385 1.379780 -0.117218
v -4.889415 1.381363 -0.115534
v -4.905455 1.382948 -0.113850
v -4.921552 1.384544 -0.112164
v -4.937910 1.386197 -0.110470
v -4.955356 1.388090 -0.108743
v -4.976475 1.390918 -0.106987
v -4.997495 1.394642 -0.105802
v -5.014761 1.398147 -0.105106
v -5.030925 1.401551 -0.104531
v -5.046825 1.404930 -0.103984
v -5.062667 1.408303 -0.103443
v -5.078498 1.411674 -0.102902
v -5.094327 1.415046 -0.102362
v -5.110157 1.418417 -0.101823
v -5.125986 1.421788 -0.101283
v -5.141815 1.425160 -0.100743
v -5.157644 1.428531 -0.100203
v -5.173472 1.431903 -0.099663
v -5.189301 1.435274 -0.099123
v -5.205131 1.438646 -0.098583
v -4.729137 1.365542 -0.132369
v -5.220960 1.442017 -0.098043
v -4.214262 1.233489 -0.136035
v -4.223875 1.237827 -0.137129
v -4.233487 1.242166 -0.138223
v -4.243099 1.246504 -0.139317
v -4.252712 1.250843 -0.140411
v -4.262330 1.255183 -0.141505
v -4.271958 1.259525 -0.142599
v -4.281617 1.263875 -0.143692
v -4.291341 1.268240 -0.144784
v -4.301202 1.272638 -0.145874
v -4.311322 1.277096 -0.146958
v -4.321910 1.281660 -0.148029
v -4.333291 1.286388 -0.149071
v -4.345866 1.291317 -0.150039
v -4.359677 1.296292 -0.150830
v -4.373650 1.300835 -0.151326
v -4.386637 1.304663 -0.151542
v -4.398569 1.307921 -0.151580
v -4.409778 1.310824 -0.151518
v -4.420556 1.313525 -0.151401
v -4.431092 1.316115 -0.151256
v -4.441503 1.318647 -0.151097
v -4.451852 1.321152 -0.150930
v -4.462173 1.323644 -0.150760
v -4.472484 1.326131 -0.150589
v -4.482790 1.328616 -0.150418
v -4.493096 1.331101 -0.150246
v -4.503402 1.333586 -0.150075
v -4.513708 1.336071 -0.149903
v -4.204650 1.229150 -0.134941
v -4.524014 1.338556 -0.149732
v -4.099719 1.441403 -0.212801
v -4.117435 1.447373 -0.213560
v -4.135150 1.453343 -0.214319
v -4.152867 1.459314 -0.215078
v -4.170585 1.465284 -0.215837
v -4.188310 1.471255 -0.216595
v -4.206056 1.477228 -0.217351
v -4.223855 1.483206 -0.218102
v -4.241773 1.489196 -0.218839
v -4.259935 1.495209 -0.219551
v -4.278563 1.501263 -0.220210
v -4.298030 1.507385 -0.220772
v -4.318917 1.513591 -0.221151
v -4.341930 1.519824 -0.221192
v -4.367109 1.525742 -0.220678
v -4.392474 1.530693 -0.219532
v -4.415965 1.534462 -0.217965
v -4.437489 1.537376 -0.216194
v -4.457675 1.539782 -0.214330
v -4.477065 1.541903 -0.212423
v -4.496010 1.543871 -0.210493
v -4.514722 1.545758 -0.208553
v -4.533321 1.547608 -0.206608
v -4.551869 1.549440 -0.204660
v -4.570396 1.551265 -0.202712
v -4.588918 1.553088 -0.200764
v -4.607437 1.554911 -0.198815
v -4.625957 1.556733 -0.196866
v -4.644475 1.558555 -0.194918
v -4.082003 1.435433 -0.212042
v -4.662994 1.560378 -0.192969
v -5.244420 1.611751 -0.128165
v -5.230915 1.609474 -0.128997
v -5.217410 1.607197 -0.129830
v -5.203905 1.604919 -0.130662
v -5.190398 1.602642 -0.131495
v -5.176887 1.600365 -0.132328
v -5.163360 1.598087 -0.133164
v -5.149794 1.595808 -0.134006
v -5.136141 1.593527 -0.134861
v -5.122310 1.591243 -0.135743
v -5.108138 1.588952 -0.136678
v -5.093353 1.586653 -0.137710
v -5.077535 1.584355 -0.138914
v -5.060183 1.582104 -0.140403
v -5.041312 1.580060 -0.142273
v -5.022427 1.578471 -0.144426
v -5.005041 1.577378 -0.146639
v -4.989177 1.576627 -0.148812
v -4.974341 1.576075 -0.150936
v -4.960114 1.575633 -0.153027
v -4.946226 1.575250 -0.155099
v -4.932517 1.574897 -0.157160
v -4.918893 1.574559 -0.159216
v -4.905309 1.574228 -0.161269
v -4.891739 1.573899 -0.163322
v -4.878175 1.573571 -0.165374
v -4.864613 1.573243 -0.167426
v -4.851050 1.572915 -0.169478
v -4.837487 1.572588 -0.171530
v -5.257925 1.614028 -0.127332
v -4.823925 1.572260 -0.173582
v -6.097698 1.670742 -0.022880
v -6.085423 1.672825 -0.026214
v -6.072589 1.674815 -0.029583
v -6.059235 1.676706 -0.032978
v -6.045395 1.678493 -0.036389
v -6.031107 1.680172 -0.039806
v -6.016411 1.681736 -0.043221
v -6.001347 1.683184 -0.046624
v -5.985956 1.684509 -0.050006
v -5.970281 1.685709 -0.053358
v -5.954364 1.686781 -0.056670
v -5.938249 1.687721 -0.059933
v -5.921980 1.688526 -0.063138
v -5.905602 1.689196 -0.066277
v -5.889161 1.689727 -0.069341
v -5.872699 1.690119 -0.072322
v -5.856264 1.690370 -0.075211
v -5.839899 1.690479 -0.078000
v -5.823650 1.690447 -0.080682
v -5.807561 1.690274 -0.083250
v -5.791677 1.689959 -0.085696
v -5.776041 1.689504 -0.088014
v -5.760696 1.688909 -0.090197
v -5.745683 1.688178 -0.092239
v -5.731045 1.687311 -0.094136
v -5.716820 1.686311 -0.095880
v -5.703049 1.685181 -0.097469
v -5.689769 1.683923 -0.098897
v -5.677016 1.682542 -0.100161
v -6.109383 1.668571 -0.019590
v -5.664824 1.681041 -0.101257
v -4.176105 1.217086 -0.132200
v -4.600249 1.356938 -0.148462
v -5.295885 1.457975 -0.095488
v -5.361396 1.461171 -0.086577
v -5.776423 1.519672 -0.053867
v -6.221864 1.669890 -0.001703
v -5.391402 1.636536 -0.119104
v -4.770664 1.570973 -0.181640
v -3.795061 1.323108 -0.190048
v -4.042573 1.422146 -0.210352
v -4.086413 1.166234 -0.115556
v -5.520224 1.560506 0.020821
v -5.551715 1.567861 0.021493
v -5.583241 1.575203 0.022179
v -5.614363 1.577005 0.026236
v -5.626975 1.572218 0.031304
v -5.659013 1.568046 0.039221
v -5.488733 1.553151 0.020149
v -5.759590 1.582345 0.047073
v -4.728376 1.429780 -0.029728
v -4.744404 1.431362 -0.028044
v -4.760431 1.432944 -0.026361
v -4.776459 1.434526 -0.024678
v -4.792486 1.436108 -0.022994
v -4.808514 1.437690 -0.021311
v -4.824541 1.439272 -0.019627
v -4.840569 1.440854 -0.017944
v -4.856596 1.442436 -0.016260
v -4.872626 1.444019 -0.014577
v -4.888666 1.445604 -0.012893
v -4.904764 1.447200 -0.011207
v -4.921122 1.448853 -0.009513
v -4.938567 1.450746 -0.007786
v -4.959686 1.453574 -0.006029
v -4.980706 1.457298 -0.004845
v -4.997973 1.460803 -0.004149
v -5.014137 1.464207 -0.003574
v -5.030036 1.467586 -0.003026
v -5.045878 1.470958 -0.002485
v -5.061709 1.474330 -0.001945
v -5.077539 1.477702 -0.001405
v -5.093368 1.481073 -0.000865
v -5.109197 1.484444 -0.000325
v -5.125026 1.487816 0.000215
v -5.140855 1.491187 0.000754
v -5.156684 1.494559 0.001294
v -5.172513 1.497930 0.001834
v -5.188342 1.501302 0.002374
v -4.712349 1.428198 -0.031411
v -5.204171 1.504673 0.002914
v -4.197474 1.296145 -0.035078
v -4.207086 1.300483 -0.036172
v -4.216698 1.304822 -0.037266
v -4.226310 1.309160 -0.038360
v -4.235924 1.313499 -0.039454
v -4.245541 1.317838 -0.040548
v -4.255170 1.322181 -0.041641
v -4.264828 1.326530 -0.042735
v -4.274553 1.330896 -0.043827
v -4.284413 1.335294 -0.044916
v -4.294533 1.339752 -0.046000
v -4.305121 1.344316 -0.047072
v -4.316503 1.349044 -0.048114
v -4.329078 1.353973 -0.049082
v -4.342888 1.358948 -0.049873
v -4.356861 1.363491 -0.050369
v -4.369848 1.367319 -0.050585
v -4.381780 1.370577 -0.050622
v -4.392989 1.373480 -0.050560
v -4.403767 1.376181 -0.050444
v -4.414304 1.378771 -0.050299
v -4.424714 1.381303 -0.050140
v -4.435063 1.383808 -0.049973
v -4.445385 1.386299 -0.049803
v -4.455695 1.388787 -0.049632
v -4.466002 1.391272 -0.049461
v -4.476308 1.393757 -0.049289
v -4.486613 1.396242 -0.049117
v -4.496919 1.398727 -0.048946
v -4.187861 1.291806 -0.033983
v -4.507225 1.401212 -0.048774
v -4.159317 1.279742 -0.031243
v -4.583461 1.419594 -0.047505
v -5.279096 1.520631 0.005470
v -5.344607 1.523827 0.014380
v -5.759634 1.582328 0.047090
v -4.069624 1.228890 -0.014599
v -5.560907 1.408674 -0.020818
v -5.591857 1.418049 -0.021490
v -5.622830 1.427455 -0.022177
v -5.650683 1.441455 -0.026234
v -5.659212 1.451906 -0.031302
v -5.684872 1.471539 -0.039219
v -5.529958 1.399298 -0.020146
v -5.779124 1.509444 -0.047070
v -4.809784 1.125962 0.029730
v -4.824455 1.132606 0.028047
v -4.839127 1.139249 0.026363
v -4.853798 1.145893 0.024680
v -4.868469 1.152537 0.022996
v -4.883140 1.159180 0.021313
v -4.897811 1.165824 0.019629
v -4.912483 1.172468 0.017946
v -4.927154 1.179111 0.016263
v -4.941827 1.185756 0.014579
v -4.956511 1.192403 0.012895
v -4.971250 1.199069 0.011209
v -4.986243 1.205817 0.009515
v -5.002297 1.212901 0.007788
v -5.022001 1.221011 0.006032
v -5.042067 1.228296 0.004847
v -5.058773 1.233893 0.004151
v -5.074473 1.239027 0.003576
v -5.089932 1.244051 0.003029
v -5.105338 1.249051 0.002488
v -5.120734 1.254047 0.001947
v -5.136128 1.259042 0.001408
v -5.151523 1.264037 0.000868
v -5.166917 1.269032 0.000328
v -5.182311 1.274026 -0.000212
v -5.197705 1.279021 -0.000752
v -5.213099 1.284016 -0.001292
v -5.228493 1.289011 -0.001832
v -5.243887 1.294005 -0.002372
v -4.795113 1.119318 0.031413
v -5.259281 1.299000 -0.002912
v -4.283191 0.976242 0.035080
v -4.293685 0.977291 0.036174
v -4.304178 0.978340 0.037268
v -4.314672 0.979389 0.038362
v -4.325167 0.980438 0.039456
v -4.335666 0.981489 0.040550
v -4.346176 0.982542 0.041643
v -4.356715 0.983605 0.042737
v -4.367319 0.984686 0.043829
v -4.378057 0.985808 0.044918
v -4.389051 0.987007 0.046002
v -4.400502 0.988349 0.047074
v -4.412723 0.989944 0.048116
v -4.426078 0.991963 0.049084
v -4.440526 0.994560 0.049875
v -4.454898 0.997612 0.050371
v -4.468060 1.000791 0.050587
v -4.480021 1.003935 0.050624
v -4.491180 1.007025 0.050562
v -4.501864 1.010075 0.050446
v -4.512285 1.013101 0.050301
v -4.522567 1.016113 0.050142
v -4.532781 1.019119 0.049975
v -4.542965 1.022121 0.049805
v -4.553138 1.025123 0.049634
v -4.563307 1.028124 0.049463
v -4.573475 1.031124 0.049291
v -4.583642 1.034125 0.049120
v -4.593810 1.037126 0.048948
v -4.272697 0.975193 0.033985
v -4.603977 1.040127 0.048776
v -4.271162 0.801567 0.212803
v -4.289490 0.805255 0.213562
v -4.307817 0.808943 0.214321
v -4.326145 0.812630 0.215080
v -4.344474 0.816319 0.215839
v -4.362811 0.820010 0.216597
v -4.381166 0.823711 0.217353
v -4.399569 0.827433 0.218104
v -4.418081 0.831205 0.218841
v -4.436816 0.835078 0.219553
v -4.455976 0.839149 0.220212
v -4.475896 0.843581 0.220774
v -4.497087 0.848650 0.221153
v -4.520134 0.854759 0.221194
v -4.544898 0.862223 0.220680
v -4.569341 0.870617 0.219535
v -4.591568 0.879099 0.217967
v -4.611666 0.887337 0.216196
v -4.630351 0.895347 0.214333
v -4.648204 0.903205 0.212425
v -4.665595 0.910973 0.210495
v -4.682744 0.918695 0.208555
v -4.699775 0.926392 0.206610
v -4.716754 0.934080 0.204663
v -4.733712 0.941763 0.202714
v -4.750663 0.949445 0.200766
v -4.767613 0.957126 0.198817
v -4.784562 0.964808 0.196869
v -4.801511 0.972489 0.194920
v -4.252834 0.797879 0.212044
v -4.818460 0.980170 0.192971
v -5.347676 1.226392 0.128167
v -5.334842 1.221612 0.129000
v -5.322008 1.216832 0.129832
v -5.309174 1.212051 0.130665
v -5.296338 1.207270 0.131497
v -5.283498 1.202487 0.132331
v -5.270644 1.197696 0.133167
v -5.257756 1.192886 0.134008
v -5.244792 1.188035 0.134863
v -5.231672 1.183098 0.135745
v -5.218253 1.177996 0.136680
v -5.204299 1.172594 0.137712
v -5.189452 1.166676 0.138916
v -5.173299 1.159949 0.140405
v -5.155934 1.152283 0.142275
v -5.138785 1.144217 0.144429
v -5.123181 1.136470 0.146642
v -5.109068 1.129189 0.148814
v -5.095943 1.122249 0.150938
v -5.083401 1.115519 0.153030
v -5.071182 1.108907 0.155101
v -5.059133 1.102357 0.157162
v -5.047166 1.095838 0.159218
v -5.035236 1.089333 0.161272
v -5.023320 1.082833 0.163324
v -5.011409 1.076335 0.165376
v -4.999499 1.069837 0.167428
v -4.987590 1.063340 0.169480
v -4.975681 1.056842 0.171532
v -5.360511 1.231172 0.127335
v -4.963771 1.050345 0.173584
v -6.116132 1.601943 0.022883
v -6.106543 1.594002 0.026217
v -6.096425 1.585862 0.029586
v -6.085804 1.577547 0.032981
v -6.074712 1.569079 0.036391
v -6.063178 1.560482 0.039809
v -6.051233 1.551779 0.043224
v -6.038911 1.542993 0.046627
v -6.026245 1.534150 0.050009
v -6.013269 1.525273 0.053361
v -6.000021 1.516387 0.056672
v -5.986535 1.507515 0.059936
v -5.972849 1.498683 0.063141
v -5.959000 1.489914 0.066280
v -5.945026 1.481233 0.069344
v -5.930966 1.472663 0.072325
v -5.916858 1.464228 0.075213
v -5.902740 1.455951 0.078003
v -5.888653 1.447854 0.080685
v -5.874633 1.439960 0.083253
v -5.860719 1.432291 0.085699
v -5.846950 1.424867 0.088016
v -5.833364 1.417709 0.090199
v -5.819997 1.410836 0.092242
v -5.806886 1.404268 0.094138
v -5.794067 1.398022 0.095883
v -5.781576 1.392115 0.097472
v -5.769446 1.386563 0.098900
v -5.757711 1.381383 0.100163
v -6.125166 1.609666 0.019593
v -5.746403 1.376587 0.101259
v -4.241945 0.971369 0.031245
v -4.679191 1.062326 0.047507
v -5.332147 1.322642 -0.005467
v -5.390480 1.352630 -0.014378
v -5.779153 1.509480 -0.047088
v -6.223237 1.664765 0.001706
v -5.487360 1.278419 0.119107
v -4.917002 1.024829 0.181642
v -3.948173 0.751685 0.190050
v -4.212044 0.789672 0.210354
v -4.138844 0.970562 0.014601
v -5.544119 1.471330 0.080139
v -5.575068 1.480705 0.079467
v -5.606042 1.490111 0.078781
v -5.633895 1.504111 0.074723
v -5.642424 1.514562 0.069656
v -5.668083 1.534195 0.061738
v -5.513169 1.461954 0.080811
v -5.762335 1.572100 0.053887
v -4.792995 1.188618 0.130687
v -4.807667 1.195262 0.129004
v -4.822338 1.201905 0.127320
v -4.837009 1.208549 0.125637
v -4.851680 1.215193 0.123954
v -4.866352 1.221836 0.122270
v -4.881023 1.228480 0.120587
v -4.895694 1.235124 0.118903
v -4.910366 1.241767 0.117220
v -4.925039 1.248412 0.115536
v -4.939723 1.255059 0.113853
v -4.954462 1.261725 0.112167
v -4.969454 1.268473 0.110472
v -4.985509 1.275557 0.108746
v -5.005213 1.283667 0.106989
v -5.025279 1.290952 0.105805
v -5.041985 1.296549 0.105109
v -5.057685 1.301683 0.104533
v -5.073143 1.306707 0.103986
v -5.088550 1.311707 0.103445
v -5.103945 1.316703 0.102905
v -5.119340 1.321698 0.102365
v -5.134734 1.326693 0.101825
v -5.150128 1.331687 0.101285
v -5.165522 1.336682 0.100745
v -5.180916 1.341677 0.100205
v -5.196310 1.346672 0.099665
v -5.211704 1.351666 0.099125
v -5.227098 1.356661 0.098586
v -4.778324 1.181974 0.132371
v -5.242492 1.361656 0.098046
v -4.266403 1.038898 0.136037
v -4.276896 1.039947 0.137131
v -4.287390 1.040996 0.138225
v -4.297884 1.042045 0.139319
v -4.308378 1.043094 0.140413
v -4.318877 1.044145 0.141507
v -4.329387 1.045198 0.142601
v -4.339926 1.046261 0.143694
v -4.350531 1.047342 0.144786
v -4.361269 1.048464 0.145876
v -4.372262 1.049663 0.146960
v -4.383714 1.051005 0.148031
v -4.395934 1.052600 0.149074
v -4.409289 1.054619 0.150041
v -4.423738 1.057216 0.150832
v -4.438109 1.060268 0.151328
v -4.451271 1.063447 0.151544
v -4.463233 1.066591 0.151582
v -4.474391 1.069681 0.151520
v -4.485076 1.072731 0.151403
v -4.495496 1.075757 0.151259
v -4.505778 1.078769 0.151099
v -4.515992 1.081775 0.150932
v -4.526177 1.084777 0.150762
v -4.536350 1.087779 0.150591
v -4.546518 1.090780 0.150420
v -4.556686 1.093780 0.150248
v -4.566854 1.096781 0.150077
v -4.577021 1.099782 0.149905
v -4.255909 1.037849 0.134943
v -4.587189 1.102783 0.149734
v -4.225156 1.034025 0.132202
v -4.662402 1.124982 0.148464
v -5.315358 1.385298 0.095490
v -5.373691 1.415286 0.086579
v -5.762365 1.572136 0.053870
v -4.122055 1.033218 0.115558
vn -0.1009 -0.2492 -0.9632
vn 0.1662 0.7476 0.6430
vn -0.0778 -0.8412 0.5350
vn 0.5119 -0.7655 0.3899
vn -0.4928 -0.7002 0.5165
vn -0.3722 -0.7596 0.5333
vn -0.3978 -0.7484 0.5306
vn -0.3980 -0.7483 0.5306
vn -0.3981 -0.7483 0.5306
vn 0.2298 -0.8436 0.4853
vn 0.4631 -0.7855 0.4105
vn 0.0192 -0.8509 0.5249
vn -0.1797 -0.8222 0.5401
vn -0.1805 -0.8220 0.5402
vn -0.1471 -0.8293 0.5391
vn 0.0297 -0.8515 0.5235
vn -0.1578 -0.8271 0.5395
vn -0.2776 -0.7949 0.5395
vn -0.3128 -0.7829 0.5379
vn -0.3436 -0.7713 0.5358
vn -0.3657 -0.7624 0.5339
vn -0.3799 -0.7563 0.5326
vn -0.3885 -0.7526 0.5317
vn -0.3934 -0.7504 0.5311
vn -0.3960 -0.7493 0.5309
vn -0.3972 -0.7487 0.5307
vn -0.1891 -0.8199 0.5403
vn -0.1897 -0.8198 0.5403
vn -0.1910 -0.8195 0.5403
vn -0.1938 -0.8188 0.5404
vn -0.1990 -0.8175 0.5405
vn -0.2082 -0.8152 0.5405
vn -0.2232 -0.8112 0.5405
vn -0.2462 -0.8047 0.5403
vn -0.1887 -0.8200 0.5403
vn -0.1888 -0.8200 0.5403
vn -0.1577 -0.8271 0.5395
vn -0.1576 -0.8271 0.5395
vn -0.1572 -0.8272 0.5395
vn -0.1551 -0.8276 0.5394
vn -0.1466 -0.8294 0.5391
vn -0.1176 -0.8349 0.5377
vn -0.0684 -0.8425 0.5343
vn -0.0392 -0.8461 0.5316
vn -0.0306 -0.8470 0.5307
vn -0.0285 -0.8472 0.5305
vn -0.0280 -0.8472 0.5305
vn -0.0279 -0.8472 0.5305
vn -0.0279 -0.8473 0.5305
vn 0.0089 -0.8503 0.5262
vn 0.2299 0.7305 0.6430
vn -0.0372 -0.2663 -0.9632
vn -0.3532 -0.7675 0.5350
vn -0.8260 -0.4070 0.3899
vn 0.0767 -0.8528 0.5165
vn -0.0574 -0.8440 0.5333
vn -0.0297 -0.8471 0.5306
vn -0.0295 -0.8471 0.5306
vn -0.0294 -0.8471 0.5306
vn -0.6208 -0.6157 0.4853
vn -0.7938 -0.4487 0.4105
vn -0.4421 -0.7273 0.5249
vn -0.2555 -0.8019 0.5401
vn -0.2547 -0.8021 0.5402
vn -0.2872 -0.7917 0.5391
vn -0.4514 -0.7226 0.5235
vn -0.2769 -0.7951 0.5395
vn -0.1570 -0.8272 0.5395
vn -0.1205 -0.8344 0.5379
vn -0.0881 -0.8397 0.5358
vn -0.0645 -0.8431 0.5339
vn -0.0492 -0.8450 0.5326
vn -0.0398 -0.8460 0.5317
vn -0.0345 -0.8466 0.5311
vn -0.0317 -0.8469 0.5309
vn -0.0303 -0.8470 0.5307
vn -0.2462 -0.8046 0.5403
vn -0.2456 -0.8048 0.5403
vn -0.2443 -0.8052 0.5403
vn -0.2415 -0.8060 0.5404
vn -0.2364 -0.8075 0.5405
vn -0.2273 -0.8100 0.5405
vn -0.2123 -0.8141 0.5405
vn -0.2466 -0.8045 0.5403
vn -0.2465 -0.8045 0.5403
vn -0.2465 -0.8046 0.5403
vn -0.2770 -0.7951 0.5395
vn -0.2775 -0.7950 0.5395
vn -0.2795 -0.7943 0.5394
vn -0.2877 -0.7916 0.5391
vn -0.3156 -0.7818 0.5377
vn -0.3620 -0.7639 0.5343
vn -0.3891 -0.7523 0.5316
vn -0.3970 -0.7488 0.5307
vn -0.3989 -0.7479 0.5305
vn -0.3994 -0.7477 0.5305
vn -0.3995 -0.7477 0.5305
vn -0.4329 -0.7319 0.5262
vn 0.9659 -0.2588 -0.0000
vn 0.0162 0.5507 0.8345
vn -0.2613 -0.4851 -0.8345
vt 0.000000 0.000000
s 0
usemtl Material.001
f 167/1/1 7/1/1 1/1/1 2/1/1 3/1/1 4/1/1 5/1/1 6/1/1 8/1/1 168/1/1 169/1/1 162/1/1 133/1/1 134/1/1 135/1/1 136/1/1 137/1/1 138/1/1 139/1/1 140/1/1 141/1/1 142/1/1 143/1/1 144/1/1 145/1/1 146/1/1 147/1/1 148/1/1 149/1/1 150/1/1 151/1/1 152/1/1 153/1/1 154/1/1 155/1/1 156/1/1 157/1/1 158/1/1 159/1/1 160/1/1 161/1/1 163/1/1 170/1/1 131/1/1 102/1/1 103/1/1 104/1/1 105/1/1 106/1/1 107/1/1 108/1/1 109/1/1 110/1/1 111/1/1 112/1/1 113/1/1 114/1/1 115/1/1 116/1/1 117/1/1 118/1/1 119/1/1 120/1/1 121/1/1 122/1/1 123/1/1 124/1/1 125/1/1 126/1/1 127/1/1 128/1/1 129/1/1 130/1/1 132/1/1 171/1/1 101/1/1 99/1/1 98/1/1 97/1/1 96/1/1 95/1/1 94/1/1 93/1/1 92/1/1 91/1/1 90/1/1 89/1/1 88/1/1 87/1/1 86/1/1 85/1/1 84/1/1 83/1/1 82/1/1 81/1/1 80/1/1 79/1/1 78/1/1 77/1/1 76/1/1 75/1/1 74/1/1 73/1/1 72/1/1 71/1/1 100/1/1 173/1/1 172/1/1 174/1/1 164/1/1 69/1/1 40/1/1 41/1/1 42/1/1 43/1/1 44/1/1 45/1/1 46/1/1 47/1/1 48/1/1 49/1/1 50/1/1 51/1/1 52/1/1 53/1/1 54/1/1 55/1/1 56/1/1 57/1/1 58/1/1 59/1/1 60/1/1 61/1/1 62/1/1 63/1/1 64/1/1 65/1/1 66/1/1 67/1/1 68/1/1 70/1/1 165/1/1 38/1/1 9/1/1 10/1/1 11/1/1 12/1/1 13/1/1 14/1/1 15/1/1 16/1/1 17/1/1 18/1/1 19/1/1 20/1/1 21/1/1 22/1/1 23/1/1 24/1/1 25/1/1 26/1/1 27/1/1 28/1/1 29/1/1 30/1/1 31/1/1 32/1/1 33/1/1 34/1/1 35/1/1 36/1/1 37/1/1 39/1/1 166/1/1
f 250/1/2 172/1/2 173/1/2 100/1/2 71/1/2 72/1/2 73/1/2 74/1/2 75/1/2 76/1/2 77/1/2 78/1/2 79/1/2 80/1/2 81/1/2 82/1/2 83/1/2 84/1/2 85/1/2 86/1/2 87/1/2 88/1/2 89/1/2 90/1/2 91/1/2 92/1/2 93/1/2 94/1/2 95/1/2 96/1/2 97/1/2 98/1/2 99/1/2 101/1/2 171/1/2 132/1/2 130/1/2 129/1/2 128/1/2 127/1/2 126/1/2 125/1/2 124/1/2 123/1/2 122/1/2 121/1/2 120/1/2 119/1/2 118/1/2 117/1/2 116/1/2 115/1/2 114/1/2 113/1/2 112/1/2 111/1/2 110/1/2 109/1/2 108/1/2 107/1/2 106/1/2 105/1/2 104/1/2 103/1/2 102/1/2 131/1/2 170/1/2 163/1/2 161/1/2 160/1/2 159/1/2 158/1/2 157/1/2 156/1/2 155/1/2 154/1/2 153/1/2 152/1/2 151/1/2 150/1/2 149/1/2 148/1/2 147/1/2 146/1/2 145/1/2 144/1/2 143/1/2 142/1/2 141/1/2 140/1/2 139/1/2 138/1/2 137/1/2 136/1/2 135/1/2 134/1/2 133/1/2 162/1/2 169/1/2 249/1/2 182/1/2 180/1/2 179/1/2 178/1/2 177/1/2 176/1/2 175/1/2 181/1/2 248/1/2 247/1/2 213/1/2 211/1/2 210/1/2 209/1/2 208/1/2 207/1/2 206/1/2 205/1/2 204/1/2 203/1/2 202/1/2 201/1/2 200/1/2 199/1/2 198/1/2 197/1/2 196/1/2 195/1/2 194/1/2 193/1/2 192/1/2 191/1/2 190/1/2 189/1/2 188/1/2 187/1/2 186/1/2 185/1/2 184/1/2 183/1/2 212/1/2 246/1/2 244/1/2 242/1/2 241/1/2 240/1/2 239/1/2 238/1/2 237/1/2 236/1/2 235/1/2 234/1/2 233/1/2 232/1/2 231/1/2 230/1/2 229/1/2 228/1/2 227/1/2 226/1/2 225/1/2 224/1/2 223/1/2 222/1/2 221/1/2 220/1/2 219/1/2 218/1/2 217/1/2 216/1/2 215/1/2 214/1/2 243/1/2 245/1/2
f 182/1/3 8/1/3 6/1/3 180/1/3
f 250/1/4 174/1/4 172/1/4
f 245/1/5 164/1/5 174/1/5 250/1/5
f 243/1/6 69/1/6 164/1/6 245/1/6
f 220/1/7 46/1/7 45/1/7 219/1/7
f 219/1/8 45/1/8 44/1/8 218/1/8
f 218/1/9 44/1/9 43/1/9 217/1/9
f 217/1/9 43/1/9 42/1/9 216/1/9
f 216/1/9 42/1/9 41/1/9 215/1/9
f 215/1/9 41/1/9 40/1/9 214/1/9
f 214/1/9 40/1/9 69/1/9 243/1/9
f 180/1/10 6/1/10 5/1/10 179/1/10
f 179/1/11 5/1/11 4/1/11 178/1/11
f 178/1/12 4/1/12 3/1/12 177/1/12
f 177/1/13 3/1/13 2/1/13 176/1/13
f 176/1/14 2/1/14 1/1/14 175/1/14
f 175/1/14 1/1/14 7/1/14 181/1/14
f 181/1/15 7/1/15 167/1/15 248/1/15
f 248/1/16 167/1/16 166/1/16 247/1/16
f 247/1/17 166/1/17 39/1/17 213/1/17
f 213/1/17 39/1/17 37/1/17 211/1/17
f 211/1/17 37/1/17 36/1/17 210/1/17
f 210/1/17 36/1/17 35/1/17 209/1/17
f 209/1/17 35/1/17 34/1/17 208/1/17
f 229/1/18 55/1/18 54/1/18 228/1/18
f 228/1/19 54/1/19 53/1/19 227/1/19
f 227/1/20 53/1/20 52/1/20 226/1/20
f 226/1/21 52/1/21 51/1/21 225/1/21
f 225/1/22 51/1/22 50/1/22 224/1/22
f 224/1/23 50/1/23 49/1/23 223/1/23
f 223/1/24 49/1/24 48/1/24 222/1/24
f 222/1/25 48/1/25 47/1/25 221/1/25
f 221/1/26 47/1/26 46/1/26 220/1/26
f 237/1/27 63/1/27 62/1/27 236/1/27
f 236/1/28 62/1/28 61/1/28 235/1/28
f 235/1/29 61/1/29 60/1/29 234/1/29
f 234/1/30 60/1/30 59/1/30 233/1/30
f 233/1/31 59/1/31 58/1/31 232/1/31
f 232/1/32 58/1/32 57/1/32 231/1/32
f 231/1/33 57/1/33 56/1/33 230/1/33
f 230/1/34 56/1/34 55/1/34 229/1/34
f 244/1/35 70/1/35 68/1/35 242/1/35
f 242/1/35 68/1/35 67/1/35 241/1/35
f 241/1/35 67/1/35 66/1/35 240/1/35
f 240/1/35 66/1/35 65/1/35 239/1/35
f 239/1/36 65/1/36 64/1/36 238/1/36
f 238/1/36 64/1/36 63/1/36 237/1/36
f 208/1/17 34/1/17 33/1/17 207/1/17
f 207/1/17 33/1/17 32/1/17 206/1/17
f 206/1/17 32/1/17 31/1/17 205/1/17
f 205/1/17 31/1/17 30/1/17 204/1/17
f 204/1/17 30/1/17 29/1/17 203/1/17
f 203/1/37 29/1/37 28/1/37 202/1/37
f 202/1/38 28/1/38 27/1/38 201/1/38
f 201/1/39 27/1/39 26/1/39 200/1/39
f 200/1/40 26/1/40 25/1/40 199/1/40
f 199/1/41 25/1/41 24/1/41 198/1/41
f 198/1/42 24/1/42 23/1/42 197/1/42
f 197/1/43 23/1/43 22/1/43 196/1/43
f 196/1/44 22/1/44 21/1/44 195/1/44
f 195/1/45 21/1/45 20/1/45 194/1/45
f 194/1/46 20/1/46 19/1/46 193/1/46
f 193/1/47 19/1/47 18/1/47 192/1/47
f 192/1/48 18/1/48 17/1/48 191/1/48
f 191/1/48 17/1/48 16/1/48 190/1/48
f 190/1/48 16/1/48 15/1/48 189/1/48
f 189/1/48 15/1/48 14/1/48 188/1/48
f 188/1/48 14/1/48 13/1/48 187/1/48
f 187/1/48 13/1/48 12/1/48 186/1/48
f 186/1/49 12/1/49 11/1/49 185/1/49
f 185/1/48 11/1/48 10/1/48 184/1/48
f 184/1/48 10/1/48 9/1/48 183/1/48
f 183/1/48 9/1/48 38/1/48 212/1/48
f 212/1/50 38/1/50 165/1/50 246/1/50
f 246/1/35 165/1/35 70/1/35 244/1/35
f 417/1/51 257/1/51 251/1/51 252/1/51 253/1/51 254/1/51 255/1/51 256/1/51 258/1/51 418/1/51 419/1/51 412/1/51 383/1/51 384/1/51 385/1/51 386/1/51 387/1/51 388/1/51 389/1/51 390/1/51 391/1/51 392/1/51 393/1/51 394/1/51 395/1/51 396/1/51 397/1/51 398/1/51 399/1/51 400/1/51 401/1/51 402/1/51 403/1/51 404/1/51 405/1/51 406/1/51 407/1/51 408/1/51 409/1/51 410/1/51 411/1/51 413/1/51 420/1/51 381/1/51 352/1/51 353/1/51 354/1/51 355/1/51 356/1/51 357/1/51 358/1/51 359/1/51 360/1/51 361/1/51 362/1/51 363/1/51 364/1/51 365/1/51 366/1/51 367/1/51 368/1/51 369/1/51 370/1/51 371/1/51 372/1/51 373/1/51 374/1/51 375/1/51 376/1/51 377/1/51 378/1/51 379/1/51 380/1/51 382/1/51 421/1/51 351/1/51 349/1/51 348/1/51 347/1/51 346/1/51 345/1/51 344/1/51 343/1/51 342/1/51 341/1/51 340/1/51 339/1/51 338/1/51 337/1/51 336/1/51 335/1/51 334/1/51 333/1/51 332/1/51 331/1/51 330/1/51 329/1/51 328/1/51 327/1/51 326/1/51 325/1/51 324/1/51 323/1/51 322/1/51 321/1/51 350/1/51 423/1/51 422/1/51 424/1/51 414/1/51 319/1/51 290/1/51 291/1/51 292/1/51 293/1/51 294/1/51 295/1/51 296/1/51 297/1/51 298/1/51 299/1/51 300/1/51 301/1/51 302/1/51 303/1/51 304/1/51 305/1/51 306/1/51 307/1/51 308/1/51 309/1/51 310/1/51 311/1/51 312/1/51 313/1/51 314/1/51 315/1/51 316/1/51 317/1/51 318/1/51 320/1/51 415/1/51 288/1/51 259/1/51 260/1/51 261/1/51 262/1/51 263/1/51 264/1/51 265/1/51 266/1/51 267/1/51 268/1/51 269/1/51 270/1/51 271/1/51 272/1/51 273/1/51 274/1/51 275/1/51 276/1/51 277/1/51 278/1/51 279/1/51 280/1/51 281/1/51 282/1/51 283/1/51 284/1/51 285/1/51 286/1/51 287/1/51 289/1/51 416/1/51
f 500/1/52 422/1/52 423/1/52 350/1/52 321/1/52 322/1/52 323/1/52 324/1/52 325/1/52 326/1/52 327/1/52 328/1/52 329/1/52 330/1/52 331/1/52 332/1/52 333/1/52 334/1/52 335/1/52 336/1/52 337/1/52 338/1/52 339/1/52 340/1/52 341/1/52 342/1/52 343/1/52 344/1/52 345/1/52 346/1/52 347/1/52 348/1/52 349/1/52 351/1/52 421/1/52 382/1/52 380/1/52 379/1/52 378/1/52 377/1/52 376/1/52 375/1/52 374/1/52 373/1/52 372/1/52 371/1/52 370/1/52 369/1/52 368/1/52 367/1/52 366/1/52 365/1/52 364/1/52 363/1/52 362/1/52 361/1/52 360/1/52 359/1/52 358/1/52 357/1/52 356/1/52 355/1/52 354/1/52 353/1/52 352/1/52 381/1/52 420/1/52 413/1/52 411/1/52 410/1/52 409/1/52 408/1/52 407/1/52 406/1/52 405/1/52 404/1/52 403/1/52 402/1/52 401/1/52 400/1/52 399/1/52 398/1/52 397/1/52 396/1/52 395/1/52 394/1/52 393/1/52 392/1/52 391/1/52 390/1/52 389/1/52 388/1/52 387/1/52 386/1/52 385/1/52 384/1/52 383/1/52 412/1/52 419/1/52 499/1/52 432/1/52 430/1/52 429/1/52 428/1/52 427/1/52 426/1/52 425/1/52 431/1/52 498/1/52 497/1/52 463/1/52 461/1/52 460/1/52 459/1/52 458/1/52 457/1/52 456/1/52 455/1/52 454/1/52 453/1/52 452/1/52 451/1/52 450/1/52 449/1/52 448/1/52 447/1/52 446/1/52 445/1/52 444/1/52 443/1/52 442/1/52 441/1/52 440/1/52 439/1/52 438/1/52 437/1/52 436/1/52 435/1/52 434/1/52 433/1/52 462/1/52 496/1/52 494/1/52 492/1/52 491/1/52 490/1/52 489/1/52 488/1/52 487/1/52 486/1/52 485/1/52 484/1/52 483/1/52 482/1/52 481/1/52 480/1/52 479/1/52 478/1/52 477/1/52 476/1/52 475/1/52 474/1/52 473/1/52 472/1/52 471/1/52 470/1/52 469/1/52 468/1/52 467/1/52 466/1/52 465/1/52 464/1/52 493/1/52 495/1/52
f 432/1/53 258/1/53 256/1/53 430/1/53
f 500/1/54 424/1/54 422/1/54
f 495/1/55 414/1/55 424/1/55 500/1/55
f 493/1/56 319/1/56 414/1/56 495/1/56
f 470/1/57 296/1/57 295/1/57 469/1/57
f 469/1/58 295/1/58 294/1/58 468/1/58
f 468/1/59 294/1/59 293/1/59 467/1/59
f 467/1/59 293/1/59 292/1/59 466/1/59
f 466/1/59 292/1/59 291/1/59 465/1/59
f 465/1/59 291/1/59 290/1/59 464/1/59
f 464/1/59 290/1/59 319/1/59 493/1/59
f 430/1/60 256/1/60 255/1/60 429/1/60
f 429/1/61 255/1/61 254/1/61 428/1/61
f 428/1/62 254/1/62 253/1/62 427/1/62
f 427/1/63 253/1/63 252/1/63 426/1/63
f 426/1/64 252/1/64 251/1/64 425/1/64
f 425/1/64 251/1/64 257/1/64 431/1/64
f 431/1/65 257/1/65 417/1/65 498/1/65
f 498/1/66 417/1/66 416/1/66 497/1/66
f 497/1/67 416/1/67 289/1/67 463/1/67
f 463/1/67 289/1/67 287/1/67 461/1/67
f 461/1/67 287/1/67 286/1/67 460/1/67
f 460/1/67 286/1/67 285/1/67 459/1/67
f 459/1/67 285/1/67 284/1/67 458/1/67
f 479/1/68 305/1/68 304/1/68 478/1/68
f 478/1/69 304/1/69 303/1/69 477/1/69
f 477/1/70 303/1/70 302/1/70 476/1/70
f 476/1/71 302/1/71 301/1/71 475/1/71
f 475/1/72 301/1/72 300/1/72 474/1/72
f 474/1/73 300/1/73 299/1/73 473/1/73
f 473/1/74 299/1/74 298/1/74 472/1/74
f 472/1/75 298/1/75 297/1/75 471/1/75
f 471/1/76 297/1/76 296/1/76 470/1/76
f 487/1/77 313/1/77 312/1/77 486/1/77
f 486/1/78 312/1/78 311/1/78 485/1/78
f 485/1/79 311/1/79 310/1/79 484/1/79
f 484/1/80 310/1/80 309/1/80 483/1/80
f 483/1/81 309/1/81 308/1/81 482/1/81
f 482/1/82 308/1/82 307/1/82 481/1/82
f 481/1/83 307/1/83 306/1/83 480/1/83
f 480/1/27 306/1/27 305/1/27 479/1/27
f 494/1/84 320/1/84 318/1/84 492/1/84
f 492/1/84 318/1/84 317/1/84 491/1/84
f 491/1/84 317/1/84 316/1/84 490/1/84
f 490/1/84 316/1/84 315/1/84 489/1/84
f 489/1/85 315/1/85 314/1/85 488/1/85
f 488/1/86 314/1/86 313/1/86 487/1/86
f 458/1/67 284/1/67 283/1/67 457/1/67
f 457/1/67 283/1/67 282/1/67 456/1/67
f 456/1/67 282/1/67 281/1/67 455/1/67
f 455/1/67 281/1/67 280/1/67 454/1/67
f 454/1/67 280/1/67 279/1/67 453/1/67
f 453/1/67 279/1/67 278/1/67 452/1/67
f 452/1/87 278/1/87 277/1/87 451/1/87
f 451/1/88 277/1/88 276/1/88 450/1/88
f 450/1/89 276/1/89 275/1/89 449/1/89
f 449/1/90 275/1/90 274/1/90 448/1/90
f 448/1/91 274/1/91 273/1/91 447/1/91
f 447/1/92 273/1/92 272/1/92 446/1/92
f 446/1/93 272/1/93 271/1/93 445/1/93
f 445/1/94 271/1/94 270/1/94 444/1/94
f 444/1/95 270/1/95 269/1/95 443/1/95
f 443/1/96 269/1/96 268/1/96 442/1/96
f 442/1/96 268/1/96 267/1/96 441/1/96
f 441/1/96 267/1/96 266/1/96 440/1/96
f 440/1/97 266/1/97 265/1/97 439/1/97
f 439/1/97 265/1/97 264/1/97 438/1/97
f 438/1/97 264/1/97 263/1/97 437/1/97
f 437/1/97 263/1/97 262/1/97 436/1/97
f 436/1/97 262/1/97 261/1/97 435/1/97
f 435/1/97 261/1/97 260/1/97 434/1/97
f 434/1/97 260/1/97 259/1/97 433/1/97
f 433/1/97 259/1/97 288/1/97 462/1/97
f 462/1/98 288/1/98 415/1/98 496/1/98
f 496/1/84 415/1/84 320/1/84 494/1/84
f 8/1/99 182/1/99 249/1/99 499/1/99 432/1/99 258/1/99 418/1/99 168/1/99
f 169/1/100 419/1/100 499/1/100 249/1/100
f 168/1/101 418/1/101 419/1/101 169/1/101
l 8 169
l 258 419
o Cylinder
v 1.813646 -0.533781 -0.071886
v 1.814425 -0.530874 -0.073733
v 1.815223 -0.527895 -0.075454
v 1.816039 -0.524850 -0.077047
v 1.816871 -0.521744 -0.078507
v 1.817718 -0.518583 -0.079834
v 1.818579 -0.515371 -0.081024
v 1.819451 -0.512114 -0.082076
v 1.820335 -0.508818 -0.082988
v 1.821227 -0.505489 -0.083758
v 1.822126 -0.502132 -0.084384
v 1.823032 -0.498752 -0.084867
v 1.823942 -0.495356 -0.085204
v 1.824854 -0.491950 -0.085396
v 1.825768 -0.488539 -0.085442
v 1.826682 -0.485129 -0.085342
v 1.827594 -0.481726 -0.085097
v 1.828502 -0.478335 -0.084706
v 1.829406 -0.474963 -0.084170
v 1.830303 -0.471616 -0.083490
v 1.831192 -0.468298 -0.082668
v 1.832071 -0.465016 -0.081705
v 1.832940 -0.461775 -0.080601
v 1.833796 -0.458581 -0.079361
v 1.834637 -0.455439 -0.077984
v 1.835464 -0.452355 -0.076475
v 1.836273 -0.449334 -0.074834
v 1.837065 -0.446381 -0.073066
v 1.837836 -0.443501 -0.071173
v 1.838587 -0.440699 -0.069159
v 1.839316 -0.437980 -0.067026
v 1.840021 -0.435348 -0.064779
v 1.840701 -0.432808 -0.062421
v 1.841356 -0.430365 -0.059956
v 1.841984 -0.428022 -0.057389
v 1.842584 -0.425783 -0.054724
v 1.843155 -0.423653 -0.051966
v 1.843695 -0.421635 -0.049119
v 1.844205 -0.419732 -0.046187
v 1.844683 -0.417947 -0.043177
v 1.845129 -0.416285 -0.040093
v 1.845541 -0.414746 -0.036941
v 1.845919 -0.413336 -0.033725
v 1.846262 -0.412054 -0.030452
v 1.846570 -0.410904 -0.027127
v 1.846843 -0.409888 -0.023756
v 1.847079 -0.409008 -0.020344
v 1.847278 -0.408264 -0.016897
v 1.847440 -0.407659 -0.013421
v 1.847565 -0.407193 -0.009922
v 1.847652 -0.406867 -0.006407
v 1.847702 -0.406681 -0.002880
v 1.847714 -0.406637 0.000651
v 1.847688 -0.406733 0.004182
v 1.847625 -0.406971 0.007705
v 1.847523 -0.407348 0.011215
v 1.847385 -0.407866 0.014706
v 1.847209 -0.408522 0.018171
v 1.846996 -0.409317 0.021606
v 1.846746 -0.410247 0.025004
v 1.846461 -0.411313 0.028359
v 1.846140 -0.412511 0.031666
v 1.845784 -0.413841 0.034918
v 1.845393 -0.415299 0.038111
v 1.844968 -0.416883 0.041239
v 1.844511 -0.418591 0.044296
v 1.844021 -0.420420 0.047278
v 1.843499 -0.422366 0.050179
v 1.842947 -0.424426 0.052994
v 1.842366 -0.426596 0.055718
v 1.841756 -0.428874 0.058348
v 1.841118 -0.431254 0.060877
v 1.840453 -0.433734 0.063303
v 1.839764 -0.436308 0.065621
v 1.839050 -0.438973 0.067826
v 1.838313 -0.441723 0.069916
v 1.837554 -0.444554 0.071886
v 1.836775 -0.447462 0.073733
v 1.835977 -0.450441 0.075454
v 1.835161 -0.453486 0.077047
v 1.834329 -0.456592 0.078507
v 1.833481 -0.459753 0.079834
v 1.832621 -0.462965 0.081024
v 1.831748 -0.466222 0.082076
v 1.830865 -0.469517 0.082988
v 1.829973 -0.472847 0.083757
v 1.829073 -0.476204 0.084384
v 1.828168 -0.479584 0.084867
v 1.827258 -0.482979 0.085204
v 1.826345 -0.486386 0.085396
v 1.825431 -0.489797 0.085442
v 1.824517 -0.493207 0.085342
v 1.823606 -0.496610 0.085097
v 1.822697 -0.500000 0.084706
v 1.821794 -0.503372 0.084170
v 1.820897 -0.506720 0.083490
v 1.820008 -0.510038 0.082668
v 1.819128 -0.513320 0.081704
v 1.818260 -0.516561 0.080601
v 1.817404 -0.519754 0.079361
v 1.816562 -0.522896 0.077984
v 1.815736 -0.525980 0.076475
v 1.814926 -0.529001 0.074834
v 1.814135 -0.531955 0.073066
v 1.813363 -0.534835 0.071173
v 1.812613 -0.537637 0.069159
v 1.811884 -0.540356 0.067026
v 1.811179 -0.542988 0.064779
v 1.810498 -0.545527 0.062421
v 1.809844 -0.547971 0.059956
v 1.809216 -0.550314 0.057389
v 1.808616 -0.552552 0.054724
v 1.808045 -0.554683 0.051966
v 1.807504 -0.556701 0.049119
v 1.806994 -0.558604 0.046187
v 1.806516 -0.560388 0.043177
v 1.806071 -0.562051 0.040093
v 1.805659 -0.563589 0.036941
v 1.805281 -0.565000 0.033725
v 1.804937 -0.566282 0.030452
v 1.804629 -0.567431 0.027127
v 1.804357 -0.568447 0.023756
v 1.804121 -0.569328 0.020344
v 1.803922 -0.570071 0.016897
v 1.803760 -0.570677 0.013421
v 1.803635 -0.571143 0.009922
v 1.803547 -0.571469 0.006407
v 1.803498 -0.571654 0.002880
v 1.803486 -0.571699 -0.000651
v 1.803512 -0.571602 -0.004182
v 1.803575 -0.571365 -0.007705
v 1.803676 -0.570987 -0.011215
v 1.803815 -0.570470 -0.014706
v 1.803991 -0.569813 -0.018171
v 1.804204 -0.569019 -0.021606
v 1.804453 -0.568088 -0.025004
v 1.804739 -0.567023 -0.028359
v 1.805060 -0.565824 -0.031666
v 1.805416 -0.564495 -0.034918
v 1.805807 -0.563037 -0.038111
v 1.806231 -0.561452 -0.041239
v 1.806689 -0.559744 -0.044296
v 1.807179 -0.557916 -0.047278
v 1.807700 -0.555970 -0.050179
v 1.808252 -0.553910 -0.052994
v 1.808834 -0.551739 -0.055718
v 1.809444 -0.549462 -0.058348
v 1.810082 -0.547081 -0.060877
v 1.810746 -0.544602 -0.063303
v 1.811436 -0.542028 -0.065621
v 1.812150 -0.539363 -0.067826
v 1.812887 -0.536613 -0.069916
v -3.440194 0.879909 -0.057593
v -3.440801 0.877643 -0.055872
v -3.441389 0.875448 -0.054055
v -3.441957 0.873328 -0.052146
v -3.442505 0.871285 -0.050148
v -3.443030 0.869324 -0.048064
v -3.443533 0.867448 -0.045898
v -3.444012 0.865660 -0.043654
v -3.444467 0.863963 -0.041335
v -3.444896 0.862360 -0.038945
v -3.445300 0.860854 -0.036489
v -3.445677 0.859447 -0.033971
v -3.446026 0.858142 -0.031394
v -3.446348 0.856941 -0.028764
v -3.446642 0.855846 -0.026085
v -3.446906 0.854858 -0.023361
v -3.447141 0.853981 -0.020598
v -3.447347 0.853214 -0.017799
v -3.447522 0.852560 -0.014969
v -3.447667 0.852019 -0.012114
v -3.447781 0.851593 -0.009239
v -3.447865 0.851282 -0.006347
v -3.447917 0.851086 -0.003445
v -3.447938 0.851007 -0.000537
v -3.447928 0.851043 0.002372
v -3.447887 0.851196 0.005277
v -3.447816 0.851465 0.008173
v -3.447713 0.851849 0.011055
v -3.447579 0.852347 0.013918
v -3.447415 0.852960 0.016757
v -3.447221 0.853685 0.019568
v -3.446996 0.854522 0.022345
v -3.446743 0.855469 0.025084
v -3.446460 0.856525 0.027781
v -3.446148 0.857687 0.030429
v -3.445809 0.858954 0.033026
v -3.445442 0.860323 0.035566
v -3.445048 0.861793 0.038046
v -3.444628 0.863361 0.040461
v -3.444182 0.865024 0.042806
v -3.443712 0.866778 0.045078
v -3.443218 0.868622 0.047274
v -3.442701 0.870552 0.049388
v -3.442162 0.872565 0.051418
v -3.441601 0.874657 0.053361
v -3.441020 0.876825 0.055212
v -3.440420 0.879065 0.056969
v -3.439801 0.881373 0.058628
v -3.439166 0.883746 0.060187
v -3.438514 0.886178 0.061644
v -3.437847 0.888667 0.062995
v -3.437166 0.891208 0.064239
v -3.436473 0.893796 0.065372
v -3.435768 0.896427 0.066395
v -3.435053 0.899096 0.067303
v -3.434328 0.901800 0.068097
v -3.433596 0.904533 0.068774
v -3.432857 0.907290 0.069334
v -3.432113 0.910068 0.069775
v -3.431365 0.912861 0.070098
v -3.430613 0.915664 0.070300
v -3.429861 0.918473 0.070382
v -3.429108 0.921283 0.070344
v -3.428356 0.924089 0.070186
v -3.427606 0.926886 0.069908
v -3.426861 0.929670 0.069511
v -3.426120 0.932436 0.068994
v -3.425385 0.935178 0.068360
v -3.424657 0.937893 0.067609
v -3.423938 0.940576 0.066743
v -3.423229 0.943221 0.065762
v -3.422532 0.945826 0.064670
v -3.421846 0.948384 0.063466
v -3.421174 0.950893 0.062155
v -3.420516 0.953346 0.060737
v -3.419875 0.955741 0.059215
v -3.419250 0.958074 0.057592
v -3.418643 0.960339 0.055871
v -3.418055 0.962534 0.054054
v -3.417486 0.964655 0.052145
v -3.416939 0.966697 0.050147
v -3.416414 0.968658 0.048063
v -3.415911 0.970534 0.045897
v -3.415432 0.972322 0.043653
v -3.414977 0.974019 0.041334
v -3.414548 0.975622 0.038944
v -3.414144 0.977128 0.036488
v -3.413767 0.978535 0.033970
v -3.413417 0.979840 0.031393
v -3.413095 0.981042 0.028763
v -3.412802 0.982137 0.026084
v -3.412538 0.983124 0.023360
v -3.412302 0.984002 0.020596
v -3.412097 0.984768 0.017797
v -3.411922 0.985423 0.014968
v -3.411777 0.985963 0.012113
v -3.411663 0.986390 0.009238
v -3.411579 0.986701 0.006346
v -3.411527 0.986896 0.003444
v -3.411505 0.986976 0.000536
v -3.411515 0.986939 -0.002373
v -3.411556 0.986786 -0.005278
v -3.411628 0.986518 -0.008174
v -3.411731 0.986134 -0.011056
v -3.411865 0.985635 -0.013919
v -3.412029 0.985023 -0.016759
v -3.412223 0.984297 -0.019569
v -3.412447 0.983460 -0.022347
v -3.412701 0.982513 -0.025086
v -3.412984 0.981458 -0.027782
v -3.413295 0.980296 -0.030431
v -3.413635 0.979028 -0.033027
v -3.414002 0.977659 -0.035568
v -3.414396 0.976189 -0.038047
v -3.414816 0.974621 -0.040462
v -3.415261 0.972959 -0.042807
v -3.415731 0.971204 -0.045080
v -3.416225 0.969360 -0.047275
v -3.416743 0.967430 -0.049389
v -3.417282 0.965417 -0.051420
v -3.417843 0.963325 -0.053362
v -3.418423 0.961157 -0.055213
v -3.419024 0.958917 -0.056970
v -3.419642 0.956609 -0.058629
v -3.420278 0.954237 -0.060189
v -3.420930 0.951804 -0.061645
v -3.421597 0.949315 -0.062996
v -3.422277 0.946775 -0.064240
v -3.422971 0.944187 -0.065374
v -3.423676 0.941556 -0.066396
v -3.424391 0.938886 -0.067304
v -3.425115 0.936183 -0.068098
v -3.425848 0.933450 -0.068775
v -3.426587 0.930692 -0.069335
v -3.427331 0.927915 -0.069777
v -3.428079 0.925122 -0.070099
v -3.428830 0.922318 -0.070301
v -3.429583 0.919509 -0.070383
v -3.430336 0.916699 -0.070345
v -3.431088 0.913893 -0.070187
v -3.431837 0.911096 -0.069909
v -3.432583 0.908312 -0.069512
v -3.433324 0.905547 -0.068996
v -3.434059 0.902804 -0.068361
v -3.434787 0.900089 -0.067611
v -3.435505 0.897407 -0.066744
v -3.436214 0.894761 -0.065764
v -3.436912 0.892157 -0.064671
v -3.437598 0.889598 -0.063468
v -3.438270 0.887090 -0.062156
v -3.438927 0.884636 -0.060738
v -3.439569 0.882241 -0.059216
v 1.870206 -0.554514 -0.073411
v 1.869433 -0.557402 -0.071217
v 1.868683 -0.560200 -0.068902
v 1.867959 -0.562902 -0.066468
v 1.867261 -0.565506 -0.063921
v 1.866591 -0.568006 -0.061265
v 1.865951 -0.570397 -0.058504
v 1.865340 -0.572676 -0.055643
v 1.864760 -0.574839 -0.052688
v 1.864213 -0.576882 -0.049642
v 1.863698 -0.578802 -0.046511
v 1.863218 -0.580596 -0.043301
v 1.862772 -0.582259 -0.040017
v 1.862362 -0.583790 -0.036664
v 1.861988 -0.585186 -0.033249
v 1.861651 -0.586445 -0.029777
v 1.861351 -0.587563 -0.026254
v 1.861089 -0.588541 -0.022687
v 1.860866 -0.589374 -0.019080
v 1.860681 -0.590064 -0.015441
v 1.860535 -0.590607 -0.011776
v 1.860429 -0.591004 -0.008090
v 1.860362 -0.591253 -0.004391
v 1.860335 -0.591354 -0.000684
v 1.860348 -0.591308 0.003024
v 1.860400 -0.591113 0.006727
v 1.860492 -0.590771 0.010418
v 1.860623 -0.590281 0.014092
v 1.860793 -0.589646 0.017741
v 1.861002 -0.588865 0.021361
v 1.861250 -0.587940 0.024943
v 1.861536 -0.586874 0.028483
v 1.861859 -0.585666 0.031975
v 1.862220 -0.584321 0.035412
v 1.862617 -0.582839 0.038788
v 1.863050 -0.581224 0.042098
v 1.863517 -0.579478 0.045336
v 1.864019 -0.577605 0.048497
v 1.864555 -0.575607 0.051574
v 1.865123 -0.573487 0.054564
v 1.865722 -0.571251 0.057461
v 1.866352 -0.568900 0.060259
v 1.867011 -0.566440 0.062954
v 1.867698 -0.563874 0.065542
v 1.868413 -0.561208 0.068018
v 1.869153 -0.558444 0.070377
v 1.869918 -0.555589 0.072617
v 1.870707 -0.552647 0.074732
v 1.871517 -0.549623 0.076720
v 1.872348 -0.546522 0.078576
v 1.873198 -0.543350 0.080298
v 1.874066 -0.540112 0.081883
v 1.874949 -0.536813 0.083329
v 1.875848 -0.533459 0.084631
v 1.876760 -0.530056 0.085790
v 1.877683 -0.526610 0.086801
v 1.878617 -0.523127 0.087665
v 1.879559 -0.519612 0.088378
v 1.880507 -0.516071 0.088941
v 1.881461 -0.512511 0.089352
v 1.882419 -0.508938 0.089610
v 1.883378 -0.505357 0.089714
v 1.884338 -0.501776 0.089666
v 1.885296 -0.498199 0.089464
v 1.886251 -0.494633 0.089110
v 1.887202 -0.491085 0.088603
v 1.888147 -0.487560 0.087945
v 1.889084 -0.484064 0.087137
v 1.890011 -0.480603 0.086180
v 1.890927 -0.477184 0.085075
v 1.891831 -0.473811 0.083826
v 1.892720 -0.470492 0.082433
v 1.893594 -0.467231 0.080899
v 1.894451 -0.464033 0.079227
v 1.895289 -0.460906 0.077420
v 1.896107 -0.457853 0.075480
v 1.896903 -0.454880 0.073411
v 1.897677 -0.451992 0.071217
v 1.898427 -0.449194 0.068902
v 1.899151 -0.446491 0.066468
v 1.899849 -0.443888 0.063921
v 1.900519 -0.441388 0.061265
v 1.901159 -0.438997 0.058504
v 1.901770 -0.436718 0.055643
v 1.902350 -0.434555 0.052687
v 1.902897 -0.432511 0.049642
v 1.903412 -0.430591 0.046511
v 1.903892 -0.428798 0.043301
v 1.904338 -0.427135 0.040017
v 1.904748 -0.425604 0.036664
v 1.905122 -0.424208 0.033249
v 1.905459 -0.422949 0.029777
v 1.905759 -0.421830 0.026254
v 1.906021 -0.420853 0.022686
v 1.906244 -0.420019 0.019080
v 1.906429 -0.419330 0.015441
v 1.906575 -0.418786 0.011776
v 1.906681 -0.418390 0.008090
v 1.906748 -0.418141 0.004391
v 1.906775 -0.418039 0.000684
v 1.906762 -0.418086 -0.003024
v 1.906710 -0.418281 -0.006727
v 1.906618 -0.418623 -0.010419
v 1.906487 -0.419113 -0.014092
v 1.906317 -0.419748 -0.017742
v 1.906108 -0.420529 -0.021361
v 1.905860 -0.421453 -0.024943
v 1.905574 -0.422520 -0.028484
v 1.905251 -0.423727 -0.031975
v 1.904890 -0.425073 -0.035412
v 1.904493 -0.426554 -0.038788
v 1.904060 -0.428169 -0.042098
v 1.903593 -0.429915 -0.045336
v 1.903091 -0.431789 -0.048497
v 1.902555 -0.433787 -0.051575
v 1.901987 -0.435906 -0.054564
v 1.901388 -0.438143 -0.057461
v 1.900758 -0.440494 -0.060259
v 1.900099 -0.442954 -0.062954
v 1.899412 -0.445519 -0.065542
v 1.898697 -0.448186 -0.068018
v 1.897957 -0.450949 -0.070377
v 1.897192 -0.453805 -0.072617
v 1.896403 -0.456747 -0.074732
v 1.895593 -0.459771 -0.076720
v 1.894762 -0.462872 -0.078576
v 1.893912 -0.466044 -0.080298
v 1.893044 -0.469282 -0.081883
v 1.892160 -0.472581 -0.083329
v 1.891262 -0.475935 -0.084632
v 1.890350 -0.479337 -0.085790
v 1.889427 -0.482783 -0.086801
v 1.888493 -0.486267 -0.087665
v 1.887551 -0.489782 -0.088378
v 1.886603 -0.493323 -0.088941
v 1.885649 -0.496883 -0.089352
v 1.884691 -0.500456 -0.089610
v 1.883732 -0.504036 -0.089715
v 1.882772 -0.507618 -0.089666
v 1.881814 -0.511195 -0.089465
v 1.880859 -0.514760 -0.089110
v 1.879908 -0.518309 -0.088603
v 1.878963 -0.521834 -0.087945
v 1.878026 -0.525330 -0.087137
v 1.877099 -0.528790 -0.086180
v 1.876183 -0.532210 -0.085076
v 1.875279 -0.535582 -0.083826
v 1.874390 -0.538902 -0.082433
v 1.873516 -0.542163 -0.080899
v 1.872659 -0.545360 -0.079227
v 1.871821 -0.548488 -0.077420
v 1.871003 -0.551541 -0.075480
v 1.861344 -0.548953 -0.075480
v 1.862162 -0.545900 -0.077420
v 1.863000 -0.542772 -0.079227
v 1.863857 -0.539575 -0.080899
v 1.864730 -0.536314 -0.082433
v 1.865620 -0.532994 -0.083826
v 1.866524 -0.529622 -0.085076
v 1.867440 -0.526202 -0.086180
v 1.868367 -0.522742 -0.087137
v 1.869304 -0.519246 -0.087945
v 1.870248 -0.515721 -0.088603
v 1.871199 -0.512172 -0.089110
v 1.872155 -0.508607 -0.089465
v 1.873113 -0.505030 -0.089666
v 1.874073 -0.501448 -0.089715
v 1.875032 -0.497868 -0.089610
v 1.875990 -0.494294 -0.089352
v 1.876943 -0.490734 -0.088941
v 1.877892 -0.487194 -0.088378
v 1.878834 -0.483679 -0.087665
v 1.879767 -0.480195 -0.086801
v 1.880691 -0.476749 -0.085790
v 1.881603 -0.473346 -0.084632
v 1.882501 -0.469993 -0.083329
v 1.883385 -0.466694 -0.081883
v 1.884253 -0.463456 -0.080298
v 1.885103 -0.460283 -0.078576
v 1.885934 -0.457183 -0.076720
v 1.886744 -0.454159 -0.074732
v 1.887532 -0.451217 -0.072617
v 1.888297 -0.448361 -0.070377
v 1.889038 -0.445598 -0.068018
v 1.889752 -0.442931 -0.065542
v 1.890440 -0.440366 -0.062954
v 1.891099 -0.437905 -0.060259
v 1.891729 -0.435555 -0.057461
v 1.892328 -0.433318 -0.054564
v 1.892896 -0.431199 -0.051575
v 1.893431 -0.429201 -0.048497
v 1.893933 -0.427327 -0.045336
v 1.894401 -0.425581 -0.042098
v 1.894834 -0.423966 -0.038788
v 1.895231 -0.422485 -0.035412
v 1.895591 -0.421139 -0.031975
v 1.895915 -0.419932 -0.028484
v 1.896201 -0.418865 -0.024943
v 1.896448 -0.417941 -0.021361
v 1.896658 -0.417160 -0.017742
v 1.896828 -0.416524 -0.014092
v 1.896959 -0.416035 -0.010419
v 1.897051 -0.415693 -0.006727
v 1.897103 -0.415498 -0.003024
v 1.897115 -0.415451 0.000684
v 1.897088 -0.415552 0.004391
v 1.897022 -0.415802 0.008090
v 1.896915 -0.416198 0.011776
v 1.896770 -0.416742 0.015441
v 1.896585 -0.417431 0.019080
v 1.896362 -0.418265 0.022686
v 1.896100 -0.419242 0.026254
v 1.895800 -0.420361 0.029777
v 1.895463 -0.421619 0.033249
v 1.895089 -0.423015 0.036664
v 1.894678 -0.424546 0.040017
v 1.894233 -0.426210 0.043301
v 1.893752 -0.428003 0.046511
v 1.893238 -0.429923 0.049642
v 1.892690 -0.431966 0.052687
v 1.892111 -0.434129 0.055643
v 1.891500 -0.436409 0.058504
v 1.890859 -0.438800 0.061265
v 1.890189 -0.441300 0.063921
v 1.889492 -0.443903 0.066468
v 1.888768 -0.446606 0.068902
v 1.888018 -0.449404 0.071217
v 1.887244 -0.452292 0.073411
v 1.886448 -0.455264 0.075480
v 1.885630 -0.458317 0.077420
v 1.884791 -0.461445 0.079227
v 1.883935 -0.464642 0.080899
v 1.883061 -0.467904 0.082433
v 1.882171 -0.471223 0.083826
v 1.881268 -0.474596 0.085075
v 1.880352 -0.478015 0.086180
v 1.879424 -0.481476 0.087137
v 1.878487 -0.484972 0.087945
v 1.877543 -0.488497 0.088603
v 1.876592 -0.492045 0.089110
v 1.875637 -0.495611 0.089464
v 1.874678 -0.499187 0.089666
v 1.873719 -0.502769 0.089714
v 1.872759 -0.506350 0.089610
v 1.871802 -0.509923 0.089352
v 1.870848 -0.513483 0.088941
v 1.869899 -0.517024 0.088378
v 1.868957 -0.520539 0.087665
v 1.868024 -0.524022 0.086801
v 1.867101 -0.527468 0.085790
v 1.866189 -0.530871 0.084631
v 1.865290 -0.534225 0.083329
v 1.864406 -0.537524 0.081883
v 1.863539 -0.540762 0.080298
v 1.862689 -0.543934 0.078576
v 1.861858 -0.547035 0.076720
v 1.861048 -0.550059 0.074732
v 1.860259 -0.553001 0.072617
v 1.859494 -0.555856 0.070377
v 1.858754 -0.558619 0.068018
v 1.858039 -0.561286 0.065542
v 1.857352 -0.563852 0.062954
v 1.856692 -0.566312 0.060259
v 1.856063 -0.568663 0.057461
v 1.855463 -0.570899 0.054564
v 1.854895 -0.573019 0.051574
v 1.854360 -0.575017 0.048497
v 1.853858 -0.576890 0.045336
v 1.853390 -0.578636 0.042098
v 1.852957 -0.580251 0.038788
v 1.852561 -0.581733 0.035412
v 1.852200 -0.583078 0.031975
v 1.851876 -0.584285 0.028483
v 1.851591 -0.585352 0.024943
v 1.851343 -0.586277 0.021361
v 1.851134 -0.587057 0.017741
v 1.850963 -0.587693 0.014092
v 1.850832 -0.588182 0.010418
v 1.850741 -0.588525 0.006727
v 1.850688 -0.588719 0.003024
v 1.850676 -0.588766 -0.000684
v 1.850703 -0.588665 -0.004391
v 1.850770 -0.588416 -0.008090
v 1.850876 -0.588019 -0.011776
v 1.851022 -0.587476 -0.015441
v 1.851206 -0.586786 -0.019080
v 1.851430 -0.585952 -0.022687
v 1.851692 -0.584975 -0.026254
v 1.851991 -0.583856 -0.029777
v 1.852329 -0.582598 -0.033249
v 1.852703 -0.581202 -0.036664
v 1.853113 -0.579671 -0.040017
v 1.853559 -0.578007 -0.043301
v 1.854039 -0.576214 -0.046511
v 1.854554 -0.574294 -0.049642
v 1.855101 -0.572251 -0.052688
v 1.855681 -0.570088 -0.055643
v 1.856291 -0.567809 -0.058504
v 1.856932 -0.565417 -0.061265
v 1.857602 -0.562918 -0.063921
v 1.858300 -0.560314 -0.066468
v 1.859024 -0.557611 -0.068902
v 1.859774 -0.554814 -0.071217
v 1.860547 -0.551926 -0.073411
v 1.854826 -0.573276 -0.104873
v 1.853720 -0.577401 -0.101739
v 1.852650 -0.581398 -0.098431
v 1.851615 -0.585259 -0.094955
v 1.850618 -0.588979 -0.091316
v 1.849661 -0.592550 -0.087522
v 1.848746 -0.595966 -0.083577
v 1.847874 -0.599222 -0.079491
v 1.847046 -0.602312 -0.075268
v 1.846264 -0.605231 -0.070917
v 1.845529 -0.607973 -0.066444
v 1.844842 -0.610535 -0.061858
v 1.844205 -0.612912 -0.057167
v 1.843619 -0.615099 -0.052377
v 1.843085 -0.617093 -0.047499
v 1.842603 -0.618891 -0.042539
v 1.842175 -0.620489 -0.037506
v 1.841801 -0.621885 -0.032409
v 1.841482 -0.623077 -0.027257
v 1.841218 -0.624061 -0.022059
v 1.841010 -0.624838 -0.016822
v 1.840858 -0.625404 -0.011557
v 1.840763 -0.625760 -0.006272
v 1.840724 -0.625905 -0.000977
v 1.840742 -0.625838 0.004320
v 1.840816 -0.625560 0.009610
v 1.840947 -0.625071 0.014883
v 1.841135 -0.624372 0.020131
v 1.841378 -0.623464 0.025345
v 1.841677 -0.622348 0.030515
v 1.842031 -0.621028 0.035633
v 1.842439 -0.619504 0.040691
v 1.842901 -0.617779 0.045678
v 1.843416 -0.615857 0.050588
v 1.843983 -0.613741 0.055411
v 1.844602 -0.611433 0.060140
v 1.845270 -0.608939 0.064766
v 1.845987 -0.606263 0.069281
v 1.846752 -0.603408 0.073678
v 1.847563 -0.600381 0.077949
v 1.848419 -0.597185 0.082087
v 1.849319 -0.593828 0.086084
v 1.850261 -0.590313 0.089935
v 1.851243 -0.586648 0.093631
v 1.852264 -0.582838 0.097168
v 1.853321 -0.578890 0.100539
v 1.854414 -0.574812 0.103738
v 1.855541 -0.570609 0.106760
v 1.856698 -0.566289 0.109599
v 1.857885 -0.561859 0.112251
v 1.859099 -0.557327 0.114712
v 1.860339 -0.552701 0.116976
v 1.861602 -0.547988 0.119041
v 1.862885 -0.543198 0.120902
v 1.864188 -0.538336 0.122557
v 1.865507 -0.533413 0.124002
v 1.866840 -0.528437 0.125235
v 1.868186 -0.523415 0.126255
v 1.869541 -0.518358 0.127058
v 1.870904 -0.513272 0.127645
v 1.872272 -0.508167 0.128014
v 1.873642 -0.503052 0.128163
v 1.875013 -0.497935 0.128094
v 1.876382 -0.492826 0.127806
v 1.877747 -0.487732 0.127300
v 1.879105 -0.482663 0.126576
v 1.880455 -0.477627 0.125636
v 1.881793 -0.472633 0.124482
v 1.883118 -0.467689 0.123114
v 1.884427 -0.462804 0.121536
v 1.885718 -0.457987 0.119751
v 1.886988 -0.453244 0.117761
v 1.888237 -0.448585 0.115570
v 1.889460 -0.444018 0.113181
v 1.890658 -0.439550 0.110599
v 1.891826 -0.435188 0.107828
v 1.892964 -0.430941 0.104873
v 1.894070 -0.426816 0.101739
v 1.895141 -0.422819 0.098431
v 1.896175 -0.418958 0.094955
v 1.897172 -0.415238 0.091316
v 1.898129 -0.411668 0.087521
v 1.899044 -0.408251 0.083577
v 1.899917 -0.404995 0.079491
v 1.900744 -0.401905 0.075268
v 1.901527 -0.398986 0.070917
v 1.902261 -0.396244 0.066444
v 1.902948 -0.393682 0.061858
v 1.903585 -0.391305 0.057167
v 1.904171 -0.389118 0.052377
v 1.904705 -0.387124 0.047498
v 1.905187 -0.385326 0.042539
v 1.905615 -0.383728 0.037506
v 1.905989 -0.382332 0.032409
v 1.906308 -0.381140 0.027257
v 1.906572 -0.380156 0.022058
v 1.906780 -0.379379 0.016822
v 1.906932 -0.378813 0.011557
v 1.907027 -0.378457 0.006272
v 1.907066 -0.378312 0.000977
v 1.907048 -0.378379 -0.004320
v 1.906974 -0.378657 -0.009610
v 1.906843 -0.379146 -0.014884
v 1.906655 -0.379845 -0.020132
v 1.906412 -0.380753 -0.025345
v 1.906113 -0.381869 -0.030515
v 1.905759 -0.383189 -0.035634
v 1.905351 -0.384713 -0.040691
v 1.904889 -0.386438 -0.045679
v 1.904374 -0.388360 -0.050588
v 1.903807 -0.390476 -0.055411
v 1.903189 -0.392784 -0.060140
v 1.902520 -0.395278 -0.064766
v 1.901803 -0.397954 -0.069281
v 1.901038 -0.400809 -0.073678
v 1.900227 -0.403836 -0.077949
v 1.899371 -0.407032 -0.082087
v 1.898471 -0.410389 -0.086084
v 1.897529 -0.413904 -0.089935
v 1.896547 -0.417569 -0.093631
v 1.895527 -0.421379 -0.097168
v 1.894469 -0.425327 -0.100539
v 1.893376 -0.429405 -0.103738
v 1.892250 -0.433608 -0.106760
v 1.891092 -0.437928 -0.109599
v 1.889905 -0.442358 -0.112252
v 1.888691 -0.446890 -0.114712
v 1.887451 -0.451516 -0.116976
v 1.886189 -0.456229 -0.119041
v 1.884905 -0.461019 -0.120902
v 1.883602 -0.465881 -0.122557
v 1.882283 -0.470804 -0.124002
v 1.880950 -0.475780 -0.125235
v 1.879604 -0.480802 -0.126255
v 1.878249 -0.485860 -0.127059
v 1.876886 -0.490945 -0.127645
v 1.875519 -0.496050 -0.128014
v 1.874148 -0.501165 -0.128164
v 1.872777 -0.506282 -0.128094
v 1.871408 -0.511391 -0.127806
v 1.870043 -0.516485 -0.127300
v 1.868685 -0.521554 -0.126576
v 1.867335 -0.526590 -0.125636
v 1.865997 -0.531584 -0.124482
v 1.864673 -0.536528 -0.123114
v 1.863364 -0.541413 -0.121536
v 1.862073 -0.546231 -0.119751
v 1.860802 -0.550973 -0.117761
v 1.859554 -0.555632 -0.115570
v 1.858330 -0.560199 -0.113181
v 1.857132 -0.564668 -0.110599
v 1.855964 -0.569029 -0.107829
v -3.352816 0.853055 -0.068147
v -3.352077 0.855811 -0.069898
v -3.351321 0.858635 -0.071530
v -3.350548 0.861522 -0.073039
v -3.349759 0.864466 -0.074424
v -3.348955 0.867463 -0.075682
v -3.348140 0.870508 -0.076810
v -3.347312 0.873595 -0.077807
v -3.346475 0.876720 -0.078671
v -3.345629 0.879876 -0.079401
v -3.344777 0.883059 -0.079995
v -3.343918 0.886262 -0.080453
v -3.343056 0.889481 -0.080773
v -3.342191 0.892711 -0.080955
v -3.341324 0.895944 -0.080998
v -3.340458 0.899177 -0.080904
v -3.339593 0.902403 -0.080671
v -3.338732 0.905617 -0.080300
v -3.337876 0.908814 -0.079792
v -3.337025 0.911987 -0.079148
v -3.336183 0.915132 -0.078368
v -3.335349 0.918244 -0.077455
v -3.334526 0.921316 -0.076409
v -3.333714 0.924344 -0.075233
v -3.332916 0.927322 -0.073928
v -3.332133 0.930245 -0.072497
v -3.331366 0.933109 -0.070942
v -3.330616 0.935909 -0.069266
v -3.329884 0.938639 -0.067471
v -3.329172 0.941295 -0.065562
v -3.328481 0.943873 -0.063540
v -3.327813 0.946368 -0.061410
v -3.327168 0.948776 -0.059174
v -3.326547 0.951092 -0.056838
v -3.325952 0.953313 -0.054405
v -3.325383 0.955435 -0.051878
v -3.324842 0.957455 -0.049263
v -3.324330 0.959368 -0.046564
v -3.323846 0.961172 -0.043785
v -3.323393 0.962864 -0.040932
v -3.322971 0.964440 -0.038008
v -3.322580 0.965898 -0.035020
v -3.322222 0.967236 -0.031972
v -3.321896 0.968450 -0.028869
v -3.321604 0.969540 -0.025717
v -3.321346 0.970503 -0.022521
v -3.321122 0.971338 -0.019286
v -3.320934 0.972043 -0.016018
v -3.320780 0.972617 -0.012723
v -3.320661 0.973059 -0.009407
v -3.320579 0.973368 -0.006074
v -3.320531 0.973544 -0.002731
v -3.320520 0.973586 0.000617
v -3.320545 0.973494 0.003963
v -3.320605 0.973269 0.007303
v -3.320701 0.972911 0.010631
v -3.320832 0.972420 0.013940
v -3.320999 0.971798 0.017226
v -3.321201 0.971045 0.020482
v -3.321437 0.970163 0.023703
v -3.321708 0.969153 0.026883
v -3.322012 0.968017 0.030018
v -3.322350 0.966756 0.033101
v -3.322720 0.965374 0.036128
v -3.323123 0.963872 0.039093
v -3.323557 0.962253 0.041991
v -3.324021 0.960520 0.044818
v -3.324515 0.958675 0.047568
v -3.325039 0.956722 0.050236
v -3.325590 0.954665 0.052819
v -3.326169 0.952505 0.055312
v -3.326773 0.950249 0.057710
v -3.327403 0.947898 0.060009
v -3.328057 0.945458 0.062206
v -3.328734 0.942932 0.064297
v -3.329432 0.940325 0.066278
v -3.330152 0.937641 0.068146
v -3.330890 0.934884 0.069897
v -3.331647 0.932061 0.071529
v -3.332420 0.929174 0.073038
v -3.333209 0.926230 0.074423
v -3.334012 0.923232 0.075681
v -3.334828 0.920188 0.076809
v -3.335655 0.917100 0.077806
v -3.336493 0.913976 0.078670
v -3.337338 0.910820 0.079400
v -3.338191 0.907637 0.079994
v -3.339049 0.904434 0.080451
v -3.339912 0.901214 0.080771
v -3.340777 0.897985 0.080953
v -3.341644 0.894752 0.080997
v -3.342510 0.891519 0.080902
v -3.343374 0.888293 0.080669
v -3.344235 0.885079 0.080299
v -3.345092 0.881882 0.079791
v -3.345942 0.878709 0.079146
v -3.346785 0.875564 0.078367
v -3.347619 0.872452 0.077454
v -3.348442 0.869380 0.076408
v -3.349253 0.866352 0.075232
v -3.350051 0.863374 0.073927
v -3.350835 0.860451 0.072496
v -3.351602 0.857586 0.070941
v -3.352352 0.854787 0.069265
v -3.353084 0.852057 0.067470
v -3.353796 0.849401 0.065561
v -3.354486 0.846823 0.063539
v -3.355155 0.844328 0.061408
v -3.355800 0.841920 0.059173
v -3.356421 0.839604 0.056837
v -3.357016 0.837383 0.054403
v -3.357584 0.835261 0.051877
v -3.358125 0.833241 0.049262
v -3.358638 0.831328 0.046563
v -3.359121 0.829524 0.043784
v -3.359575 0.827832 0.040931
v -3.359997 0.826256 0.038007
v -3.360388 0.824798 0.035019
v -3.360746 0.823460 0.031970
v -3.361072 0.822246 0.028868
v -3.361364 0.821156 0.025715
v -3.361622 0.820193 0.022519
v -3.361845 0.819358 0.019285
v -3.362034 0.818653 0.016017
v -3.362188 0.818079 0.012722
v -3.362306 0.817637 0.009406
v -3.362389 0.817328 0.006073
v -3.362436 0.817152 0.002730
v -3.362448 0.817110 -0.000618
v -3.362423 0.817202 -0.003965
v -3.362363 0.817427 -0.007305
v -3.362267 0.817785 -0.010632
v -3.362135 0.818275 -0.013941
v -3.361969 0.818898 -0.017227
v -3.361767 0.819651 -0.020483
v -3.361531 0.820533 -0.023704
v -3.361260 0.821543 -0.026884
v -3.360955 0.822679 -0.030019
v -3.360618 0.823939 -0.033102
v -3.360247 0.825322 -0.036129
v -3.359845 0.826824 -0.039094
v -3.359411 0.828443 -0.041992
v -3.358947 0.830176 -0.044819
v -3.358452 0.832021 -0.047569
v -3.357929 0.833974 -0.050238
v -3.357378 0.836031 -0.052820
v -3.356799 0.838190 -0.055313
v -3.356194 0.840447 -0.057711
v -3.355565 0.842798 -0.060011
v -3.354911 0.845238 -0.062208
v -3.354234 0.847764 -0.064298
v -3.353535 0.850371 -0.066279
v -3.440399 0.873930 -0.138258
v -3.438910 0.879487 -0.140052
v -3.444733 0.857755 -0.131470
v -3.443313 0.863055 -0.133963
v -3.448817 0.842515 -0.122664
v -3.447487 0.847476 -0.125816
v -3.450111 0.837684 -0.119302
v -3.451369 0.832991 -0.115737
v -3.452587 0.828444 -0.111973
v -3.453764 0.824052 -0.108019
v -3.454898 0.819821 -0.103880
v -3.455986 0.815758 -0.099563
v -3.457027 0.811872 -0.095076
v -3.458020 0.808168 -0.090427
v -3.458962 0.804653 -0.085624
v -3.459852 0.801333 -0.080674
v -3.460688 0.798213 -0.075586
v -3.461468 0.795298 -0.070369
v -3.462193 0.792595 -0.065032
v -3.462860 0.790107 -0.059584
v -3.463467 0.787838 -0.054034
v -3.464015 0.785793 -0.048391
v -3.464503 0.783975 -0.042666
v -3.464928 0.782387 -0.036869
v -3.465291 0.781032 -0.031008
v -3.465591 0.779911 -0.025094
v -3.465828 0.779028 -0.019137
v -3.466001 0.778384 -0.013148
v -3.465899 0.778763 0.016931
v -3.466048 0.778206 0.010932
v -3.466109 0.777979 -0.007136
v -3.466153 0.777814 -0.001112
v -3.466133 0.777890 0.004914
v -3.465686 0.779558 0.022901
v -3.465409 0.780591 0.028831
v -3.465069 0.781860 0.034713
v -3.464667 0.783362 0.040535
v -3.464202 0.785096 0.046288
v -3.463676 0.787058 0.051962
v -3.463091 0.789244 0.057547
v -3.462445 0.791652 0.063034
v -3.461742 0.794277 0.068413
v -3.460982 0.797114 0.073675
v -3.460166 0.800159 0.078812
v -3.459296 0.803406 0.083814
v -3.458373 0.806850 0.088672
v -3.457399 0.810485 0.093379
v -3.456376 0.814305 0.097927
v -3.455305 0.818303 0.102307
v -3.454187 0.822472 0.106512
v -3.453026 0.826806 0.110536
v -3.451823 0.831297 0.114370
v -3.450579 0.835937 0.118009
v -3.449298 0.840718 0.121447
v -3.447982 0.845632 0.124677
v -3.446631 0.850671 0.127694
v -3.445250 0.855827 0.130493
v -3.443840 0.861089 0.133069
v -3.442404 0.866450 0.135418
v -3.440943 0.871900 0.137535
v -3.439461 0.877430 0.139417
v -3.437961 0.883030 0.141061
v -3.436444 0.888691 0.142464
v -3.434913 0.894404 0.143624
v -3.433372 0.900158 0.144538
v -3.431821 0.905943 0.145205
v -3.430265 0.911750 0.145625
v -3.428706 0.917569 0.145795
v -3.427147 0.923389 0.145717
v -3.425589 0.929202 0.145389
v -3.424037 0.934996 0.144813
v -3.422491 0.940763 0.143990
v -3.420956 0.946492 0.142920
v -3.419434 0.952173 0.141607
v -3.417927 0.957797 0.140051
v -3.416438 0.963354 0.138256
v -3.414970 0.968834 0.136225
v -3.413524 0.974229 0.133962
v -3.412104 0.979529 0.131469
v -3.410712 0.984725 0.128752
v -3.409350 0.989808 0.125815
v -3.408020 0.994769 0.122663
v -3.406726 0.999600 0.119301
v -3.405468 1.004293 0.115735
v -3.404250 1.008840 0.111972
v -3.403073 1.013232 0.108017
v -3.401940 1.017463 0.103878
v -3.400851 1.021526 0.099562
v -3.399810 1.025412 0.095075
v -3.398817 1.029116 0.090426
v -3.397875 1.032631 0.085622
v -3.396986 1.035951 0.080672
v -3.396150 1.039071 0.075585
v -3.395369 1.041986 0.070368
v -3.394644 1.044689 0.065031
v -3.393978 1.047177 0.059583
v -3.393370 1.049446 0.054033
v -3.392822 1.051491 0.048390
v -3.392335 1.053309 0.042665
v -3.391909 1.054897 0.036867
v -3.391546 1.056252 0.031007
v -3.391246 1.057373 0.025093
v -3.391009 1.058256 0.019136
v -3.390836 1.058900 0.013147
v -3.390728 1.059305 0.007135
v -3.390684 1.059470 0.001111
v -3.390704 1.059394 -0.004915
v -3.390789 1.059078 -0.010933
v -3.390938 1.058521 -0.016932
v -3.391151 1.057726 -0.022902
v -3.391428 1.056693 -0.028833
v -3.391768 1.055424 -0.034714
v -3.392171 1.053922 -0.040536
v -3.392635 1.052188 -0.046289
v -3.393161 1.050226 -0.051963
v -3.393747 1.048040 -0.057548
v -3.394392 1.045632 -0.063035
v -3.395095 1.043007 -0.068414
v -3.395855 1.040170 -0.073677
v -3.396671 1.037126 -0.078813
v -3.397541 1.033878 -0.083815
v -3.398464 1.030434 -0.088673
v -3.399438 1.026799 -0.093380
v -3.400461 1.022979 -0.097928
v -3.401533 1.018981 -0.102308
v -3.402650 1.014812 -0.106513
v -3.403811 1.010478 -0.110537
v -3.405015 1.005987 -0.114371
v -3.406258 1.001347 -0.118011
v -3.407539 0.996566 -0.121448
v -3.408856 0.991652 -0.124678
v -3.410206 0.986613 -0.127695
v -3.411587 0.981457 -0.130494
v -3.412997 0.976195 -0.133070
v -3.414434 0.970834 -0.135419
v -3.415894 0.965384 -0.137536
v -3.417376 0.959854 -0.139418
v -3.418876 0.954254 -0.141062
v -3.420393 0.948593 -0.142465
v -3.421924 0.942880 -0.143625
v -3.423466 0.937127 -0.144539
v -3.425016 0.931341 -0.145207
v -3.426572 0.925534 -0.145626
v -3.428131 0.919715 -0.145796
v -3.429691 0.913895 -0.145718
v -3.431248 0.908082 -0.145390
v -3.432801 0.902288 -0.144814
v -3.434346 0.896521 -0.143991
v -3.435881 0.890792 -0.142921
v -3.437403 0.885111 -0.141608
v -3.441868 0.868450 -0.136227
v -3.446126 0.852559 -0.128753
v -3.452665 0.883250 -0.057593
v -3.453272 0.880985 -0.055872
v -3.453861 0.878790 -0.054055
v -3.454429 0.876669 -0.052146
v -3.454976 0.874627 -0.050148
v -3.455502 0.872666 -0.048064
v -3.456004 0.870790 -0.045898
v -3.456483 0.869002 -0.043654
v -3.456938 0.867305 -0.041335
v -3.457367 0.865702 -0.038945
v -3.457771 0.864196 -0.036489
v -3.458148 0.862789 -0.033971
v -3.458498 0.861484 -0.031394
v -3.458820 0.860283 -0.028764
v -3.459113 0.859187 -0.026085
v -3.459378 0.858200 -0.023361
v -3.459613 0.857322 -0.020598
v -3.459818 0.856556 -0.017799
v -3.459994 0.855902 -0.014969
v -3.460138 0.855361 -0.012114
v -3.460253 0.854935 -0.009239
v -3.460336 0.854623 -0.006347
v -3.460388 0.854428 -0.003445
v -3.460410 0.854348 -0.000537
v -3.460400 0.854385 0.002372
v -3.460359 0.854538 0.005277
v -3.460287 0.854806 0.008173
v -3.460184 0.855190 0.011055
v -3.460051 0.855689 0.013918
v -3.459886 0.856301 0.016757
v -3.459692 0.857027 0.019568
v -3.459468 0.857864 0.022345
v -3.459214 0.858811 0.025084
v -3.458931 0.859866 0.027781
v -3.458620 0.861029 0.030429
v -3.458280 0.862296 0.033026
v -3.457913 0.863665 0.035566
v -3.457519 0.865135 0.038046
v -3.457099 0.866703 0.040461
v -3.456654 0.868365 0.042806
v -3.456184 0.870120 0.045078
v -3.455690 0.871964 0.047274
v -3.455172 0.873894 0.049388
v -3.454633 0.875907 0.051418
v -3.454072 0.877999 0.053361
v -3.453492 0.880167 0.055212
v -3.452891 0.882407 0.056969
v -3.452273 0.884715 0.058628
v -3.451637 0.887087 0.060187
v -3.450985 0.889520 0.061644
v -3.450319 0.892009 0.062995
v -3.449638 0.894549 0.064239
v -3.448944 0.897137 0.065372
v -3.448240 0.899768 0.066395
v -3.447524 0.902438 0.067303
v -3.446800 0.905141 0.068097
v -3.446068 0.907874 0.068774
v -3.445328 0.910632 0.069334
v -3.444584 0.913410 0.069775
v -3.443836 0.916202 0.070098
v -3.443085 0.919006 0.070300
v -3.442332 0.921815 0.070382
v -3.441579 0.924625 0.070344
v -3.440827 0.927431 0.070186
v -3.440078 0.930228 0.069908
v -3.439332 0.933012 0.069511
v -3.438591 0.935777 0.068994
v -3.437856 0.938520 0.068360
v -3.437129 0.941235 0.067609
v -3.436410 0.943917 0.066743
v -3.435701 0.946563 0.065762
v -3.435003 0.949168 0.064670
v -3.434317 0.951726 0.063466
v -3.433645 0.954234 0.062155
v -3.432988 0.956688 0.060737
v -3.432346 0.959083 0.059215
v -3.431721 0.961416 0.057592
v -3.431114 0.963681 0.055871
v -3.430526 0.965876 0.054054
v -3.429958 0.967996 0.052145
v -3.429410 0.970039 0.050147
v -3.428885 0.972000 0.048063
v -3.428382 0.973876 0.045897
v -3.427903 0.975664 0.043653
v -3.427449 0.977361 0.041334
v -3.427019 0.978964 0.038944
v -3.426615 0.980470 0.036488
v -3.426239 0.981877 0.033970
v -3.425889 0.983182 0.031393
v -3.425567 0.984383 0.028763
v -3.425273 0.985478 0.026084
v -3.425009 0.986466 0.023360
v -3.424774 0.987343 0.020596
v -3.424568 0.988110 0.017797
v -3.424393 0.988764 0.014968
v -3.424248 0.989305 0.012113
v -3.424134 0.989731 0.009238
v -3.424051 0.990043 0.006346
v -3.423998 0.990238 0.003444
v -3.423977 0.990318 0.000536
v -3.423987 0.990281 -0.002373
v -3.424028 0.990128 -0.005278
v -3.424100 0.989860 -0.008174
v -3.424202 0.989476 -0.011056
v -3.424336 0.988977 -0.013919
v -3.424500 0.988364 -0.016759
v -3.424695 0.987639 -0.019569
v -3.424919 0.986802 -0.022347
v -3.425173 0.985855 -0.025086
v -3.425455 0.984800 -0.027782
v -3.425767 0.983637 -0.030431
v -3.426106 0.982370 -0.033027
v -3.426473 0.981001 -0.035568
v -3.426867 0.979531 -0.038047
v -3.427287 0.977963 -0.040462
v -3.427733 0.976301 -0.042807
v -3.428203 0.974546 -0.045080
v -3.428697 0.972702 -0.047275
v -3.429214 0.970772 -0.049390
v -3.429754 0.968759 -0.051420
v -3.430314 0.966667 -0.053362
v -3.430895 0.964499 -0.055213
v -3.431495 0.962259 -0.056970
v -3.432114 0.959951 -0.058629
v -3.432749 0.957578 -0.060189
v -3.433401 0.955146 -0.061645
v -3.434068 0.952657 -0.062996
v -3.434749 0.950117 -0.064240
v -3.435442 0.947529 -0.065374
v -3.436147 0.944898 -0.066396
v -3.436862 0.942228 -0.067304
v -3.437587 0.939524 -0.068098
v -3.438319 0.936792 -0.068775
v -3.439058 0.934034 -0.069335
v -3.439802 0.931256 -0.069777
v -3.440551 0.928463 -0.070099
v -3.441302 0.925660 -0.070301
v -3.442055 0.922851 -0.070383
v -3.442807 0.920041 -0.070345
v -3.443559 0.917235 -0.070187
v -3.444309 0.914438 -0.069909
v -3.445055 0.911654 -0.069512
v -3.445796 0.908889 -0.068996
v -3.446531 0.906146 -0.068361
v -3.447258 0.903431 -0.067611
v -3.447977 0.900748 -0.066744
v -3.448686 0.898103 -0.065764
v -3.449383 0.895498 -0.064671
v -3.450069 0.892940 -0.063468
v -3.450741 0.890432 -0.062156
v -3.451399 0.887978 -0.060738
v -3.452041 0.885583 -0.059216
v -3.462406 0.852117 -0.103987
v -3.463502 0.848026 -0.100880
v -3.464564 0.844063 -0.097599
v -3.465590 0.840235 -0.094153
v -3.466578 0.836547 -0.090545
v -3.467527 0.833006 -0.086782
v -3.468435 0.829619 -0.082872
v -3.469300 0.826390 -0.078819
v -3.470121 0.823326 -0.074632
v -3.470896 0.820432 -0.070318
v -3.471625 0.817713 -0.065883
v -3.472306 0.815173 -0.061336
v -3.472937 0.812816 -0.056684
v -3.473518 0.810647 -0.051935
v -3.474048 0.808670 -0.047098
v -3.474526 0.806887 -0.042180
v -3.474950 0.805303 -0.037190
v -3.475321 0.803918 -0.032136
v -3.475638 0.802737 -0.027027
v -3.475899 0.801761 -0.021873
v -3.476105 0.800991 -0.016681
v -3.476256 0.800429 -0.011460
v -3.476351 0.800076 -0.006220
v -3.476389 0.799933 -0.000969
v -3.476371 0.799999 0.004283
v -3.476298 0.800275 0.009528
v -3.476168 0.800760 0.014757
v -3.475982 0.801453 0.019961
v -3.475741 0.802353 0.025130
v -3.475444 0.803459 0.030257
v -3.475093 0.804769 0.035332
v -3.474689 0.806280 0.040346
v -3.474230 0.807990 0.045292
v -3.473720 0.809896 0.050160
v -3.473157 0.811994 0.054942
v -3.472544 0.814282 0.059631
v -3.471882 0.816755 0.064218
v -3.471171 0.819409 0.068695
v -3.470412 0.822239 0.073054
v -3.469608 0.825241 0.077289
v -3.468759 0.828409 0.081392
v -3.467867 0.831739 0.085356
v -3.466933 0.835224 0.089174
v -3.465959 0.838858 0.092839
v -3.464947 0.842636 0.096346
v -3.463898 0.846550 0.099689
v -3.462815 0.850594 0.102861
v -3.461698 0.854762 0.105857
v -3.460550 0.859045 0.108672
v -3.459373 0.863437 0.111302
v -3.458169 0.867931 0.113742
v -3.456940 0.872518 0.115987
v -3.455688 0.877191 0.118034
v -3.454415 0.881941 0.119879
v -3.453124 0.886761 0.121520
v -3.451816 0.891642 0.122953
v -3.450493 0.896577 0.124176
v -3.449159 0.901556 0.125187
v -3.447815 0.906571 0.125984
v -3.446464 0.911614 0.126565
v -3.445108 0.916675 0.126931
v -3.443749 0.921747 0.127080
v -3.442390 0.926821 0.127011
v -3.441032 0.931887 0.126725
v -3.439679 0.936938 0.126223
v -3.438332 0.941964 0.125506
v -3.436994 0.946957 0.124574
v -3.435667 0.951909 0.123429
v -3.434354 0.956811 0.122073
v -3.433056 0.961655 0.120508
v -3.431776 0.966432 0.118738
v -3.430516 0.971134 0.116765
v -3.429278 0.975754 0.114592
v -3.428065 0.980282 0.112224
v -3.426877 0.984713 0.109664
v -3.425719 0.989037 0.106916
v -3.424590 0.993248 0.103986
v -3.423494 0.997339 0.100878
v -3.422432 1.001302 0.097598
v -3.421407 1.005131 0.094151
v -3.420418 1.008819 0.090544
v -3.419470 1.012359 0.086781
v -3.418562 1.015747 0.082870
v -3.417697 1.018975 0.078818
v -3.416876 1.022039 0.074631
v -3.416101 1.024933 0.070317
v -3.415372 1.027653 0.065882
v -3.414691 1.030193 0.061335
v -3.414060 1.032549 0.056683
v -3.413479 1.034718 0.051934
v -3.412949 1.036695 0.047096
v -3.412471 1.038478 0.042178
v -3.412046 1.040063 0.037188
v -3.411676 1.041447 0.032135
v -3.411359 1.042628 0.027026
v -3.411098 1.043604 0.021871
v -3.410891 1.044374 0.016679
v -3.410741 1.044936 0.011459
v -3.410646 1.045289 0.006219
v -3.410608 1.045433 0.000968
v -3.410625 1.045366 -0.004284
v -3.410699 1.045091 -0.009530
v -3.410829 1.044606 -0.014758
v -3.411015 1.043913 -0.019962
v -3.411256 1.043012 -0.025132
v -3.411552 1.041906 -0.030258
v -3.411903 1.040597 -0.035333
v -3.412308 1.039086 -0.040347
v -3.412766 1.037376 -0.045293
v -3.413277 1.035470 -0.050161
v -3.413840 1.033371 -0.054944
v -3.414453 1.031083 -0.059632
v -3.415115 1.028610 -0.064219
v -3.415826 1.025957 -0.068696
v -3.416584 1.023126 -0.073056
v -3.417389 1.020124 -0.077290
v -3.418238 1.016956 -0.081393
v -3.419130 1.013626 -0.085357
v -3.420064 1.010141 -0.089175
v -3.421038 1.006507 -0.092840
v -3.422050 1.002730 -0.096347
v -3.423099 0.998816 -0.099690
v -3.424182 0.994771 -0.102862
v -3.425299 0.990604 -0.105858
v -3.426447 0.986320 -0.108673
v -3.427624 0.981928 -0.111303
v -3.428828 0.977435 -0.113743
v -3.430057 0.972848 -0.115988
v -3.431309 0.968175 -0.118035
v -3.432582 0.963424 -0.119881
v -3.433873 0.958604 -0.121521
v -3.435181 0.953723 -0.122954
v -3.436503 0.948789 -0.124177
v -3.437837 0.943809 -0.125188
v -3.439181 0.938794 -0.125985
v -3.440532 0.933752 -0.126567
v -3.441889 0.928690 -0.126932
v -3.443248 0.923618 -0.127081
v -3.444607 0.918545 -0.127012
v -3.445965 0.913478 -0.126727
v -3.447318 0.908428 -0.126225
v -3.448665 0.903402 -0.125507
v -3.450003 0.898408 -0.124575
v -3.451329 0.893456 -0.123430
v -3.452643 0.888554 -0.122074
v -3.453941 0.883711 -0.120510
v -3.455221 0.878934 -0.118739
v -3.456481 0.874231 -0.116766
v -3.457719 0.869612 -0.114594
v -3.458932 0.865083 -0.112225
v -3.460119 0.860652 -0.109665
v -3.461278 0.856328 -0.106918
v -3.509311 0.894938 -0.062393
v -3.509969 0.892484 -0.060528
v -3.510606 0.890106 -0.058560
v -3.511222 0.887809 -0.056492
v -3.511815 0.885596 -0.054327
v -3.512384 0.883472 -0.052070
v -3.512928 0.881439 -0.049723
v -3.513448 0.879502 -0.047292
v -3.513940 0.877664 -0.044780
v -3.514405 0.875927 -0.042191
v -3.514843 0.874296 -0.039530
v -3.515251 0.872772 -0.036802
v -3.515630 0.871358 -0.034011
v -3.515979 0.870056 -0.031161
v -3.516296 0.868870 -0.028259
v -3.516583 0.867800 -0.025308
v -3.516838 0.866850 -0.022314
v -3.517060 0.866019 -0.019282
v -3.517250 0.865310 -0.016217
v -3.517407 0.864725 -0.013124
v -3.517531 0.864263 -0.010009
v -3.517621 0.863926 -0.006876
v -3.517678 0.863714 -0.003732
v -3.517701 0.863628 -0.000582
v -3.517690 0.863667 0.002570
v -3.517646 0.863833 0.005717
v -3.517568 0.864124 0.008854
v -3.517457 0.864540 0.011976
v -3.517312 0.865080 0.015078
v -3.517134 0.865743 0.018154
v -3.516924 0.866529 0.021199
v -3.516681 0.867436 0.024207
v -3.516406 0.868462 0.027175
v -3.516099 0.869605 0.030096
v -3.515762 0.870865 0.032965
v -3.515394 0.872237 0.035778
v -3.514997 0.873721 0.038530
v -3.514570 0.875313 0.041216
v -3.514115 0.877011 0.043832
v -3.513632 0.878813 0.046373
v -3.513123 0.880714 0.048835
v -3.512588 0.882711 0.051213
v -3.512028 0.884802 0.053504
v -3.511443 0.886983 0.055703
v -3.510836 0.889249 0.057807
v -3.510207 0.891598 0.059813
v -3.509556 0.894024 0.061716
v -3.508886 0.896525 0.063514
v -3.508198 0.899095 0.065203
v -3.507492 0.901730 0.066781
v -3.506769 0.904427 0.068245
v -3.506032 0.907179 0.069592
v -3.505280 0.909982 0.070820
v -3.504517 0.912833 0.071927
v -3.503742 0.915725 0.072912
v -3.502957 0.918653 0.073772
v -3.502164 0.921614 0.074505
v -3.501363 0.924602 0.075112
v -3.500557 0.927611 0.075590
v -3.499746 0.930636 0.075939
v -3.498933 0.933673 0.076158
v -3.498117 0.936716 0.076247
v -3.497302 0.939760 0.076206
v -3.496487 0.942800 0.076035
v -3.495675 0.945831 0.075734
v -3.494867 0.948846 0.075303
v -3.494064 0.951842 0.074744
v -3.493268 0.954813 0.074057
v -3.492480 0.957755 0.073243
v -3.491701 0.960661 0.072305
v -3.490933 0.963527 0.071243
v -3.490177 0.966348 0.070059
v -3.489434 0.969120 0.068755
v -3.488706 0.971837 0.067334
v -3.487994 0.974496 0.065798
v -3.487299 0.977090 0.064149
v -3.486622 0.979617 0.062391
v -3.485964 0.982071 0.060527
v -3.485327 0.984449 0.058559
v -3.484712 0.986746 0.056490
v -3.484119 0.988959 0.054326
v -3.483550 0.991083 0.052068
v -3.483005 0.993116 0.049722
v -3.482486 0.995053 0.047290
v -3.481993 0.996891 0.044778
v -3.481528 0.998628 0.042190
v -3.481091 1.000260 0.039529
v -3.480682 1.001784 0.036800
v -3.480304 1.003198 0.034009
v -3.479955 1.004499 0.031160
v -3.479637 1.005685 0.028257
v -3.479350 1.006755 0.025307
v -3.479096 1.007706 0.022313
v -3.478873 1.008536 0.019280
v -3.478683 1.009245 0.016215
v -3.478526 1.009831 0.013123
v -3.478402 1.010293 0.010007
v -3.478312 1.010630 0.006875
v -3.478255 1.010841 0.003731
v -3.478232 1.010928 0.000580
v -3.478243 1.010888 -0.002571
v -3.478287 1.010722 -0.005718
v -3.478365 1.010431 -0.008855
v -3.478477 1.010015 -0.011978
v -3.478621 1.009475 -0.015079
v -3.478799 1.008812 -0.018155
v -3.479010 1.008026 -0.021200
v -3.479253 1.007119 -0.024209
v -3.479528 1.006093 -0.027176
v -3.479834 1.004950 -0.030097
v -3.480171 1.003691 -0.032967
v -3.480539 1.002318 -0.035780
v -3.480937 1.000834 -0.038532
v -3.481364 0.999242 -0.041218
v -3.481818 0.997544 -0.043834
v -3.482301 0.995743 -0.046375
v -3.482810 0.993841 -0.048836
v -3.483346 0.991844 -0.051215
v -3.483906 0.989753 -0.053505
v -3.484490 0.987572 -0.055705
v -3.485098 0.985306 -0.057809
v -3.485727 0.982957 -0.059814
v -3.486377 0.980531 -0.061717
v -3.487047 0.978030 -0.063515
v -3.487736 0.975460 -0.065204
v -3.488442 0.972825 -0.066782
v -3.489164 0.970129 -0.068246
v -3.489902 0.967377 -0.069593
v -3.490653 0.964573 -0.070822
v -3.491417 0.961723 -0.071929
v -3.492192 0.958831 -0.072913
v -3.492976 0.955902 -0.073773
v -3.493770 0.952941 -0.074507
v -3.494570 0.949954 -0.075113
v -3.495376 0.946945 -0.075591
v -3.496187 0.943919 -0.075940
v -3.497001 0.940882 -0.076160
v -3.497816 0.937839 -0.076249
v -3.498632 0.934795 -0.076208
v -3.499446 0.931755 -0.076036
v -3.500258 0.928725 -0.075735
v -3.501066 0.925709 -0.075305
v -3.501869 0.922713 -0.074745
v -3.502666 0.919742 -0.074058
v -3.503453 0.916801 -0.073245
v -3.504232 0.913894 -0.072306
v -3.505000 0.911028 -0.071244
v -3.505756 0.908207 -0.070060
v -3.506499 0.905435 -0.068757
v -3.507227 0.902718 -0.067336
v -3.507939 0.900059 -0.065799
v -3.508635 0.897465 -0.064151
v -0.161906 -0.001318 -0.073733
v -0.161108 0.001661 -0.075454
v -0.160292 0.004706 -0.077047
v -0.159460 0.007812 -0.078508
v -0.158613 0.010974 -0.079834
v -0.157752 0.014186 -0.081024
v -0.156880 0.017442 -0.082076
v -0.155997 0.020738 -0.082988
v -0.155105 0.024067 -0.083758
v -0.154205 0.027425 -0.084384
v -0.153299 0.030804 -0.084867
v -0.152390 0.034200 -0.085204
v -0.151477 0.037606 -0.085396
v -0.150563 0.041017 -0.085443
v -0.149649 0.044428 -0.085343
v -0.148737 0.047831 -0.085097
v -0.147829 0.051221 -0.084706
v -0.146925 0.054593 -0.084170
v -0.146028 0.057941 -0.083490
v -0.145139 0.061258 -0.082668
v -0.144260 0.064540 -0.081705
v -0.143392 0.067781 -0.080602
v -0.142536 0.070975 -0.079361
v -0.141694 0.074117 -0.077984
v -0.140868 0.077201 -0.076475
v -0.140058 0.080222 -0.074835
v -0.139267 0.083175 -0.073066
v -0.138495 0.086055 -0.071173
v -0.137744 0.088857 -0.069159
v -0.137016 0.091576 -0.067026
v -0.136310 0.094208 -0.064779
v -0.135630 0.096748 -0.062421
v -0.134975 0.099191 -0.059957
v -0.134347 0.101534 -0.057390
v -0.133748 0.103773 -0.054725
v -0.133177 0.105903 -0.051966
v -0.132636 0.107922 -0.049119
v -0.132126 0.109825 -0.046188
v -0.131648 0.111609 -0.043177
v -0.131202 0.113272 -0.040094
v -0.130790 0.114810 -0.036941
v -0.130412 0.116221 -0.033726
v -0.130069 0.117502 -0.030453
v -0.129761 0.118652 -0.027127
v -0.129489 0.119668 -0.023756
v -0.129253 0.120548 -0.020344
v -0.129053 0.121292 -0.016897
v -0.128891 0.121897 -0.013421
v -0.128766 0.122363 -0.009923
v -0.128679 0.122689 -0.006407
v -0.128629 0.122875 -0.002880
v -0.128617 0.122919 0.000651
v -0.128643 0.122823 0.004181
v -0.128707 0.122586 0.007705
v -0.128808 0.122208 0.011215
v -0.128947 0.121690 0.014705
v -0.129123 0.121034 0.018171
v -0.129335 0.120240 0.021606
v -0.129585 0.119309 0.025004
v -0.129870 0.118243 0.028359
v -0.130191 0.117045 0.031665
v -0.130548 0.115715 0.034918
v -0.130938 0.114257 0.038111
v -0.131363 0.112673 0.041239
v -0.131820 0.110965 0.044296
v -0.132310 0.109137 0.047278
v -0.132832 0.107191 0.050178
v -0.133384 0.105131 0.052993
v -0.133965 0.102960 0.055718
v -0.134576 0.100682 0.058347
v -0.135214 0.098302 0.060877
v -0.135878 0.095822 0.063303
v -0.136568 0.093248 0.065620
v -0.137282 0.090584 0.067826
v -0.138019 0.087833 0.069915
v -0.138777 0.085002 0.071885
v -0.139556 0.082094 0.073733
v -0.140354 0.079116 0.075454
v -0.141170 0.076071 0.077046
v -0.142003 0.072965 0.078507
v -0.142850 0.069803 0.079834
v -0.143710 0.066591 0.081024
v -0.144583 0.063335 0.082076
v -0.145466 0.060039 0.082988
v -0.146358 0.056709 0.083757
v -0.147258 0.053352 0.084384
v -0.148163 0.049973 0.084867
v -0.149073 0.046577 0.085204
v -0.149986 0.043171 0.085396
v -0.150900 0.039759 0.085442
v -0.151814 0.036349 0.085342
v -0.152726 0.032946 0.085097
v -0.153634 0.029556 0.084705
v -0.154538 0.026184 0.084170
v -0.155435 0.022836 0.083490
v -0.156323 0.019518 0.082668
v -0.157203 0.016236 0.081704
v -0.158071 0.012996 0.080601
v -0.158927 0.009802 0.079360
v -0.159769 0.006660 0.077984
v -0.160595 0.003576 0.076474
v -0.161405 0.000555 0.074834
v -0.162196 -0.002398 0.073066
v -0.162968 -0.005278 0.071173
v -0.163719 -0.008080 0.069159
v -0.164447 -0.010800 0.067026
v -0.165152 -0.013431 0.064779
v -0.165833 -0.015971 0.062421
v -0.166488 -0.018415 0.059956
v -0.167115 -0.020758 0.057389
v -0.167715 -0.022996 0.054724
v -0.168286 -0.025126 0.051966
v -0.168827 -0.027145 0.049118
v -0.169337 -0.029048 0.046187
v -0.169815 -0.030832 0.043177
v -0.170260 -0.032495 0.040093
v -0.170673 -0.034033 0.036941
v -0.171051 -0.035444 0.033725
v -0.171394 -0.036725 0.030452
v -0.171702 -0.037875 0.027127
v -0.171974 -0.038891 0.023755
v -0.172210 -0.039772 0.020343
v -0.172409 -0.040515 0.016897
v -0.172572 -0.041120 0.013421
v -0.172697 -0.041587 0.009922
v -0.172784 -0.041913 0.006407
v -0.172834 -0.042098 0.002880
v -0.172846 -0.042143 -0.000651
v -0.172820 -0.042046 -0.004182
v -0.172756 -0.041809 -0.007705
v -0.172655 -0.041431 -0.011215
v -0.172516 -0.040913 -0.014706
v -0.172340 -0.040257 -0.018172
v -0.172127 -0.039463 -0.021606
v -0.171878 -0.038532 -0.025004
v -0.171593 -0.037467 -0.028359
v -0.171271 -0.036268 -0.031666
v -0.170915 -0.034939 -0.034918
v -0.170524 -0.033480 -0.038111
v -0.170100 -0.031896 -0.041239
v -0.169642 -0.030188 -0.044296
v -0.169152 -0.028360 -0.047278
v -0.168631 -0.026414 -0.050179
v -0.168079 -0.024354 -0.052994
v -0.167497 -0.022183 -0.055718
v -0.166887 -0.019906 -0.058348
v -0.166249 -0.017525 -0.060878
v -0.165585 -0.015045 -0.063303
v -0.164895 -0.012471 -0.065621
v -0.164181 -0.009807 -0.067826
v -0.163444 -0.007056 -0.069916
v -0.162686 -0.004225 -0.071886
v -3.786981 0.979137 -0.053495
v -3.786402 0.981300 -0.054869
v -3.785808 0.983517 -0.056150
v -3.785200 0.985783 -0.057335
v -3.784581 0.988094 -0.058422
v -3.783951 0.990447 -0.059410
v -3.783310 0.992837 -0.060295
v -3.782661 0.995260 -0.061078
v -3.782004 0.997713 -0.061756
v -3.781340 1.000190 -0.062329
v -3.780670 1.002689 -0.062796
v -3.779997 1.005203 -0.063155
v -3.779320 1.007730 -0.063406
v -3.778640 1.010265 -0.063549
v -3.777960 1.012804 -0.063583
v -3.777280 1.015341 -0.063509
v -3.776602 1.017874 -0.063326
v -3.775926 1.020397 -0.063035
v -3.775253 1.022906 -0.062636
v -3.774586 1.025397 -0.062130
v -3.773924 1.027866 -0.061518
v -3.773270 1.030308 -0.060801
v -3.772624 1.032720 -0.059981
v -3.771987 1.035097 -0.059057
v -3.771360 1.037435 -0.058033
v -3.770745 1.039730 -0.056910
v -3.770143 1.041978 -0.055689
v -3.769554 1.044175 -0.054373
v -3.768980 1.046319 -0.052965
v -3.768421 1.048404 -0.051465
v -3.767879 1.050427 -0.049878
v -3.767354 1.052386 -0.048206
v -3.766848 1.054276 -0.046452
v -3.766361 1.056094 -0.044618
v -3.765893 1.057837 -0.042707
v -3.765447 1.059503 -0.040724
v -3.765022 1.061089 -0.038671
v -3.764620 1.062590 -0.036553
v -3.764240 1.064007 -0.034371
v -3.763885 1.065334 -0.032131
v -3.763553 1.066572 -0.029837
v -3.763246 1.067716 -0.027491
v -3.762965 1.068766 -0.025098
v -3.762710 1.069720 -0.022662
v -3.762480 1.070575 -0.020188
v -3.762278 1.071331 -0.017679
v -3.762102 1.071987 -0.015140
v -3.761954 1.072540 -0.012575
v -3.761833 1.072990 -0.009988
v -3.761740 1.073337 -0.007385
v -3.761675 1.073580 -0.004769
v -3.761638 1.073718 -0.002144
v -3.761629 1.073751 0.000484
v -3.761649 1.073679 0.003111
v -3.761696 1.073503 0.005732
v -3.761771 1.073221 0.008344
v -3.761874 1.072836 0.010942
v -3.762005 1.072348 0.013521
v -3.762164 1.071757 0.016077
v -3.762349 1.071064 0.018606
v -3.762562 1.070271 0.021102
v -3.762801 1.069380 0.023563
v -3.763066 1.068390 0.025983
v -3.763356 1.067305 0.028359
v -3.763672 1.066126 0.030687
v -3.764013 1.064855 0.032962
v -3.764378 1.063495 0.035181
v -3.764766 1.062047 0.037339
v -3.765176 1.060513 0.039434
v -3.765609 1.058898 0.041462
v -3.766063 1.057203 0.043418
v -3.766538 1.055432 0.045301
v -3.767032 1.053587 0.047106
v -3.767546 1.051671 0.048830
v -3.768077 1.049688 0.050472
v -3.768625 1.047642 0.052026
v -3.769190 1.045535 0.053493
v -3.769770 1.043371 0.054867
v -3.770364 1.041155 0.056148
v -3.770971 1.038889 0.057333
v -3.771590 1.036577 0.058420
v -3.772220 1.034225 0.059407
v -3.772861 1.031834 0.060293
v -3.773510 1.029411 0.061076
v -3.774167 1.026958 0.061754
v -3.774831 1.024481 0.062327
v -3.775501 1.021983 0.062793
v -3.776175 1.019468 0.063152
v -3.776852 1.016941 0.063404
v -3.777531 1.014406 0.063546
v -3.778211 1.011868 0.063581
v -3.778891 1.009330 0.063506
v -3.779569 1.006798 0.063324
v -3.780246 1.004275 0.063033
v -3.780918 1.001765 0.062634
v -3.781585 0.999274 0.062128
v -3.782247 0.996805 0.061516
v -3.782901 0.994363 0.060799
v -3.783547 0.991951 0.059978
v -3.784184 0.989575 0.059055
v -3.784811 0.987237 0.058031
v -3.785426 0.984942 0.056907
v -3.786028 0.982694 0.055687
v -3.786617 0.980496 0.054371
v -3.787191 0.978353 0.052962
v -3.787750 0.976268 0.051463
v -3.788292 0.974244 0.049876
v -3.788817 0.972286 0.048204
v -3.789323 0.970396 0.046449
v -3.789810 0.968578 0.044615
v -3.790278 0.966834 0.042705
v -3.790724 0.965168 0.040722
v -3.791149 0.963583 0.038669
v -3.791551 0.962081 0.036550
v -3.791931 0.960665 0.034369
v -3.792286 0.959337 0.032129
v -3.792618 0.958100 0.029834
v -3.792925 0.956955 0.027488
v -3.793206 0.955905 0.025096
v -3.793462 0.954952 0.022660
v -3.793691 0.954096 0.020186
v -3.793893 0.953340 0.017677
v -3.794069 0.952685 0.015138
v -3.794217 0.952131 0.012573
v -3.794338 0.951681 0.009986
v -3.794431 0.951334 0.007383
v -3.794496 0.951091 0.004767
v -3.794533 0.950953 0.002142
v -3.794542 0.950920 -0.000486
v -3.794523 0.950992 -0.003113
v -3.794475 0.951169 -0.005735
v -3.794400 0.951450 -0.008347
v -3.794297 0.951835 -0.010944
v -3.794166 0.952323 -0.013523
v -3.794007 0.952915 -0.016079
v -3.793822 0.953607 -0.018608
v -3.793609 0.954400 -0.021104
v -3.793370 0.955292 -0.023565
v -3.793105 0.956281 -0.025985
v -3.792814 0.957366 -0.028361
v -3.792499 0.958545 -0.030689
v -3.792158 0.959816 -0.032964
v -3.791794 0.961177 -0.035183
v -3.791405 0.962625 -0.037341
v -3.790995 0.964158 -0.039436
v -3.790562 0.965773 -0.041464
v -3.790108 0.967468 -0.043420
v -3.789633 0.969239 -0.045303
v -3.789139 0.971085 -0.047108
v -3.788625 0.973000 -0.048833
v -3.788094 0.974983 -0.050474
v -3.787546 0.977030 -0.052029
v -3.790785 0.964938 -0.069846
v -3.791521 0.962191 -0.067759
v -3.792234 0.959529 -0.065555
v -3.792923 0.956957 -0.063240
v -3.793587 0.954480 -0.060817
v -3.794224 0.952102 -0.058290
v -3.794834 0.949827 -0.055663
v -3.795415 0.947659 -0.052941
v -3.795966 0.945601 -0.050129
v -3.796487 0.943657 -0.047231
v -3.796977 0.941830 -0.044252
v -3.797434 0.940124 -0.041198
v -3.797858 0.938541 -0.038074
v -3.798248 0.937084 -0.034884
v -3.798604 0.935756 -0.031635
v -3.798925 0.934559 -0.028332
v -3.799210 0.933495 -0.024980
v -3.799459 0.932565 -0.021585
v -3.799672 0.931771 -0.018154
v -3.799848 0.931116 -0.014692
v -3.799986 0.930599 -0.011205
v -3.800087 0.930221 -0.007698
v -3.800151 0.929984 -0.004178
v -3.800177 0.929888 -0.000652
v -3.800165 0.929932 0.002876
v -3.800115 0.930117 0.006399
v -3.800028 0.930443 0.009911
v -3.799903 0.930909 0.013406
v -3.799741 0.931513 0.016879
v -3.799542 0.932256 0.020322
v -3.799306 0.933136 0.023731
v -3.799034 0.934151 0.027099
v -3.798727 0.935299 0.030420
v -3.798383 0.936580 0.033690
v -3.798006 0.937989 0.036903
v -3.797594 0.939526 0.040052
v -3.797149 0.941187 0.043133
v -3.796671 0.942969 0.046140
v -3.796162 0.944870 0.049068
v -3.795622 0.946887 0.051912
v -3.795052 0.949015 0.054668
v -3.794452 0.951251 0.057330
v -3.793825 0.953592 0.059895
v -3.793171 0.956033 0.062357
v -3.792491 0.958570 0.064712
v -3.791787 0.961199 0.066957
v -3.791059 0.963916 0.069088
v -3.790309 0.966715 0.071100
v -3.789538 0.969592 0.072991
v -3.788748 0.972542 0.074758
v -3.787939 0.975560 0.076396
v -3.787113 0.978641 0.077904
v -3.786272 0.981780 0.079279
v -3.785417 0.984970 0.080519
v -3.784550 0.988208 0.081621
v -3.783671 0.991487 0.082584
v -3.782783 0.994801 0.083405
v -3.781887 0.998145 0.084084
v -3.780985 1.001514 0.084619
v -3.780077 1.004901 0.085010
v -3.779166 1.008300 0.085255
v -3.778253 1.011707 0.085355
v -3.777340 1.015115 0.085309
v -3.776428 1.018518 0.085117
v -3.775519 1.021910 0.084780
v -3.774615 1.025286 0.084298
v -3.773716 1.028640 0.083672
v -3.772825 1.031966 0.082903
v -3.771943 1.035259 0.081992
v -3.771071 1.038512 0.080941
v -3.770211 1.041720 0.079752
v -3.769365 1.044879 0.078427
v -3.768533 1.047982 0.076968
v -3.767718 1.051024 0.075377
v -3.766921 1.053999 0.073658
v -3.766143 1.056904 0.071812
v -3.765385 1.059733 0.069844
v -3.764649 1.062480 0.067756
v -3.763935 1.065142 0.065553
v -3.763246 1.067713 0.063238
v -3.762583 1.070190 0.060815
v -3.761945 1.072569 0.058288
v -3.761336 1.074844 0.055661
v -3.760755 1.077012 0.052939
v -3.760203 1.079070 0.050127
v -3.759682 1.081014 0.047229
v -3.759193 1.082841 0.044250
v -3.758736 1.084547 0.041196
v -3.758312 1.086130 0.038072
v -3.757921 1.087587 0.034882
v -3.757565 1.088915 0.031633
v -3.757245 1.090112 0.028329
v -3.756959 1.091176 0.024978
v -3.756710 1.092106 0.021583
v -3.756498 1.092899 0.018152
v -3.756322 1.093555 0.014690
v -3.756184 1.094072 0.011202
v -3.756082 1.094450 0.007696
v -3.756019 1.094687 0.004176
v -3.755993 1.094783 0.000650
v -3.756005 1.094739 -0.002878
v -3.756055 1.094553 -0.006401
v -3.756142 1.094228 -0.009913
v -3.756267 1.093762 -0.013409
v -3.756429 1.093157 -0.016881
v -3.756628 1.092415 -0.020324
v -3.756863 1.091535 -0.023733
v -3.757135 1.090520 -0.027101
v -3.757443 1.089371 -0.030423
v -3.757786 1.088091 -0.033692
v -3.758164 1.086682 -0.036905
v -3.758575 1.085145 -0.040054
v -3.759021 1.083484 -0.043135
v -3.759498 1.081702 -0.046142
v -3.760008 1.079801 -0.049070
v -3.760548 1.077784 -0.051915
v -3.761118 1.075656 -0.054670
v -3.761717 1.073420 -0.057333
v -3.762345 1.071079 -0.059897
v -3.762999 1.068638 -0.062359
v -3.763678 1.066101 -0.064715
v -3.764383 1.063472 -0.066960
v -3.765111 1.060755 -0.069090
v -3.765861 1.057956 -0.071103
v -3.766632 1.055079 -0.072994
v -3.767422 1.052129 -0.074760
v -3.768231 1.049111 -0.076399
v -3.769056 1.046030 -0.077907
v -3.769897 1.042891 -0.079282
v -3.770752 1.039701 -0.080521
v -3.771620 1.036463 -0.081623
v -3.772498 1.033184 -0.082586
v -3.773386 1.029870 -0.083407
v -3.774282 1.026526 -0.084086
v -3.775185 1.023157 -0.084621
v -3.776093 1.019770 -0.085012
v -3.777004 1.016370 -0.085257
v -3.777916 1.012964 -0.085357
v -3.778830 1.009556 -0.085311
v -3.779741 1.006153 -0.085119
v -3.780650 1.002761 -0.084782
v -3.781555 0.999385 -0.084300
v -3.782454 0.996031 -0.083674
v -3.783345 0.992705 -0.082905
v -3.784227 0.989412 -0.081994
v -3.785099 0.986159 -0.080944
v -3.785959 0.982950 -0.079755
v -3.786805 0.979792 -0.078429
v -3.787636 0.976689 -0.076970
v -3.788451 0.973647 -0.075379
v -3.789249 0.970671 -0.073660
v -3.790027 0.967767 -0.071814
v -3.748635 0.967699 -0.055242
v -3.748036 0.969934 -0.056662
v -3.747422 0.972223 -0.057984
v -3.746795 0.974563 -0.059208
v -3.746156 0.976949 -0.060330
v -3.745505 0.979379 -0.061350
v -3.744843 0.981847 -0.062265
v -3.744173 0.984350 -0.063073
v -3.743494 0.986882 -0.063773
v -3.742809 0.989441 -0.064365
v -3.742117 0.992021 -0.064847
v -3.741422 0.994618 -0.065217
v -3.740722 0.997227 -0.065477
v -3.740021 0.999845 -0.065624
v -3.739319 1.002466 -0.065660
v -3.738616 1.005087 -0.065583
v -3.737916 1.007702 -0.065394
v -3.737218 1.010307 -0.065094
v -3.736523 1.012898 -0.064682
v -3.735834 1.015471 -0.064160
v -3.735151 1.018020 -0.063528
v -3.734475 1.020543 -0.062787
v -3.733808 1.023033 -0.061940
v -3.733150 1.025487 -0.060986
v -3.732503 1.027902 -0.059928
v -3.731868 1.030272 -0.058768
v -3.731246 1.032593 -0.057508
v -3.730638 1.034863 -0.056149
v -3.730045 1.037076 -0.054695
v -3.729468 1.039229 -0.053146
v -3.728908 1.041318 -0.051508
v -3.728366 1.043341 -0.049781
v -3.727843 1.045293 -0.047969
v -3.727340 1.047170 -0.046075
v -3.726858 1.048971 -0.044102
v -3.726397 1.050691 -0.042054
v -3.725958 1.052328 -0.039935
v -3.725543 1.053879 -0.037746
v -3.725151 1.055341 -0.035494
v -3.724783 1.056713 -0.033181
v -3.724441 1.057990 -0.030811
v -3.724124 1.059172 -0.028388
v -3.723834 1.060257 -0.025918
v -3.723570 1.061241 -0.023402
v -3.723333 1.062125 -0.020847
v -3.723124 1.062906 -0.018256
v -3.722943 1.063582 -0.015634
v -3.722790 1.064154 -0.012985
v -3.722665 1.064619 -0.010315
v -3.722569 1.064977 -0.007626
v -3.722502 1.065228 -0.004924
v -3.722464 1.065370 -0.002214
v -3.722455 1.065404 0.000499
v -3.722474 1.065330 0.003212
v -3.722523 1.065148 0.005920
v -3.722601 1.064857 0.008617
v -3.722708 1.064460 0.011300
v -3.722843 1.063955 0.013963
v -3.723006 1.063345 0.016602
v -3.723198 1.062630 0.019213
v -3.723417 1.061811 0.021792
v -3.723664 1.060890 0.024333
v -3.723938 1.059868 0.026832
v -3.724238 1.058748 0.029286
v -3.724564 1.057530 0.031689
v -3.724916 1.056218 0.034038
v -3.725292 1.054813 0.036330
v -3.725693 1.053317 0.038559
v -3.726117 1.051734 0.040722
v -3.726564 1.050066 0.042816
v -3.727033 1.048316 0.044836
v -3.727523 1.046487 0.046780
v -3.728034 1.044581 0.048644
v -3.728564 1.042603 0.050425
v -3.729113 1.040556 0.052120
v -3.729679 1.038442 0.053726
v -3.730262 1.036266 0.055240
v -3.730861 1.034032 0.056659
v -3.731474 1.031743 0.057982
v -3.732101 1.029403 0.059206
v -3.732740 1.027016 0.060328
v -3.733392 1.024587 0.061348
v -3.734053 1.022118 0.062262
v -3.734723 1.019616 0.063071
v -3.735402 1.017083 0.063771
v -3.736088 1.014525 0.064363
v -3.736779 1.011945 0.064844
v -3.737475 1.009348 0.065215
v -3.738174 1.006738 0.065475
v -3.738875 1.004121 0.065622
v -3.739578 1.001499 0.065658
v -3.740280 0.998879 0.065581
v -3.740981 0.996264 0.065392
v -3.741679 0.993658 0.065091
v -3.742373 0.991067 0.064680
v -3.743062 0.988495 0.064157
v -3.743745 0.985945 0.063526
v -3.744421 0.983423 0.062785
v -3.745089 0.980933 0.061937
v -3.745746 0.978478 0.060984
v -3.746393 0.976064 0.059926
v -3.747028 0.973694 0.058766
v -3.747650 0.971373 0.057506
v -3.748258 0.969103 0.056147
v -3.748851 0.966890 0.054692
v -3.749428 0.964737 0.053144
v -3.749988 0.962647 0.051505
v -3.750530 0.960625 0.049778
v -3.751053 0.958673 0.047967
v -3.751556 0.956795 0.046073
v -3.752038 0.954995 0.044100
v -3.752500 0.953275 0.042052
v -3.752938 0.951638 0.039932
v -3.753354 0.950087 0.037744
v -3.753746 0.948624 0.035492
v -3.754113 0.947253 0.033179
v -3.754455 0.945975 0.030809
v -3.754772 0.944793 0.028386
v -3.755063 0.943709 0.025915
v -3.755327 0.942724 0.023400
v -3.755563 0.941841 0.020845
v -3.755772 0.941060 0.018254
v -3.755954 0.940383 0.015632
v -3.756107 0.939812 0.012983
v -3.756231 0.939347 0.010312
v -3.756327 0.938989 0.007624
v -3.756394 0.938738 0.004922
v -3.756433 0.938596 0.002212
v -3.756442 0.938561 -0.000502
v -3.756422 0.938636 -0.003214
v -3.756373 0.938818 -0.005922
v -3.756295 0.939108 -0.008619
v -3.756189 0.939506 -0.011302
v -3.756054 0.940010 -0.013965
v -3.755890 0.940621 -0.016604
v -3.755698 0.941336 -0.019216
v -3.755479 0.942155 -0.021794
v -3.755232 0.943076 -0.024335
v -3.754958 0.944097 -0.026834
v -3.754658 0.945218 -0.029288
v -3.754332 0.946436 -0.031691
v -3.753980 0.947748 -0.034041
v -3.753604 0.949153 -0.036332
v -3.753203 0.950648 -0.038561
v -3.752779 0.952231 -0.040724
v -3.752332 0.953899 -0.042818
v -3.751863 0.955650 -0.044839
v -3.751373 0.957479 -0.046783
v -3.750862 0.959384 -0.048647
v -3.750332 0.961362 -0.050428
v -3.749784 0.963410 -0.052122
v -3.749217 0.965524 -0.053728
v -3.796640 0.981725 -0.053495
v -3.796061 0.983888 -0.054869
v -3.795467 0.986105 -0.056150
v -3.794859 0.988371 -0.057335
v -3.794240 0.990682 -0.058422
v -3.793610 0.993035 -0.059409
v -3.792969 0.995425 -0.060295
v -3.792320 0.997848 -0.061078
v -3.791663 1.000301 -0.061756
v -3.790999 1.002779 -0.062329
v -3.790329 1.005277 -0.062795
v -3.789656 1.007792 -0.063155
v -3.788979 1.010319 -0.063406
v -3.788299 1.012854 -0.063549
v -3.787619 1.015392 -0.063583
v -3.786939 1.017929 -0.063509
v -3.786261 1.020462 -0.063326
v -3.785585 1.022985 -0.063035
v -3.784912 1.025494 -0.062636
v -3.784245 1.027985 -0.062130
v -3.783583 1.030454 -0.061518
v -3.782929 1.032896 -0.060801
v -3.782283 1.035308 -0.059980
v -3.781646 1.037685 -0.059057
v -3.781019 1.040023 -0.058033
v -3.780404 1.042318 -0.056910
v -3.779802 1.044566 -0.055689
v -3.779213 1.046763 -0.054373
v -3.778639 1.048907 -0.052965
v -3.778080 1.050992 -0.051465
v -3.777538 1.053015 -0.049878
v -3.777013 1.054974 -0.048206
v -3.776507 1.056864 -0.046451
v -3.776020 1.058682 -0.044618
v -3.775553 1.060426 -0.042707
v -3.775106 1.062091 -0.040724
v -3.774681 1.063677 -0.038671
v -3.774279 1.065179 -0.036553
v -3.773900 1.066595 -0.034371
v -3.773544 1.067922 -0.032131
v -3.773212 1.069160 -0.029836
v -3.772905 1.070304 -0.027491
v -3.772624 1.071354 -0.025098
v -3.772369 1.072308 -0.022662
v -3.772139 1.073163 -0.020188
v -3.771937 1.073919 -0.017679
v -3.771761 1.074575 -0.015140
v -3.771613 1.075128 -0.012575
v -3.771492 1.075578 -0.009988
v -3.771399 1.075925 -0.007385
v -3.771334 1.076168 -0.004769
v -3.771297 1.076306 -0.002144
v -3.771288 1.076339 0.000484
v -3.771308 1.076267 0.003111
v -3.771355 1.076091 0.005732
v -3.771430 1.075810 0.008344
v -3.771533 1.075424 0.010942
v -3.771664 1.074936 0.013521
v -3.771823 1.074345 0.016077
v -3.772008 1.073652 0.018606
v -3.772221 1.072859 0.021102
v -3.772460 1.071968 0.023563
v -3.772725 1.070978 0.025983
v -3.773015 1.069893 0.028359
v -3.773332 1.068714 0.030687
v -3.773672 1.067443 0.032962
v -3.774037 1.066083 0.035181
v -3.774425 1.064635 0.037339
v -3.774835 1.063102 0.039434
v -3.775268 1.061486 0.041462
v -3.775722 1.059791 0.043418
v -3.776197 1.058020 0.045301
v -3.776691 1.056175 0.047106
v -3.777205 1.054259 0.048830
v -3.777736 1.052276 0.050472
v -3.778284 1.050230 0.052027
v -3.778849 1.048123 0.053493
v -3.779429 1.045959 0.054867
v -3.780023 1.043743 0.056148
v -3.780630 1.041477 0.057333
v -3.781249 1.039165 0.058420
v -3.781879 1.036813 0.059407
v -3.782520 1.034423 0.060293
v -3.783169 1.031999 0.061076
v -3.783826 1.029547 0.061754
v -3.784490 1.027069 0.062327
v -3.785160 1.024571 0.062793
v -3.785834 1.022056 0.063152
v -3.786511 1.019529 0.063404
v -3.787190 1.016994 0.063547
v -3.787870 1.014456 0.063581
v -3.788550 1.011918 0.063506
v -3.789229 1.009386 0.063324
v -3.789905 1.006863 0.063033
v -3.790577 1.004353 0.062634
v -3.791245 1.001862 0.062128
v -3.791906 0.999393 0.061516
v -3.792560 0.996951 0.060799
v -3.793207 0.994539 0.059978
v -3.793844 0.992163 0.059055
v -3.794470 0.989825 0.058031
v -3.795085 0.987530 0.056907
v -3.795687 0.985282 0.055687
v -3.796276 0.983084 0.054371
v -3.796850 0.980941 0.052962
v -3.797409 0.978856 0.051463
v -3.797951 0.976832 0.049876
v -3.798476 0.974874 0.048204
v -3.798982 0.972984 0.046449
v -3.799470 0.971166 0.044615
v -3.799937 0.969422 0.042705
v -3.800383 0.967756 0.040722
v -3.800808 0.966171 0.038669
v -3.801210 0.964669 0.036550
v -3.801590 0.963253 0.034369
v -3.801946 0.961925 0.032129
v -3.802277 0.960688 0.029834
v -3.802584 0.959543 0.027489
v -3.802865 0.958493 0.025096
v -3.803121 0.957540 0.022660
v -3.803350 0.956684 0.020186
v -3.803552 0.955928 0.017677
v -3.803728 0.955273 0.015138
v -3.803876 0.954719 0.012573
v -3.803997 0.954269 0.009986
v -3.804090 0.953922 0.007383
v -3.804155 0.953680 0.004767
v -3.804192 0.953542 0.002142
v -3.804201 0.953508 -0.000486
v -3.804182 0.953580 -0.003113
v -3.804134 0.953757 -0.005734
v -3.804059 0.954038 -0.008346
v -3.803956 0.954423 -0.010944
v -3.803825 0.954912 -0.013523
v -3.803666 0.955503 -0.016079
v -3.803481 0.956195 -0.018608
v -3.803268 0.956988 -0.021104
v -3.803030 0.957880 -0.023565
v -3.802764 0.958869 -0.025985
v -3.802474 0.959954 -0.028361
v -3.802158 0.961133 -0.030689
v -3.801817 0.962404 -0.032964
v -3.801453 0.963765 -0.035183
v -3.801064 0.965213 -0.037341
v -3.800654 0.966746 -0.039436
v -3.800221 0.968361 -0.041464
v -3.799767 0.970056 -0.043420
v -3.799292 0.971828 -0.045303
v -3.798798 0.973673 -0.047108
v -3.798285 0.975588 -0.048833
v -3.797753 0.977571 -0.050474
v -3.797205 0.979618 -0.052029
v -3.798420 0.975085 -0.064193
v -3.797724 0.977681 -0.065843
v -3.797011 0.980341 -0.067380
v -3.796283 0.983060 -0.068802
v -3.795540 0.985834 -0.070106
v -3.794783 0.988657 -0.071291
v -3.794015 0.991525 -0.072354
v -3.793236 0.994433 -0.073293
v -3.792447 0.997377 -0.074107
v -3.791650 1.000350 -0.074795
v -3.790847 1.003348 -0.075354
v -3.790038 1.006365 -0.075785
v -3.789226 1.009398 -0.076087
v -3.788411 1.012439 -0.076258
v -3.787595 1.015486 -0.076299
v -3.786779 1.018531 -0.076210
v -3.785964 1.021570 -0.075991
v -3.785153 1.024597 -0.075641
v -3.784346 1.027608 -0.075163
v -3.783545 1.030598 -0.074556
v -3.782752 1.033560 -0.073822
v -3.781966 1.036491 -0.072961
v -3.781191 1.039385 -0.071976
v -3.780427 1.042237 -0.070868
v -3.779675 1.045043 -0.069639
v -3.778937 1.047797 -0.068291
v -3.778214 1.050494 -0.066827
v -3.777507 1.053132 -0.065248
v -3.776818 1.055703 -0.063557
v -3.776148 1.058205 -0.061758
v -3.775497 1.060634 -0.059854
v -3.774868 1.062984 -0.057847
v -3.774260 1.065252 -0.055742
v -3.773675 1.067434 -0.053541
v -3.773114 1.069526 -0.051249
v -3.772579 1.071525 -0.048869
v -3.772069 1.073427 -0.046405
v -3.771586 1.075230 -0.043863
v -3.771131 1.076929 -0.041245
v -3.770704 1.078522 -0.038557
v -3.770306 1.080007 -0.035804
v -3.769938 1.081381 -0.032988
v -3.769600 1.082641 -0.030117
v -3.769294 1.083785 -0.027194
v -3.769019 1.084811 -0.024225
v -3.768776 1.085719 -0.021214
v -3.768565 1.086505 -0.018167
v -3.768387 1.087169 -0.015089
v -3.768242 1.087710 -0.011986
v -3.768131 1.088126 -0.008862
v -3.768053 1.088417 -0.005722
v -3.768008 1.088583 -0.002573
v -3.767998 1.088622 0.000581
v -3.768021 1.088536 0.003733
v -3.768078 1.088324 0.006879
v -3.768168 1.087987 0.010014
v -3.768292 1.087525 0.013131
v -3.768449 1.086939 0.016226
v -3.768639 1.086229 0.019293
v -3.768862 1.085398 0.022327
v -3.769116 1.084447 0.025323
v -3.769403 1.083376 0.028276
v -3.769721 1.082189 0.031180
v -3.770070 1.080887 0.034031
v -3.770449 1.079472 0.036824
v -3.770858 1.077947 0.039554
v -3.771296 1.076314 0.042217
v -3.771761 1.074577 0.044807
v -3.772254 1.072737 0.047321
v -3.772774 1.070799 0.049754
v -3.773318 1.068765 0.052102
v -3.773888 1.066639 0.054361
v -3.774481 1.064425 0.056527
v -3.775097 1.062127 0.058597
v -3.775735 1.059747 0.060566
v -3.776393 1.057291 0.062432
v -3.777070 1.054763 0.064191
v -3.777766 1.052166 0.065841
v -3.778479 1.049506 0.067378
v -3.779207 1.046787 0.068800
v -3.779950 1.044014 0.070104
v -3.780707 1.041191 0.071289
v -3.781476 1.038322 0.072352
v -3.782255 1.035414 0.073291
v -3.783043 1.032471 0.074105
v -3.783840 1.029498 0.074793
v -3.784643 1.026500 0.075352
v -3.785452 1.023482 0.075783
v -3.786264 1.020450 0.076085
v -3.787079 1.017408 0.076256
v -3.787896 1.014362 0.076297
v -3.788712 1.011317 0.076208
v -3.789526 1.008278 0.075989
v -3.790337 1.005250 0.075639
v -3.791144 1.002239 0.075161
v -3.791945 0.999250 0.074554
v -3.792739 0.996287 0.073820
v -3.793524 0.993357 0.072959
v -3.794299 0.990463 0.071974
v -3.795064 0.987611 0.070866
v -3.795815 0.984805 0.069637
v -3.796553 0.982051 0.068289
v -3.797276 0.979353 0.066824
v -3.797983 0.976716 0.065246
v -3.798672 0.974144 0.063555
v -3.799342 0.971642 0.061756
v -3.799993 0.969214 0.059852
v -3.800623 0.966864 0.057845
v -3.801230 0.964596 0.055740
v -3.801815 0.962414 0.053539
v -3.802376 0.960322 0.051246
v -3.802911 0.958323 0.048867
v -3.803421 0.956420 0.046403
v -3.803904 0.954618 0.043861
v -3.804359 0.952919 0.041243
v -3.804786 0.951325 0.038555
v -3.805184 0.949841 0.035801
v -3.805552 0.948467 0.032986
v -3.805890 0.947207 0.030115
v -3.806196 0.946063 0.027192
v -3.806471 0.945036 0.024223
v -3.806715 0.944129 0.021212
v -3.806925 0.943343 0.018165
v -3.807103 0.942679 0.015087
v -3.807248 0.942138 0.011984
v -3.807359 0.941722 0.008859
v -3.807437 0.941431 0.005720
v -3.807482 0.941265 0.002571
v -3.807492 0.941225 -0.000583
v -3.807469 0.941312 -0.003735
v -3.807413 0.941524 -0.006881
v -3.807322 0.941861 -0.010016
v -3.807199 0.942323 -0.013133
v -3.807041 0.942909 -0.016228
v -3.806851 0.943618 -0.019295
v -3.806629 0.944450 -0.022329
v -3.806374 0.945401 -0.025325
v -3.806087 0.946471 -0.028278
v -3.805769 0.947658 -0.031182
v -3.805420 0.948961 -0.034033
v -3.805041 0.950375 -0.036826
v -3.804632 0.951900 -0.039556
v -3.804195 0.953533 -0.042219
v -3.803729 0.955271 -0.044809
v -3.803236 0.957110 -0.047323
v -3.802717 0.959049 -0.049756
v -3.802172 0.961083 -0.052104
v -3.801602 0.963208 -0.054363
v -3.801009 0.965423 -0.056529
v -3.800393 0.967721 -0.058599
v -3.799755 0.970101 -0.060568
v -3.799097 0.972557 -0.062434
v -3.833854 0.997389 -0.044936
v -3.833367 0.999207 -0.046090
v -3.832869 1.001069 -0.047166
v -3.832358 1.002972 -0.048162
v -3.831838 1.004914 -0.049075
v -3.831309 1.006890 -0.049904
v -3.830771 1.008898 -0.050648
v -3.830225 1.010933 -0.051306
v -3.829673 1.012993 -0.051875
v -3.829116 1.015075 -0.052357
v -3.828553 1.017173 -0.052748
v -3.827987 1.019286 -0.053050
v -3.827419 1.021408 -0.053261
v -3.826848 1.023538 -0.053381
v -3.826277 1.025670 -0.053410
v -3.825706 1.027801 -0.053347
v -3.825135 1.029929 -0.053194
v -3.824568 1.032048 -0.052949
v -3.824003 1.034156 -0.052614
v -3.823442 1.036248 -0.052190
v -3.822886 1.038322 -0.051676
v -3.822337 1.040374 -0.051073
v -3.821794 1.042399 -0.050384
v -3.821259 1.044396 -0.049608
v -3.820733 1.046360 -0.048748
v -3.820216 1.048288 -0.047804
v -3.819710 1.050176 -0.046779
v -3.819216 1.052022 -0.045674
v -3.818733 1.053822 -0.044490
v -3.818264 1.055574 -0.043231
v -3.817808 1.057273 -0.041898
v -3.817368 1.058918 -0.040493
v -3.816942 1.060506 -0.039019
v -3.816533 1.062033 -0.037479
v -3.816141 1.063498 -0.035874
v -3.815766 1.064897 -0.034208
v -3.815409 1.066229 -0.032484
v -3.815071 1.067491 -0.030704
v -3.814752 1.068680 -0.028872
v -3.814453 1.069795 -0.026991
v -3.814175 1.070835 -0.025063
v -3.813917 1.071796 -0.023092
v -3.813681 1.072678 -0.021082
v -3.813466 1.073479 -0.019036
v -3.813274 1.074198 -0.016958
v -3.813103 1.074833 -0.014850
v -3.812956 1.075383 -0.012718
v -3.812831 1.075848 -0.010563
v -3.812730 1.076227 -0.008390
v -3.812652 1.076518 -0.006203
v -3.812597 1.076722 -0.004006
v -3.812566 1.076838 -0.001801
v -3.812559 1.076865 0.000406
v -3.812575 1.076805 0.002613
v -3.812615 1.076657 0.004815
v -3.812678 1.076421 0.007009
v -3.812765 1.076097 0.009191
v -3.812875 1.075687 0.011358
v -3.813008 1.075190 0.013505
v -3.813164 1.074609 0.015629
v -3.813342 1.073943 0.017726
v -3.813543 1.073193 0.019793
v -3.813766 1.072362 0.021826
v -3.814010 1.071451 0.023822
v -3.814275 1.070461 0.025777
v -3.814561 1.069393 0.027688
v -3.814867 1.068250 0.029552
v -3.815193 1.067034 0.031365
v -3.815538 1.065746 0.033125
v -3.815902 1.064389 0.034828
v -3.816283 1.062966 0.036471
v -3.816682 1.061477 0.038053
v -3.817097 1.059927 0.039569
v -3.817528 1.058318 0.041017
v -3.817975 1.056653 0.042396
v -3.818435 1.054934 0.043702
v -3.818910 1.053164 0.044934
v -3.819397 1.051346 0.046088
v -3.819896 1.049484 0.047164
v -3.820405 1.047581 0.048160
v -3.820926 1.045640 0.049073
v -3.821455 1.043663 0.049902
v -3.821993 1.041656 0.050646
v -3.822539 1.039620 0.051304
v -3.823091 1.037560 0.051873
v -3.823648 1.035479 0.052355
v -3.824211 1.033380 0.052746
v -3.824777 1.031268 0.053048
v -3.825346 1.029145 0.053259
v -3.825916 1.027016 0.053379
v -3.826487 1.024883 0.053408
v -3.827059 1.022752 0.053345
v -3.827629 1.020625 0.053192
v -3.828197 1.018505 0.052947
v -3.828761 1.016397 0.052612
v -3.829322 1.014305 0.052187
v -3.829878 1.012231 0.051673
v -3.830427 1.010180 0.051071
v -3.830970 1.008154 0.050382
v -3.831505 1.006157 0.049606
v -3.832031 1.004193 0.048746
v -3.832548 1.002266 0.047802
v -3.833054 1.000377 0.046777
v -3.833549 0.998531 0.045672
v -3.834031 0.996731 0.044488
v -3.834500 0.994979 0.043229
v -3.834955 0.993280 0.041896
v -3.835396 0.991635 0.040491
v -3.835822 0.990047 0.039017
v -3.836231 0.988520 0.037477
v -3.836623 0.987055 0.035872
v -3.836998 0.985656 0.034206
v -3.837355 0.984324 0.032482
v -3.837693 0.983063 0.030702
v -3.838012 0.981873 0.028870
v -3.838311 0.980758 0.026988
v -3.838589 0.979718 0.025061
v -3.838847 0.978757 0.023090
v -3.839083 0.977875 0.021080
v -3.839298 0.977074 0.019034
v -3.839490 0.976355 0.016956
v -3.839661 0.975720 0.014848
v -3.839808 0.975170 0.012715
v -3.839933 0.974705 0.010561
v -3.840034 0.974327 0.008388
v -3.840112 0.974035 0.006201
v -3.840167 0.973831 0.004004
v -3.840198 0.973716 0.001799
v -3.840205 0.973688 -0.000408
v -3.840189 0.973748 -0.002615
v -3.840149 0.973896 -0.004817
v -3.840086 0.974132 -0.007011
v -3.839999 0.974456 -0.009193
v -3.839889 0.974866 -0.011360
v -3.839756 0.975363 -0.013507
v -3.839601 0.975945 -0.015631
v -3.839422 0.976611 -0.017728
v -3.839221 0.977360 -0.019795
v -3.838999 0.978191 -0.021828
v -3.838754 0.979102 -0.023824
v -3.838489 0.980093 -0.025779
v -3.838203 0.981160 -0.027690
v -3.837897 0.982303 -0.029554
v -3.837571 0.983520 -0.031367
v -3.837226 0.984807 -0.033127
v -3.836862 0.986164 -0.034830
v -3.836481 0.987588 -0.036473
v -3.836082 0.989076 -0.038055
v -3.835667 0.990626 -0.039571
v -3.835236 0.992235 -0.041019
v -3.834789 0.993900 -0.042398
v -3.834329 0.995619 -0.043704
v -4.150702 1.082076 -0.045255
v -4.150212 1.083906 -0.046418
v -4.149709 1.085782 -0.047502
v -4.149196 1.087698 -0.048504
v -4.148672 1.089654 -0.049424
v -4.148139 1.091644 -0.050259
v -4.147597 1.093666 -0.051008
v -4.147048 1.095716 -0.051670
v -4.146492 1.097791 -0.052244
v -4.145930 1.099887 -0.052729
v -4.145364 1.102000 -0.053123
v -4.144794 1.104128 -0.053427
v -4.144221 1.106266 -0.053640
v -4.143646 1.108410 -0.053761
v -4.143071 1.110557 -0.053790
v -4.142496 1.112704 -0.053727
v -4.141922 1.114847 -0.053572
v -4.141350 1.116981 -0.053326
v -4.140781 1.119104 -0.052989
v -4.140216 1.121211 -0.052561
v -4.139657 1.123300 -0.052043
v -4.139103 1.125366 -0.051437
v -4.138556 1.127406 -0.050742
v -4.138018 1.129417 -0.049961
v -4.137487 1.131395 -0.049095
v -4.136967 1.133336 -0.048144
v -4.136457 1.135238 -0.047112
v -4.135960 1.137097 -0.045998
v -4.135474 1.138910 -0.044807
v -4.135001 1.140674 -0.043539
v -4.134542 1.142386 -0.042196
v -4.134099 1.144043 -0.040781
v -4.133670 1.145641 -0.039297
v -4.133258 1.147180 -0.037745
v -4.132863 1.148655 -0.036129
v -4.132485 1.150064 -0.034452
v -4.132126 1.151405 -0.032715
v -4.131785 1.152676 -0.030923
v -4.131464 1.153874 -0.029077
v -4.131163 1.154997 -0.027182
v -4.130883 1.156044 -0.025241
v -4.130623 1.157012 -0.023256
v -4.130385 1.157900 -0.021232
v -4.130169 1.158707 -0.019172
v -4.129975 1.159431 -0.017078
v -4.129804 1.160070 -0.014956
v -4.129655 1.160625 -0.012808
v -4.129530 1.161093 -0.010638
v -4.129428 1.161474 -0.008450
v -4.129349 1.161767 -0.006248
v -4.129294 1.161972 -0.004034
v -4.129263 1.162089 -0.001814
v -4.129255 1.162117 0.000409
v -4.129272 1.162056 0.002631
v -4.129312 1.161907 0.004849
v -4.129375 1.161669 0.007059
v -4.129463 1.161343 0.009257
v -4.129573 1.160930 0.011438
v -4.129707 1.160430 0.013601
v -4.129864 1.159844 0.015740
v -4.130044 1.159173 0.017852
v -4.130246 1.158419 0.019933
v -4.130471 1.157582 0.021981
v -4.130716 1.156664 0.023991
v -4.130984 1.155667 0.025960
v -4.131272 1.154592 0.027885
v -4.131580 1.153440 0.029762
v -4.131908 1.152215 0.031588
v -4.132256 1.150919 0.033360
v -4.132622 1.149552 0.035075
v -4.133007 1.148118 0.036730
v -4.133408 1.146620 0.038323
v -4.133826 1.145059 0.039850
v -4.134260 1.143438 0.041309
v -4.134710 1.141761 0.042697
v -4.135174 1.140029 0.044013
v -4.135652 1.138247 0.045253
v -4.136142 1.136417 0.046416
v -4.136644 1.134541 0.047500
v -4.137158 1.132625 0.048502
v -4.137682 1.130669 0.049422
v -4.138215 1.128679 0.050257
v -4.138757 1.126657 0.051006
v -4.139306 1.124607 0.051668
v -4.139862 1.122532 0.052242
v -4.140424 1.120436 0.052727
v -4.140990 1.118322 0.053121
v -4.141560 1.116195 0.053425
v -4.142133 1.114057 0.053638
v -4.142708 1.111913 0.053758
v -4.143283 1.109765 0.053787
v -4.143858 1.107619 0.053725
v -4.144432 1.105476 0.053570
v -4.145004 1.103342 0.053324
v -4.145573 1.101219 0.052986
v -4.146138 1.099112 0.052559
v -4.146698 1.097023 0.052041
v -4.147251 1.094957 0.051434
v -4.147798 1.092917 0.050740
v -4.148336 1.090906 0.049959
v -4.148866 1.088928 0.049092
v -4.149386 1.086987 0.048142
v -4.149896 1.085085 0.047109
v -4.150394 1.083226 0.045996
v -4.150880 1.081413 0.044805
v -4.151353 1.079649 0.043536
v -4.151812 1.077937 0.042194
v -4.152256 1.076280 0.040779
v -4.152684 1.074682 0.039295
v -4.153096 1.073143 0.037743
v -4.153491 1.071668 0.036127
v -4.153869 1.070259 0.034450
v -4.154228 1.068918 0.032713
v -4.154569 1.067647 0.030921
v -4.154890 1.066449 0.029075
v -4.155190 1.065326 0.027180
v -4.155471 1.064279 0.025239
v -4.155730 1.063311 0.023254
v -4.155969 1.062423 0.021230
v -4.156185 1.061616 0.019170
v -4.156379 1.060892 0.017076
v -4.156550 1.060253 0.014954
v -4.156698 1.059698 0.012806
v -4.156824 1.059230 0.010636
v -4.156926 1.058849 0.008448
v -4.157005 1.058556 0.006245
v -4.157060 1.058350 0.004032
v -4.157091 1.058234 0.001812
v -4.157098 1.058206 -0.000411
v -4.157082 1.058267 -0.002634
v -4.157042 1.058416 -0.004851
v -4.156978 1.058654 -0.007061
v -4.156891 1.058980 -0.009259
v -4.156780 1.059393 -0.011441
v -4.156646 1.059893 -0.013603
v -4.156489 1.060479 -0.015742
v -4.156310 1.061149 -0.017854
v -4.156107 1.061904 -0.019936
v -4.155883 1.062741 -0.021983
v -4.155637 1.063659 -0.023993
v -4.155370 1.064656 -0.025962
v -4.155082 1.065731 -0.027887
v -4.154773 1.066882 -0.029764
v -4.154445 1.068107 -0.031590
v -4.154098 1.069404 -0.033362
v -4.153731 1.070771 -0.035077
v -4.153347 1.072205 -0.036733
v -4.152946 1.073703 -0.038325
v -4.152528 1.075264 -0.039852
v -4.152093 1.076885 -0.041311
v -4.151644 1.078562 -0.042700
v -4.151180 1.080294 -0.044015
v 1.867537 -0.564477 -0.088094
v 1.866608 -0.567943 -0.085461
v 1.865709 -0.571300 -0.082682
v 1.864840 -0.574544 -0.079762
v 1.864002 -0.577668 -0.076705
v 1.863199 -0.580667 -0.073518
v 1.862430 -0.583537 -0.070205
v 1.861697 -0.586272 -0.066772
v 1.861001 -0.588868 -0.063225
v 1.860345 -0.591320 -0.059570
v 1.859727 -0.593623 -0.055813
v 1.859151 -0.595775 -0.051961
v 1.858616 -0.597772 -0.048020
v 1.858123 -0.599609 -0.043997
v 1.857675 -0.601284 -0.039899
v 1.857270 -0.602794 -0.035732
v 1.856910 -0.604137 -0.031505
v 1.856596 -0.605309 -0.027224
v 1.856328 -0.606310 -0.022896
v 1.856106 -0.607137 -0.018529
v 1.855931 -0.607789 -0.014131
v 1.855804 -0.608265 -0.009708
v 1.855724 -0.608564 -0.005269
v 1.855691 -0.608686 -0.000821
v 1.855706 -0.608630 0.003629
v 1.855769 -0.608396 0.008072
v 1.855879 -0.607985 0.012502
v 1.856036 -0.607398 0.016910
v 1.856241 -0.606635 0.021290
v 1.856492 -0.605698 0.025633
v 1.856789 -0.604589 0.029932
v 1.857132 -0.603309 0.034180
v 1.857520 -0.601860 0.038370
v 1.857953 -0.600246 0.042494
v 1.858429 -0.598468 0.046546
v 1.858948 -0.596530 0.050518
v 1.859510 -0.594435 0.054403
v 1.860112 -0.592186 0.058196
v 1.860755 -0.589789 0.061889
v 1.861436 -0.587246 0.065477
v 1.862155 -0.584561 0.068953
v 1.862911 -0.581741 0.072311
v 1.863702 -0.578789 0.075545
v 1.864527 -0.575710 0.078650
v 1.865385 -0.572510 0.081621
v 1.866273 -0.569194 0.084453
v 1.867191 -0.565768 0.087140
v 1.868137 -0.562237 0.089678
v 1.869110 -0.558608 0.092063
v 1.870106 -0.554887 0.094291
v 1.871127 -0.551081 0.096358
v 1.872168 -0.547195 0.098260
v 1.873228 -0.543236 0.099994
v 1.874307 -0.539212 0.101558
v 1.875401 -0.535128 0.102948
v 1.876509 -0.530993 0.104162
v 1.877629 -0.526813 0.105198
v 1.878759 -0.522595 0.106054
v 1.879898 -0.518346 0.106729
v 1.881042 -0.514074 0.107222
v 1.882191 -0.509786 0.107531
v 1.883343 -0.505489 0.107657
v 1.884494 -0.501191 0.107599
v 1.885644 -0.496899 0.107357
v 1.886791 -0.492621 0.106932
v 1.887932 -0.488363 0.106324
v 1.889065 -0.484132 0.105534
v 1.890189 -0.479937 0.104564
v 1.891302 -0.475785 0.103416
v 1.892401 -0.471681 0.102091
v 1.893486 -0.467634 0.100591
v 1.894553 -0.463651 0.098919
v 1.895602 -0.459737 0.097079
v 1.896630 -0.455901 0.095072
v 1.897636 -0.452147 0.092903
v 1.898617 -0.448484 0.090576
v 1.899573 -0.444916 0.088094
v 1.900502 -0.441451 0.085461
v 1.901401 -0.438094 0.082682
v 1.902270 -0.434850 0.079762
v 1.903107 -0.431726 0.076705
v 1.903911 -0.428726 0.073518
v 1.904680 -0.425857 0.070205
v 1.905413 -0.423122 0.066772
v 1.906108 -0.420526 0.063225
v 1.906765 -0.418074 0.059570
v 1.907383 -0.415770 0.055813
v 1.907959 -0.413618 0.051961
v 1.908494 -0.411622 0.048020
v 1.908987 -0.409785 0.043997
v 1.909435 -0.408110 0.039899
v 1.909840 -0.406600 0.035732
v 1.910200 -0.405257 0.031505
v 1.910514 -0.404084 0.027224
v 1.910782 -0.403084 0.022896
v 1.911004 -0.402257 0.018529
v 1.911178 -0.401604 0.014131
v 1.911306 -0.401128 0.009708
v 1.911386 -0.400829 0.005269
v 1.911419 -0.400708 0.000821
v 1.911404 -0.400764 -0.003629
v 1.911341 -0.400998 -0.008073
v 1.911231 -0.401408 -0.012502
v 1.911074 -0.401996 -0.016911
v 1.910869 -0.402758 -0.021290
v 1.910618 -0.403695 -0.025633
v 1.910321 -0.404805 -0.029932
v 1.909978 -0.406085 -0.034180
v 1.909590 -0.407533 -0.038370
v 1.909157 -0.409148 -0.042494
v 1.908681 -0.410926 -0.046546
v 1.908162 -0.412864 -0.050518
v 1.907600 -0.414959 -0.054403
v 1.906998 -0.417207 -0.058196
v 1.906355 -0.419605 -0.061889
v 1.905674 -0.422148 -0.065477
v 1.904955 -0.424832 -0.068953
v 1.904199 -0.427653 -0.072311
v 1.903408 -0.430605 -0.075545
v 1.902583 -0.433684 -0.078650
v 1.901725 -0.436884 -0.081621
v 1.900837 -0.440200 -0.084453
v 1.899919 -0.443626 -0.087140
v 1.898973 -0.447157 -0.089678
v 1.898000 -0.450786 -0.092064
v 1.897003 -0.454506 -0.094291
v 1.895983 -0.458313 -0.096358
v 1.894942 -0.462199 -0.098260
v 1.893882 -0.466158 -0.099994
v 1.892803 -0.470182 -0.101558
v 1.891709 -0.474265 -0.102948
v 1.890601 -0.478401 -0.104162
v 1.889481 -0.482581 -0.105198
v 1.888351 -0.486799 -0.106054
v 1.887212 -0.491048 -0.106729
v 1.886068 -0.495320 -0.107222
v 1.884919 -0.499608 -0.107532
v 1.883767 -0.503904 -0.107657
v 1.882616 -0.508202 -0.107599
v 1.881466 -0.512494 -0.107357
v 1.880319 -0.516773 -0.106932
v 1.879178 -0.521031 -0.106324
v 1.878045 -0.525261 -0.105535
v 1.876921 -0.529456 -0.104565
v 1.875808 -0.533609 -0.103416
v 1.874709 -0.537712 -0.102091
v 1.873624 -0.541759 -0.100591
v 1.872557 -0.545743 -0.098919
v 1.871508 -0.549656 -0.097079
v 1.870480 -0.553493 -0.095072
v 1.869474 -0.557246 -0.092904
v 1.868493 -0.560910 -0.090576
v 1.910979 -0.556896 -0.061666
v 1.910329 -0.559322 -0.059823
v 1.909700 -0.561672 -0.057877
v 1.909091 -0.563942 -0.055833
v 1.908505 -0.566129 -0.053694
v 1.907943 -0.568229 -0.051463
v 1.907405 -0.570238 -0.049144
v 1.906892 -0.572152 -0.046740
v 1.906405 -0.573969 -0.044258
v 1.905945 -0.575686 -0.041699
v 1.905513 -0.577298 -0.039069
v 1.905109 -0.578805 -0.036373
v 1.904735 -0.580202 -0.033614
v 1.904390 -0.581488 -0.030798
v 1.904076 -0.582661 -0.027929
v 1.903793 -0.583718 -0.025013
v 1.903541 -0.584658 -0.022054
v 1.903321 -0.585478 -0.019057
v 1.903133 -0.586179 -0.016027
v 1.902978 -0.586758 -0.012970
v 1.902856 -0.587214 -0.009891
v 1.902766 -0.587548 -0.006796
v 1.902710 -0.587757 -0.003688
v 1.902688 -0.587842 -0.000574
v 1.902698 -0.587803 0.002540
v 1.902742 -0.587639 0.005651
v 1.902819 -0.587352 0.008751
v 1.902929 -0.586941 0.011837
v 1.903072 -0.586407 0.014903
v 1.903248 -0.585751 0.017943
v 1.903456 -0.584974 0.020952
v 1.903696 -0.584078 0.023926
v 1.903968 -0.583064 0.026859
v 1.904271 -0.581934 0.029746
v 1.904604 -0.580689 0.032582
v 1.904968 -0.579333 0.035362
v 1.905360 -0.577866 0.038082
v 1.905782 -0.576292 0.040737
v 1.906232 -0.574614 0.043323
v 1.906709 -0.572834 0.045834
v 1.907212 -0.570955 0.048267
v 1.907741 -0.568981 0.050617
v 1.908295 -0.566914 0.052881
v 1.908873 -0.564759 0.055055
v 1.909473 -0.562519 0.057135
v 1.910095 -0.560197 0.059117
v 1.910737 -0.557799 0.060998
v 1.911400 -0.555328 0.062775
v 1.912080 -0.552788 0.064444
v 1.912778 -0.550183 0.066004
v 1.913492 -0.547518 0.067451
v 1.914221 -0.544798 0.068782
v 1.914964 -0.542027 0.069996
v 1.915718 -0.539210 0.071090
v 1.916484 -0.536352 0.072063
v 1.917260 -0.533457 0.072913
v 1.918044 -0.530531 0.073638
v 1.918835 -0.527578 0.074238
v 1.919632 -0.524604 0.074710
v 1.920433 -0.521614 0.075055
v 1.921238 -0.518612 0.075272
v 1.922043 -0.515604 0.075360
v 1.922850 -0.512596 0.075319
v 1.923655 -0.509591 0.075150
v 1.924457 -0.506596 0.074852
v 1.925256 -0.503616 0.074427
v 1.926049 -0.500655 0.073874
v 1.926836 -0.497718 0.073195
v 1.927615 -0.494811 0.072391
v 1.928385 -0.491939 0.071463
v 1.929144 -0.489106 0.070414
v 1.929891 -0.486317 0.069244
v 1.930625 -0.483578 0.067955
v 1.931345 -0.480892 0.066551
v 1.932049 -0.478265 0.065032
v 1.932736 -0.475701 0.063403
v 1.933405 -0.473203 0.061665
v 1.934055 -0.470778 0.059822
v 1.934685 -0.468427 0.057877
v 1.935293 -0.466157 0.055833
v 1.935879 -0.463970 0.053694
v 1.936441 -0.461870 0.051463
v 1.936980 -0.459862 0.049143
v 1.937493 -0.457947 0.046740
v 1.937980 -0.456130 0.044257
v 1.938439 -0.454414 0.041699
v 1.938872 -0.452801 0.039069
v 1.939275 -0.451295 0.036373
v 1.939650 -0.449897 0.033614
v 1.939994 -0.448611 0.030798
v 1.940308 -0.447439 0.027929
v 1.940592 -0.446382 0.025013
v 1.940843 -0.445442 0.022053
v 1.941063 -0.444621 0.019057
v 1.941251 -0.443920 0.016027
v 1.941406 -0.443341 0.012970
v 1.941529 -0.442885 0.009891
v 1.941618 -0.442552 0.006796
v 1.941674 -0.442342 0.003688
v 1.941697 -0.442257 0.000574
v 1.941686 -0.442297 -0.002540
v 1.941642 -0.442460 -0.005651
v 1.941565 -0.442748 -0.008752
v 1.941455 -0.443159 -0.011837
v 1.941312 -0.443693 -0.014903
v 1.941136 -0.444349 -0.017943
v 1.940928 -0.445125 -0.020953
v 1.940688 -0.446021 -0.023926
v 1.940417 -0.447035 -0.026859
v 1.940114 -0.448166 -0.029746
v 1.939780 -0.449410 -0.032582
v 1.939417 -0.450767 -0.035362
v 1.939024 -0.452233 -0.038082
v 1.938602 -0.453807 -0.040737
v 1.938152 -0.455485 -0.043323
v 1.937675 -0.457266 -0.045834
v 1.937172 -0.459144 -0.048267
v 1.936643 -0.461119 -0.050617
v 1.936089 -0.463185 -0.052882
v 1.935512 -0.465341 -0.055055
v 1.934911 -0.467581 -0.057135
v 1.934289 -0.469902 -0.059117
v 1.933647 -0.472300 -0.060998
v 1.932985 -0.474772 -0.062775
v 1.932304 -0.477312 -0.064444
v 1.931606 -0.479916 -0.066004
v 1.930892 -0.482581 -0.067451
v 1.930163 -0.485301 -0.068782
v 1.929421 -0.488072 -0.069996
v 1.928666 -0.490889 -0.071090
v 1.927900 -0.493748 -0.072063
v 1.927124 -0.496642 -0.072913
v 1.926340 -0.499569 -0.073638
v 1.925549 -0.502521 -0.074238
v 1.924752 -0.505495 -0.074710
v 1.923951 -0.508486 -0.075055
v 1.923147 -0.511487 -0.075272
v 1.922341 -0.514495 -0.075360
v 1.921535 -0.517503 -0.075320
v 1.920730 -0.520508 -0.075150
v 1.919927 -0.523503 -0.074853
v 1.919128 -0.526484 -0.074427
v 1.918335 -0.529445 -0.073874
v 1.917548 -0.532381 -0.073195
v 1.916769 -0.535288 -0.072391
v 1.916000 -0.538161 -0.071463
v 1.915241 -0.540993 -0.070414
v 1.914493 -0.543782 -0.069244
v 1.913759 -0.546521 -0.067955
v 1.913040 -0.549207 -0.066551
v 1.912336 -0.551834 -0.065032
v 1.911649 -0.554399 -0.063403
v 2.345646 -0.673365 -0.061666
v 2.344996 -0.675790 -0.059823
v 2.344366 -0.678140 -0.057877
v 2.343758 -0.680411 -0.055833
v 2.343172 -0.682598 -0.053694
v 2.342609 -0.684698 -0.051463
v 2.342071 -0.686706 -0.049144
v 2.341558 -0.688621 -0.046740
v 2.341071 -0.690438 -0.044258
v 2.340611 -0.692154 -0.041699
v 2.340179 -0.693767 -0.039069
v 2.339776 -0.695273 -0.036373
v 2.339401 -0.696671 -0.033614
v 2.339057 -0.697957 -0.030798
v 2.338742 -0.699129 -0.027929
v 2.338459 -0.700186 -0.025013
v 2.338207 -0.701126 -0.022054
v 2.337987 -0.701947 -0.019057
v 2.337800 -0.702647 -0.016027
v 2.337645 -0.703226 -0.012970
v 2.337522 -0.703683 -0.009891
v 2.337433 -0.704016 -0.006796
v 2.337377 -0.704225 -0.003688
v 2.337354 -0.704311 -0.000574
v 2.337365 -0.704271 0.002540
v 2.337409 -0.704108 0.005651
v 2.337486 -0.703820 0.008751
v 2.337596 -0.703409 0.011837
v 2.337739 -0.702875 0.014903
v 2.337914 -0.702219 0.017943
v 2.338123 -0.701443 0.020952
v 2.338363 -0.700547 0.023926
v 2.338634 -0.699533 0.026859
v 2.338937 -0.698402 0.029746
v 2.339271 -0.697158 0.032582
v 2.339634 -0.695801 0.035362
v 2.340027 -0.694335 0.038082
v 2.340449 -0.692761 0.040737
v 2.340899 -0.691083 0.043323
v 2.341376 -0.689302 0.045834
v 2.341879 -0.687423 0.048267
v 2.342408 -0.685449 0.050617
v 2.342962 -0.683382 0.052881
v 2.343539 -0.681227 0.055055
v 2.344140 -0.678987 0.057135
v 2.344761 -0.676666 0.059117
v 2.345404 -0.674268 0.060998
v 2.346066 -0.671796 0.062775
v 2.346747 -0.669256 0.064444
v 2.347445 -0.666651 0.066004
v 2.348159 -0.663987 0.067451
v 2.348888 -0.661267 0.068782
v 2.349630 -0.658496 0.069996
v 2.350385 -0.655679 0.071090
v 2.351151 -0.652820 0.072063
v 2.351927 -0.649925 0.072913
v 2.352711 -0.646999 0.073638
v 2.353502 -0.644047 0.074238
v 2.354299 -0.641073 0.074710
v 2.355100 -0.638082 0.075055
v 2.355904 -0.635081 0.075272
v 2.356710 -0.632073 0.075360
v 2.357516 -0.629064 0.075319
v 2.358321 -0.626060 0.075150
v 2.359124 -0.623065 0.074852
v 2.359922 -0.620084 0.074427
v 2.360716 -0.617123 0.073874
v 2.361503 -0.614187 0.073195
v 2.362282 -0.611280 0.072391
v 2.363051 -0.608407 0.071463
v 2.363810 -0.605574 0.070414
v 2.364558 -0.602786 0.069243
v 2.365292 -0.600047 0.067955
v 2.366011 -0.597361 0.066551
v 2.366715 -0.594734 0.065032
v 2.367402 -0.592169 0.063403
v 2.368072 -0.589672 0.061665
v 2.368721 -0.587246 0.059822
v 2.369351 -0.584896 0.057877
v 2.369960 -0.582626 0.055833
v 2.370546 -0.580439 0.053694
v 2.371108 -0.578339 0.051463
v 2.371646 -0.576330 0.049143
v 2.372159 -0.574416 0.046740
v 2.372646 -0.572599 0.044257
v 2.373106 -0.570882 0.041699
v 2.373538 -0.569270 0.039069
v 2.373942 -0.567763 0.036373
v 2.374316 -0.566366 0.033614
v 2.374661 -0.565080 0.030798
v 2.374975 -0.563907 0.027929
v 2.375258 -0.562850 0.025013
v 2.375510 -0.561910 0.022053
v 2.375730 -0.561090 0.019057
v 2.375918 -0.560389 0.016027
v 2.376073 -0.559810 0.012970
v 2.376195 -0.559354 0.009891
v 2.376285 -0.559020 0.006796
v 2.376341 -0.558811 0.003688
v 2.376364 -0.558726 0.000574
v 2.376353 -0.558765 -0.002540
v 2.376309 -0.558929 -0.005651
v 2.376232 -0.559216 -0.008752
v 2.376122 -0.559627 -0.011837
v 2.375979 -0.560161 -0.014903
v 2.375803 -0.560817 -0.017943
v 2.375595 -0.561594 -0.020953
v 2.375355 -0.562490 -0.023926
v 2.375083 -0.563504 -0.026859
v 2.374780 -0.564634 -0.029746
v 2.374447 -0.565879 -0.032582
v 2.374083 -0.567235 -0.035362
v 2.373690 -0.568702 -0.038082
v 2.373269 -0.570275 -0.040737
v 2.372819 -0.571954 -0.043323
v 2.372342 -0.573734 -0.045834
v 2.371839 -0.575613 -0.048267
v 2.371310 -0.577587 -0.050618
v 2.370756 -0.579654 -0.052882
v 2.370178 -0.581809 -0.055055
v 2.369578 -0.584049 -0.057135
v 2.368956 -0.586370 -0.059117
v 2.368314 -0.588769 -0.060998
v 2.367651 -0.591240 -0.062775
v 2.366971 -0.593780 -0.064444
v 2.366273 -0.596385 -0.066004
v 2.365559 -0.599050 -0.067451
v 2.364830 -0.601770 -0.068782
v 2.364087 -0.604541 -0.069996
v 2.363333 -0.607358 -0.071090
v 2.362567 -0.610216 -0.072063
v 2.361791 -0.613111 -0.072913
v 2.361007 -0.616037 -0.073638
v 2.360216 -0.618990 -0.074238
v 2.359419 -0.621964 -0.074710
v 2.358618 -0.624954 -0.075055
v 2.357813 -0.627956 -0.075272
v 2.357008 -0.630963 -0.075360
v 2.356201 -0.633972 -0.075320
v 2.355396 -0.636976 -0.075150
v 2.354594 -0.639972 -0.074853
v 2.353795 -0.642952 -0.074427
v 2.353002 -0.645913 -0.073874
v 2.352215 -0.648850 -0.073195
v 2.351436 -0.651757 -0.072391
v 2.350666 -0.654629 -0.071463
v 2.349907 -0.657462 -0.070414
v 2.349160 -0.660250 -0.069244
v 2.348426 -0.662990 -0.067955
v 2.347706 -0.665676 -0.066551
v 2.347002 -0.668303 -0.065033
v 2.346315 -0.670867 -0.063403
vn -0.0972 -0.3628 -0.9268
vn 0.7672 0.6062 -0.2095
vn 0.6462 0.1543 -0.7474
vn 0.6841 0.2960 -0.6666
vn 0.7503 0.5431 0.3769
vn 0.4265 -0.6656 -0.6124
vn 0.3567 -0.9261 -0.1231
vn 0.5529 -0.1938 -0.8104
vn 0.4987 -0.3961 0.7710
vn 0.6432 0.1433 0.7522
vn 0.3809 -0.8357 0.3956
vn 0.7693 0.6139 -0.1769
vn 0.6912 0.3222 -0.6469
vn 0.7461 0.5274 0.4063
vn 0.4331 -0.6407 -0.6339
vn 0.3582 -0.9205 -0.1562
vn 0.5616 -0.1614 -0.8115
vn 0.4905 -0.4266 0.7599
vn 0.6351 0.1130 0.7641
vn 0.3768 -0.8509 0.3659
vn 0.7710 0.6203 -0.1440
vn 0.6980 0.3476 -0.6261
vn 0.7416 0.5106 0.4350
vn 0.4400 -0.6150 -0.6543
vn 0.3600 -0.9136 -0.1890
vn 0.5703 -0.1290 -0.8113
vn 0.4824 -0.4567 0.7474
vn 0.6269 0.0823 0.7748
vn 0.3731 -0.8650 0.3357
vn 0.7724 0.6254 -0.1109
vn 0.7045 0.3722 -0.6042
vn 0.7368 0.4927 0.4629
vn 0.4471 -0.5885 -0.6736
vn 0.3622 -0.9054 -0.2214
vn 0.5789 -0.0967 -0.8096
vn 0.4745 -0.4863 0.7337
vn 0.6185 0.0511 0.7841
vn 0.3696 -0.8777 0.3049
vn 0.7734 0.6291 -0.0776
vn 0.7109 0.3958 -0.5813
vn 0.7317 0.4737 0.4901
vn 0.4667 -0.5153 0.7188
vn 0.3647 -0.8959 -0.2535
vn 0.5876 -0.0644 -0.8066
vn 0.7741 0.6316 -0.0441
vn 0.6101 0.0197 0.7921
vn 0.3665 -0.8893 0.2735
vn 0.4591 -0.5437 0.7026
vn 0.7170 0.4186 -0.5574
vn 0.7264 0.4536 0.5164
vn 0.7744 0.6327 -0.0106
vn 0.3677 -0.8852 -0.2852
vn 0.5962 -0.0323 -0.8022
vn 0.4544 -0.5613 -0.6917
vn 0.6016 -0.0121 0.7987
vn 0.3638 -0.8996 0.2417
vn 0.4517 -0.5714 0.6852
vn 0.7228 0.4403 -0.5326
vn 0.7207 0.4324 0.5418
vn 0.7743 0.6324 0.0230
vn 0.3709 -0.8732 -0.3163
vn 0.6047 -0.0004 -0.7964
vn 0.4619 -0.5333 -0.7087
vn 0.5930 -0.0441 0.8040
vn 0.3614 -0.9086 0.2095
vn 0.4445 -0.5984 0.6666
vn 0.7284 0.4611 -0.5068
vn 0.7148 0.4103 0.5664
vn 0.7739 0.6308 0.0564
vn 0.3744 -0.8599 -0.3469
vn 0.6132 0.0313 -0.7893
vn 0.4696 -0.5047 -0.7244
vn 0.5844 -0.0763 0.8079
vn 0.3593 -0.9163 0.1769
vn 0.4375 -0.6246 0.6469
vn 0.7337 0.4808 -0.4802
vn 0.7086 0.3872 0.5899
vn 0.7731 0.6279 0.0899
vn 0.3783 -0.8455 -0.3769
vn 0.6216 0.0626 -0.7808
vn 0.4774 -0.4755 -0.7389
vn 0.5757 -0.1086 0.8104
vn 0.3576 -0.9227 0.1440
vn 0.4307 -0.6500 0.6261
vn 0.7386 0.4994 -0.4527
vn 0.7022 0.3632 0.6124
vn 0.7719 0.6237 0.1231
vn 0.3825 -0.8298 -0.4063
vn 0.6299 0.0937 -0.7710
vn 0.4854 -0.4457 -0.7522
vn 0.5670 -0.1410 0.8115
vn 0.3562 -0.9278 0.1109
vn 0.4241 -0.6746 0.6042
vn 0.7433 0.5170 -0.4245
vn 0.6955 0.3383 0.6339
vn 0.7704 0.6181 0.1562
vn 0.3870 -0.8130 -0.4350
vn 0.6381 0.1242 -0.7599
vn 0.4935 -0.4154 -0.7641
vn 0.5584 -0.1734 0.8113
vn 0.3552 -0.9316 0.0776
vn 0.4177 -0.6983 0.5813
vn 0.7477 0.5333 -0.3956
vn 0.6886 0.3126 0.6543
vn 0.7686 0.6112 0.1890
vn 0.3918 -0.7951 -0.4629
vn 0.3546 -0.9340 0.0441
vn 0.5017 -0.3847 -0.7748
vn 0.5497 -0.2057 0.8096
vn 0.4116 -0.7210 0.5574
vn 0.7518 0.5485 -0.3659
vn 0.7664 0.6030 0.2214
vn 0.3969 -0.7761 -0.4901
vn 0.5101 -0.3536 -0.7841
vn 0.5411 -0.2380 0.8066
vn 0.6815 0.2861 0.6736
vn 0.4058 -0.7428 0.5326
vn 0.7556 0.5625 -0.3357
vn 0.6541 0.1839 -0.7337
vn 0.7639 0.5935 0.2535
vn 0.4023 -0.7560 -0.5164
vn 0.3543 -0.9351 0.0106
vn 0.5185 -0.3221 -0.7921
vn 0.5324 -0.2701 0.8022
vn 0.6742 0.2589 0.6917
vn 0.4002 -0.7635 0.5068
vn 0.7590 0.5753 -0.3049
vn 0.6619 0.2129 -0.7188
vn 0.7610 0.5828 0.2851
vn 0.4079 -0.7348 -0.5419
vn 0.3543 -0.9348 -0.0230
vn 0.5270 -0.2903 -0.7987
vn 0.5239 -0.3021 0.7964
vn 0.6667 0.2309 0.7087
vn 0.3950 -0.7832 0.4802
vn 0.7621 0.5869 -0.2735
vn 0.6695 0.2413 -0.7026
vn 0.7578 0.5708 0.3163
vn 0.4138 -0.7127 -0.5663
vn 0.3548 -0.9332 -0.0565
vn 0.5356 -0.2583 -0.8040
vn 0.5154 -0.3337 0.7893
vn 0.6590 0.2023 0.7244
vn 0.3900 -0.8018 0.4527
vn 0.7648 0.5972 -0.2417
vn 0.6769 0.2690 -0.6852
vn 0.7542 0.5575 0.3469
vn 0.4200 -0.6896 -0.5899
vn 0.3555 -0.9303 -0.0899
vn 0.5442 -0.2261 -0.8079
vn 0.5070 -0.3651 0.7808
vn 0.6512 0.1730 0.7389
vn 0.3853 -0.8194 0.4245
vn 0.2564 0.9569 -0.1366
vn 0.1070 0.3995 0.9105
vn -0.1698 -0.6338 -0.7546
vn 0.9659 -0.2588 -0.0000
vn -0.2459 -0.9176 -0.3123
vn 0.9659 -0.2589 -0.0000
vn 0.0808 0.3017 -0.9500
vn -0.1387 -0.5177 0.8442
vn -0.2564 -0.9569 0.1366
vn 0.2471 0.9221 -0.2978
vn 0.1997 0.7452 0.6363
vn -0.2588 -0.9658 0.0130
vn -0.1106 -0.4129 0.9040
vn 0.0706 0.2635 -0.9621
vn 0.2517 0.9394 0.2328
vn 0.2022 0.7544 -0.6245
vn 0.1354 0.5052 0.8523
vn -0.1167 -0.4355 -0.8926
vn 0.0668 0.2493 0.9661
vn -0.1997 -0.7452 -0.6363
vn -0.2292 -0.8554 -0.4644
vn -0.1728 -0.6449 0.7445
vn -0.2471 -0.9221 0.2978
vn 0.2310 0.8622 -0.4509
vn 0.2240 0.8362 0.5006
vn -0.0706 -0.2635 0.9621
vn 0.0287 0.1070 -0.9938
vn 0.2384 0.8896 0.3897
vn 0.2260 0.8434 -0.4874
vn -0.1354 -0.5052 -0.8523
vn 0.0247 0.0923 0.9954
vn -0.2240 -0.8362 -0.5006
vn -0.2063 -0.7699 -0.6039
vn -0.2022 -0.7544 0.6245
vn -0.2310 -0.8622 0.4509
vn 0.2087 0.7787 -0.5916
vn 0.2423 0.9044 0.3513
vn -0.0287 -0.1070 0.9938
vn -0.0141 -0.0525 -0.9985
vn 0.2185 0.8155 0.5360
vn 0.2356 0.8794 -0.4136
vn -0.0247 -0.0923 -0.9954
vn -0.0180 -0.0672 0.9976
vn -0.2423 -0.9044 -0.3513
vn -0.1778 -0.6634 -0.7268
vn -0.2260 -0.8434 0.4874
vn -0.2087 -0.7787 0.5916
vn 0.1806 0.6740 -0.7163
vn 0.2540 0.9479 0.1924
vn 0.0141 0.0525 0.9985
vn -0.0564 -0.2105 -0.9760
vn 0.1927 0.7191 0.6676
vn -0.2558 -0.9547 -0.1517
vn 0.2500 0.9332 -0.2581
vn 0.0180 0.0672 -0.9976
vn -0.0603 -0.2249 0.9725
vn -0.2540 -0.9479 -0.1924
vn 0.2547 0.9506 -0.1774
vn -0.2437 -0.9094 0.3370
vn -0.1806 -0.6740 0.7163
vn 0.1476 0.5510 -0.8214
vn 0.2576 0.9615 -0.0956
vn 0.0564 0.2105 0.9760
vn -0.0771 -0.2877 -0.9546
vn 0.1387 0.5177 -0.8442
vn 0.1444 0.5388 0.8300
vn -0.1616 -0.6032 -0.7811
vn 0.0393 0.1465 -0.9884
vn -0.1009 -0.3764 0.9209
vn -0.2587 -0.9655 -0.0283
vn 0.2588 0.9658 -0.0131
vn 0.1698 0.6338 0.7546
vn -0.2547 -0.9506 0.1775
vn -0.1476 -0.5510 0.8214
vn 0.1106 0.4129 -0.9040
vn 0.2582 0.9636 0.0696
vn 0.1728 0.6449 -0.7445
vn 0.0972 0.3628 0.9268
vn 0.0771 0.2877 0.9546
vn -0.1531 -0.5715 -0.8062
vn 0.0603 0.2249 -0.9725
vn 0.2526 0.9427 -0.2180
vn -0.2576 -0.9615 0.0956
vn 0.2558 0.9547 0.1517
vn 0.1167 0.4355 0.8926
vn -0.1854 -0.6919 -0.6978
vn 0.1202 0.4486 -0.8856
vn 0.2399 0.8952 -0.3756
vn -0.2582 -0.9636 -0.0696
vn 0.2459 0.9176 0.3123
vn -0.2126 -0.7934 -0.5704
vn 0.2206 0.8233 -0.5230
vn 0.2292 0.8554 0.4644
vn -0.2340 -0.8732 -0.4274
vn 0.1953 0.7289 -0.6562
vn 0.2063 0.7699 0.6039
vn -0.2490 -0.9293 -0.2728
vn 0.1647 0.6146 -0.7715
vn 0.1616 0.6032 0.7811
vn -0.2572 -0.9600 -0.1107
vn 0.1296 0.4836 -0.8657
vn 0.1261 0.4708 0.8732
vn -0.2584 -0.9645 0.0544
vn 0.0909 0.3394 -0.9363
vn 0.0872 0.3255 0.9415
vn -0.2526 -0.9427 0.2180
vn 0.0498 0.1859 -0.9813
vn 0.0459 0.1714 0.9841
vn -0.2399 -0.8952 0.3756
vn 0.0073 0.0273 -0.9996
vn 0.0034 0.0126 0.9999
vn -0.2206 -0.8233 0.5230
vn -0.0354 -0.1320 -0.9906
vn -0.0393 -0.1465 0.9884
vn 0.1531 0.5715 0.8062
vn -0.1953 -0.7289 0.6562
vn -0.0668 -0.2493 -0.9661
vn -0.0808 -0.3017 0.9500
vn -0.9659 0.2588 -0.0000
vn -0.1647 -0.6146 0.7715
vn 0.1563 0.5833 -0.7971
vn -0.0872 -0.3255 -0.9415
vn -0.2517 -0.9394 -0.2328
vn -0.1202 -0.4486 0.8856
vn 0.1854 0.6919 0.6978
vn -0.1296 -0.4836 0.8657
vn 0.1881 0.7021 -0.6868
vn -0.1071 -0.3995 -0.9105
vn -0.2384 -0.8896 -0.3897
vn -0.1563 -0.5833 0.7971
vn 0.2126 0.7934 0.5704
vn -0.0909 -0.3394 0.9363
vn 0.2148 0.8017 -0.5578
vn -0.1261 -0.4708 -0.8732
vn -0.2185 -0.8155 -0.5360
vn -0.1881 -0.7021 0.6868
vn 0.2340 0.8732 0.4274
vn -0.0498 -0.1859 0.9813
vn 0.1778 0.6634 0.7268
vn -0.0459 -0.1714 -0.9841
vn -0.1927 -0.7191 -0.6676
vn -0.2148 -0.8017 0.5578
vn 0.2490 0.9293 0.2728
vn -0.0073 -0.0273 0.9996
vn 0.2437 0.9094 -0.3370
vn -0.0034 -0.0126 -0.9999
vn -0.1444 -0.5388 -0.8300
vn -0.2356 -0.8794 0.4136
vn 0.2572 0.9600 0.1107
vn 0.0354 0.1320 0.9906
vn 0.2587 0.9655 0.0283
vn 0.1009 0.3764 -0.9209
vn 0.2584 0.9645 -0.0543
vn -0.2500 -0.9332 0.2581
vn -0.5816 0.3391 -0.7394
vn -0.7565 -0.3138 -0.5737
vn -0.5737 0.3685 -0.7315
vn -0.7503 -0.2905 -0.5939
vn -0.5659 0.3975 -0.7223
vn -0.7438 -0.2664 -0.6130
vn -0.5583 0.4261 -0.7119
vn -0.7372 -0.2416 -0.6310
vn -0.5507 0.4543 -0.7002
vn -0.5176 0.5778 0.6310
vn -0.7188 -0.1730 0.6734
vn -0.5433 0.4820 -0.6874
vn -0.8242 -0.5662 0.0099
vn -0.5360 0.5092 -0.6734
vn -0.4309 0.9014 -0.0413
vn -0.5245 0.5522 0.6480
vn -0.7259 -0.1996 0.6582
vn -0.8241 -0.5660 -0.0215
vn -0.4306 0.9025 -0.0099
vn -0.5315 0.5261 0.6639
vn -0.7303 -0.2160 -0.6480
vn -0.7329 -0.2255 0.6419
vn -0.5289 0.5358 -0.6582
vn -0.8237 -0.5645 -0.0529
vn -0.4307 0.9022 0.0215
vn -0.5086 0.6116 -0.6061
vn -0.5387 0.4992 0.6787
vn -0.7233 -0.1898 -0.6639
vn -0.7397 -0.2508 0.6245
vn -0.5219 0.5617 -0.6419
vn -0.8230 -0.5618 -0.0842
vn -0.4311 0.9008 0.0529
vn -0.5460 0.4719 0.6923
vn -0.7161 -0.1630 -0.6787
vn -0.7462 -0.2754 0.6060
vn -0.5152 0.5870 -0.6245
vn -0.8219 -0.5578 -0.1153
vn -0.4318 0.8980 0.0842
vn -0.5535 0.4440 0.7046
vn -0.7088 -0.1357 -0.6922
vn -0.7526 -0.2992 0.5866
vn -0.8205 -0.5526 -0.1463
vn -0.4329 0.8940 0.1153
vn -0.5611 0.4156 0.7159
vn -0.7013 -0.1078 -0.7046
vn -0.7588 -0.3222 0.5661
vn -0.5022 0.6354 -0.5866
vn -0.8188 -0.5461 -0.1770
vn -0.4343 0.8888 0.1463
vn -0.5688 0.3868 0.7258
vn -0.6937 -0.0794 -0.7159
vn -0.7647 -0.3444 0.5446
vn -0.4960 0.6584 -0.5661
vn -0.8167 -0.5384 -0.2074
vn -0.4360 0.8824 0.1770
vn -0.5766 0.3577 0.7346
vn -0.6860 -0.0506 -0.7258
vn -0.7704 -0.3657 0.5222
vn -0.4901 0.6806 -0.5446
vn -0.8143 -0.5296 -0.2375
vn -0.4381 0.8747 0.2074
vn -0.5845 0.3282 0.7421
vn -0.6782 -0.0215 -0.7346
vn -0.7759 -0.3861 0.4989
vn -0.4844 0.7019 -0.5222
vn -0.8116 -0.5195 -0.2671
vn -0.4405 0.8658 0.2375
vn -0.5925 0.2985 0.7483
vn -0.6703 0.0080 -0.7421
vn -0.7811 -0.4055 0.4748
vn -0.4789 0.7223 -0.4989
vn -0.8086 -0.5082 -0.2963
vn -0.4432 0.8557 0.2671
vn -0.6005 0.2684 0.7532
vn -0.6623 0.0378 -0.7483
vn -0.7861 -0.4240 0.4498
vn -0.4737 0.7417 -0.4748
vn -0.8053 -0.4958 -0.3250
vn -0.4462 0.8445 0.2963
vn -0.6086 0.2383 0.7569
vn -0.6543 0.0678 -0.7532
vn -0.7907 -0.4414 0.4241
vn -0.4688 0.7602 -0.4498
vn -0.8017 -0.4823 -0.3531
vn -0.4495 0.8321 0.3250
vn -0.6167 0.2081 0.7592
vn -0.6462 0.0979 -0.7569
vn -0.7951 -0.4578 0.3977
vn -0.4641 0.7777 -0.4241
vn -0.7978 -0.4677 -0.3806
vn -0.4531 0.8185 0.3531
vn -0.6248 0.1777 0.7603
vn -0.6381 0.1282 -0.7592
vn -0.7992 -0.4732 0.3706
vn -0.4597 0.7941 -0.3977
vn -0.7935 -0.4519 -0.4075
vn -0.4571 0.8039 0.3806
vn -0.6330 0.1474 0.7600
vn -0.6300 0.1585 -0.7603
vn -0.8031 -0.4874 0.3428
vn -0.4556 0.8094 -0.3706
vn -0.7890 -0.4351 -0.4337
vn -0.4613 0.7881 0.4075
vn -0.6411 0.1170 0.7585
vn -0.6218 0.1889 -0.7600
vn -0.8066 -0.5005 0.3145
vn -0.4518 0.8236 -0.3428
vn -0.7843 -0.4173 -0.4591
vn -0.4658 0.7713 0.4337
vn -0.6492 0.0868 0.7557
vn -0.6137 0.2192 -0.7585
vn -0.8098 -0.5125 0.2856
vn -0.4482 0.8368 -0.3145
vn -0.7792 -0.3984 -0.4838
vn -0.4705 0.7535 0.4591
vn -0.6573 0.0567 0.7515
vn -0.6056 0.2494 -0.7557
vn -0.8127 -0.5233 0.2562
vn -0.4450 0.8488 -0.2856
vn -0.7739 -0.3787 -0.5076
vn -0.4756 0.7347 0.4838
vn -0.6653 0.0268 0.7461
vn -0.5975 0.2795 -0.7515
vn -0.8153 -0.5330 0.2264
vn -0.4421 0.8596 -0.2562
vn -0.7684 -0.3579 -0.5306
vn -0.4809 0.7149 0.5076
vn -0.6732 -0.0029 0.7394
vn -0.5895 0.3094 -0.7461
vn -0.8175 -0.5414 0.1962
vn -0.4396 0.8692 -0.2264
vn -0.7626 -0.3363 -0.5526
vn -0.4865 0.6942 0.5306
vn -0.6811 -0.0322 0.7315
vn -0.8195 -0.5487 0.1657
vn -0.4923 0.6725 0.5526
vn -0.8211 -0.5547 0.1349
vn -0.4983 0.6501 0.5737
vn -0.8223 -0.5594 0.1039
vn -0.5045 0.6267 0.5939
vn -0.8233 -0.5629 0.0727
vn -0.5110 0.6026 0.6130
vn -0.8239 -0.5652 0.0413
vn -0.4373 0.8776 -0.1963
vn -0.6889 -0.0613 0.7223
vn -0.4353 0.8849 -0.1657
vn -0.6965 -0.0899 0.7119
vn -0.4337 0.8909 -0.1349
vn -0.7041 -0.1181 0.7002
vn -0.4325 0.8956 -0.1039
vn -0.7115 -0.1458 0.6874
vn -0.4315 0.8992 -0.0727
vn -0.1457 -0.5385 -0.8300
vn -0.1544 -0.5711 -0.8062
vn -0.1629 -0.6028 -0.7811
vn -0.1711 -0.6335 -0.7546
vn -0.1791 -0.6631 -0.7268
vn -0.1867 -0.6915 -0.6978
vn -0.1940 -0.7188 -0.6676
vn -0.2010 -0.7448 -0.6363
vn -0.2076 -0.7696 -0.6039
vn -0.2139 -0.7930 -0.5704
vn -0.2198 -0.8151 -0.5360
vn -0.2253 -0.8358 -0.5006
vn -0.2305 -0.8551 -0.4644
vn -0.2353 -0.8729 -0.4274
vn -0.2397 -0.8892 -0.3897
vn -0.2436 -0.9040 -0.3513
vn -0.2472 -0.9173 -0.3123
vn -0.2503 -0.9289 -0.2728
vn -0.2530 -0.9390 -0.2328
vn -0.2553 -0.9475 -0.1924
vn -0.2571 -0.9544 -0.1517
vn -0.2585 -0.9596 -0.1107
vn -0.2595 -0.9632 -0.0696
vn -0.2600 -0.9652 -0.0283
vn -0.2601 -0.9655 0.0130
vn -0.2597 -0.9641 0.0544
vn -0.2589 -0.9612 0.0956
vn -0.2577 -0.9565 0.1366
vn -0.2560 -0.9502 0.1774
vn -0.2539 -0.9424 0.2180
vn -0.2513 -0.9328 0.2581
vn -0.2484 -0.9217 0.2978
vn -0.2450 -0.9091 0.3370
vn -0.2412 -0.8948 0.3756
vn -0.2369 -0.8791 0.4136
vn -0.2323 -0.8618 0.4509
vn -0.2273 -0.8431 0.4874
vn -0.2219 -0.8229 0.5230
vn -0.2161 -0.8013 0.5578
vn -0.2100 -0.7784 0.5916
vn -0.2035 -0.7541 0.6245
vn -0.1966 -0.7285 0.6562
vn -0.1894 -0.7017 0.6868
vn -0.1819 -0.6737 0.7163
vn -0.1741 -0.6445 0.7445
vn -0.1660 -0.6143 0.7714
vn -0.1576 -0.5829 0.7971
vn -0.1489 -0.5506 0.8214
vn -0.1400 -0.5174 0.8442
vn -0.1309 -0.4832 0.8657
vn -0.1215 -0.4483 0.8856
vn -0.1119 -0.4125 0.9040
vn -0.1022 -0.3761 0.9209
vn -0.0922 -0.3390 0.9363
vn -0.0821 -0.3013 0.9500
vn -0.0719 -0.2632 0.9621
vn -0.0616 -0.2245 0.9725
vn -0.0511 -0.1855 0.9813
vn -0.0406 -0.1462 0.9884
vn -0.0300 -0.1066 0.9938
vn -0.0193 -0.0669 0.9976
vn -0.0086 -0.0270 0.9996
vn 0.0021 0.0130 0.9999
vn 0.0128 0.0529 0.9985
vn 0.0234 0.0927 0.9954
vn 0.0341 0.1323 0.9906
vn 0.0446 0.1718 0.9841
vn 0.0551 0.2109 0.9760
vn 0.0655 0.2497 0.9661
vn 0.0758 0.2880 0.9546
vn 0.0859 0.3259 0.9415
vn 0.0959 0.3632 0.9268
vn 0.1058 0.3999 0.9105
vn 0.1154 0.4359 0.8926
vn 0.1248 0.4711 0.8732
vn 0.1341 0.5056 0.8523
vn 0.1431 0.5392 0.8300
vn 0.1518 0.5718 0.8062
vn 0.1603 0.6035 0.7811
vn 0.1685 0.6342 0.7546
vn 0.1765 0.6638 0.7268
vn 0.1841 0.6922 0.6978
vn 0.1914 0.7195 0.6676
vn 0.1984 0.7455 0.6363
vn 0.2050 0.7703 0.6039
vn 0.2113 0.7937 0.5704
vn 0.2172 0.8158 0.5360
vn 0.2227 0.8365 0.5006
vn 0.2279 0.8558 0.4644
vn 0.2327 0.8736 0.4274
vn 0.2371 0.8899 0.3897
vn 0.2410 0.9047 0.3513
vn 0.2446 0.9180 0.3123
vn 0.2477 0.9296 0.2728
vn 0.2504 0.9397 0.2328
vn 0.2527 0.9482 0.1924
vn 0.2545 0.9551 0.1517
vn 0.2559 0.9603 0.1107
vn 0.2569 0.9639 0.0696
vn 0.2574 0.9659 0.0283
vn 0.2575 0.9662 -0.0130
vn 0.2571 0.9648 -0.0544
vn 0.2563 0.9619 -0.0956
vn 0.2551 0.9572 -0.1366
vn 0.2534 0.9509 -0.1774
vn 0.2513 0.9430 -0.2180
vn 0.2487 0.9335 -0.2581
vn 0.2458 0.9224 -0.2978
vn 0.2424 0.9098 -0.3370
vn 0.2386 0.8955 -0.3756
vn 0.2343 0.8798 -0.4136
vn 0.2297 0.8625 -0.4509
vn 0.2247 0.8438 -0.4874
vn 0.2193 0.8236 -0.5230
vn 0.2135 0.8020 -0.5578
vn 0.2074 0.7791 -0.5916
vn 0.2009 0.7548 -0.6245
vn 0.1940 0.7292 -0.6562
vn 0.1868 0.7024 -0.6868
vn 0.1793 0.6744 -0.7163
vn 0.1715 0.6452 -0.7445
vn 0.1634 0.6150 -0.7715
vn 0.1550 0.5836 -0.7971
vn 0.1463 0.5513 -0.8214
vn 0.1374 0.5181 -0.8442
vn 0.1283 0.4839 -0.8657
vn 0.1189 0.4490 -0.8856
vn 0.1093 0.4132 -0.9040
vn 0.0996 0.3768 -0.9209
vn 0.0896 0.3397 -0.9363
vn 0.0795 0.3020 -0.9500
vn 0.0693 0.2639 -0.9621
vn 0.0590 0.2252 -0.9725
vn 0.0485 0.1862 -0.9813
vn 0.0380 0.1469 -0.9884
vn 0.0274 0.1073 -0.9938
vn 0.0167 0.0675 -0.9976
vn 0.0060 0.0277 -0.9996
vn -0.0047 -0.0123 -0.9999
vn -0.0154 -0.0522 -0.9985
vn -0.0260 -0.0920 -0.9954
vn -0.0367 -0.1316 -0.9906
vn -0.0472 -0.1711 -0.9841
vn -0.0577 -0.2102 -0.9760
vn -0.0681 -0.2490 -0.9661
vn -0.0784 -0.2873 -0.9546
vn -0.0885 -0.3252 -0.9415
vn -0.0985 -0.3625 -0.9268
vn -0.1083 -0.3992 -0.9105
vn -0.1180 -0.4352 -0.8926
vn -0.1274 -0.4704 -0.8732
vn -0.1367 -0.5049 -0.8523
vn -0.9671 0.2537 -0.0171
vn -0.9677 0.2516 -0.0162
vn -0.9682 0.2498 -0.0153
vn -0.9684 0.2491 -0.0148
vn -0.9685 0.2485 -0.0144
vn -0.9687 0.2480 -0.0140
vn -0.9688 0.2475 -0.0135
vn -0.9690 0.2469 -0.0130
vn -0.9691 0.2464 -0.0125
vn -0.9692 0.2459 -0.0119
vn -0.9693 0.2454 -0.0114
vn -0.9695 0.2450 -0.0108
vn -0.9696 0.2446 -0.0102
vn -0.9697 0.2442 -0.0096
vn -0.9698 0.2438 -0.0090
vn -0.9699 0.2435 -0.0083
vn -0.9700 0.2431 -0.0076
vn -0.9700 0.2428 -0.0070
vn -0.9701 0.2426 -0.0063
vn -0.9702 0.2423 -0.0056
vn -0.9702 0.2421 -0.0049
vn -0.9703 0.2420 -0.0042
vn -0.9703 0.2418 -0.0034
vn -0.9703 0.2417 -0.0027
vn -0.9704 0.2416 -0.0020
vn -0.9704 0.2416 0.0017
vn -0.9704 0.2416 -0.0013
vn -0.9704 0.2415 -0.0005
vn -0.9704 0.2415 0.0002
vn -0.9704 0.2415 0.0010
vn -0.9704 0.2417 0.0024
vn -0.9703 0.2418 0.0032
vn -0.9703 0.2419 0.0039
vn -0.9702 0.2421 0.0046
vn -0.9702 0.2423 0.0053
vn -0.9701 0.2425 0.0060
vn -0.9701 0.2428 0.0067
vn -0.9700 0.2430 0.0074
vn -0.9699 0.2434 0.0081
vn -0.9698 0.2437 0.0087
vn -0.9697 0.2440 0.0094
vn -0.9696 0.2444 0.0100
vn -0.9695 0.2448 0.0106
vn -0.9694 0.2453 0.0112
vn -0.9693 0.2457 0.0117
vn -0.9691 0.2462 0.0123
vn -0.9690 0.2467 0.0128
vn -0.9689 0.2472 0.0133
vn -0.9687 0.2478 0.0138
vn -0.9686 0.2484 0.0143
vn -0.9684 0.2489 0.0147
vn -0.9683 0.2495 0.0151
vn -0.9681 0.2501 0.0155
vn -0.9679 0.2507 0.0159
vn -0.9677 0.2514 0.0162
vn -0.9676 0.2520 0.0165
vn -0.9674 0.2527 0.0168
vn -0.9672 0.2534 0.0170
vn -0.9670 0.2541 0.0172
vn -0.9668 0.2548 0.0174
vn -0.9667 0.2554 0.0176
vn -0.9665 0.2562 0.0177
vn -0.9663 0.2569 0.0178
vn -0.9661 0.2576 0.0178
vn -0.9659 0.2583 0.0179
vn -0.9657 0.2590 0.0179
vn -0.9655 0.2597 0.0179
vn -0.9653 0.2604 0.0178
vn -0.9651 0.2611 0.0177
vn -0.9649 0.2618 0.0176
vn -0.9648 0.2625 0.0175
vn -0.9646 0.2632 0.0173
vn -0.9644 0.2639 0.0171
vn -0.9642 0.2646 0.0168
vn -0.9640 0.2652 0.0166
vn -0.9639 0.2659 0.0163
vn -0.9637 0.2666 0.0160
vn -0.9635 0.2672 0.0156
vn -0.9634 0.2678 0.0153
vn -0.9632 0.2684 0.0148
vn -0.9630 0.2690 0.0144
vn -0.9629 0.2696 0.0139
vn -0.9627 0.2701 0.0135
vn -0.9626 0.2707 0.0130
vn -0.9625 0.2711 0.0125
vn -0.9623 0.2717 0.0119
vn -0.9622 0.2721 0.0114
vn -0.9621 0.2726 0.0108
vn -0.9620 0.2730 0.0102
vn -0.9619 0.2734 0.0096
vn -0.9618 0.2737 0.0090
vn -0.9617 0.2741 0.0083
vn -0.9616 0.2744 0.0076
vn -0.9615 0.2747 0.0070
vn -0.9614 0.2750 0.0063
vn -0.9614 0.2752 0.0056
vn -0.9613 0.2754 0.0049
vn -0.9613 0.2756 0.0042
vn -0.9612 0.2757 0.0035
vn -0.9612 0.2759 0.0027
vn -0.9612 0.2760 0.0020
vn -0.9612 0.2760 0.0013
vn -0.9611 0.2760 0.0005
vn -0.9611 0.2761 -0.0002
vn -0.9611 0.2760 -0.0010
vn -0.9612 0.2760 -0.0017
vn -0.9612 0.2759 -0.0024
vn -0.9612 0.2758 -0.0032
vn -0.9613 0.2756 -0.0039
vn -0.9613 0.2755 -0.0046
vn -0.9614 0.2753 -0.0053
vn -0.9614 0.2751 -0.0060
vn -0.9615 0.2748 -0.0067
vn -0.9616 0.2745 -0.0074
vn -0.9616 0.2742 -0.0081
vn -0.9617 0.2739 -0.0087
vn -0.9618 0.2735 -0.0094
vn -0.9619 0.2731 -0.0100
vn -0.9620 0.2727 -0.0106
vn -0.9622 0.2723 -0.0112
vn -0.9623 0.2718 -0.0117
vn -0.9624 0.2713 -0.0123
vn -0.9625 0.2708 -0.0128
vn -0.9627 0.2703 -0.0133
vn -0.9628 0.2698 -0.0138
vn -0.9630 0.2692 -0.0143
vn -0.9631 0.2686 -0.0147
vn -0.9633 0.2680 -0.0151
vn -0.9634 0.2675 -0.0155
vn -0.9636 0.2668 -0.0158
vn -0.9638 0.2662 -0.0162
vn -0.9640 0.2655 -0.0165
vn -0.9641 0.2649 -0.0168
vn -0.9643 0.2642 -0.0170
vn -0.9645 0.2635 -0.0172
vn -0.9647 0.2628 -0.0174
vn -0.9649 0.2621 -0.0176
vn -0.9651 0.2614 -0.0177
vn -0.9653 0.2607 -0.0178
vn -0.9655 0.2600 -0.0178
vn -0.9656 0.2593 -0.0179
vn -0.9658 0.2586 -0.0179
vn -0.9660 0.2578 -0.0179
vn -0.9662 0.2571 -0.0178
vn -0.9664 0.2564 -0.0177
vn -0.9666 0.2557 -0.0176
vn -0.9668 0.2550 -0.0175
vn -0.9673 0.2529 -0.0168
vn -0.9679 0.2510 -0.0160
vn -0.9670 0.2543 -0.0173
vn -0.9675 0.2523 -0.0166
vn -0.9680 0.2504 -0.0156
vn 0.9661 -0.2572 -0.0237
vn 0.0393 0.1466 -0.9884
vn 0.2588 0.9658 -0.0130
vn 0.2584 0.9645 -0.0544
vn -0.0909 -0.3393 0.9363
vn -0.0287 -0.1070 0.9939
vn 0.1071 0.3995 0.9105
vn -0.2547 -0.9506 0.1774
vn -0.4729 0.8220 0.3175
vn 0.9707 -0.2398 0.0136
vn 0.9600 -0.2797 0.0099
vn 0.9658 -0.2581 -0.0238
vn 0.9708 -0.2394 0.0128
vn 0.9601 -0.2793 0.0107
vn 0.9656 -0.2590 -0.0238
vn 0.9710 -0.2388 0.0119
vn 0.9603 -0.2788 0.0116
vn 0.9653 -0.2600 -0.0238
vn 0.9711 -0.2383 0.0110
vn 0.9604 -0.2784 0.0125
vn 0.9651 -0.2610 -0.0237
vn 0.9712 -0.2379 0.0102
vn 0.9605 -0.2779 0.0133
vn 0.9648 -0.2619 -0.0236
vn 0.9713 -0.2375 0.0093
vn 0.9607 -0.2773 0.0141
vn 0.9646 -0.2628 -0.0234
vn 0.9714 -0.2372 0.0084
vn 0.9608 -0.2767 0.0149
vn 0.9643 -0.2638 -0.0232
vn 0.9715 -0.2369 0.0074
vn 0.9610 -0.2761 0.0156
vn 0.9636 -0.2665 -0.0224
vn 0.9716 -0.2366 0.0065
vn 0.9612 -0.2755 0.0164
vn 0.9629 -0.2691 -0.0213
vn 0.9717 -0.2363 0.0055
vn 0.9613 -0.2748 0.0171
vn 0.9641 -0.2647 -0.0230
vn 0.9717 -0.2362 0.0046
vn 0.9615 -0.2741 0.0177
vn 0.9633 -0.2674 -0.0221
vn 0.9717 -0.2360 0.0036
vn 0.9617 -0.2734 0.0184
vn 0.9626 -0.2699 -0.0208
vn 0.9718 -0.2359 0.0026
vn 0.9619 -0.2727 0.0190
vn 0.9718 -0.2358 0.0016
vn 0.9621 -0.2719 0.0196
vn 0.9718 -0.2358 0.0007
vn 0.9623 -0.2711 0.0201
vn 0.9638 -0.2656 -0.0227
vn 0.9718 -0.2357 -0.0003
vn 0.9626 -0.2703 0.0206
vn 0.9631 -0.2682 -0.0217
vn 0.9718 -0.2358 -0.0013
vn 0.9628 -0.2695 0.0211
vn 0.9624 -0.2708 -0.0203
vn 0.9718 -0.2358 -0.0023
vn 0.9630 -0.2686 0.0215
vn 0.9622 -0.2716 -0.0198
vn 0.9718 -0.2359 -0.0033
vn 0.9632 -0.2677 0.0220
vn 0.9620 -0.2724 -0.0192
vn 0.9717 -0.2361 -0.0042
vn 0.9635 -0.2668 0.0223
vn 0.9618 -0.2731 -0.0186
vn 0.9717 -0.2363 -0.0052
vn 0.9637 -0.2659 0.0226
vn 0.9616 -0.2739 -0.0180
vn 0.9716 -0.2365 -0.0062
vn 0.9640 -0.2650 0.0229
vn 0.9614 -0.2745 -0.0173
vn 0.9715 -0.2368 -0.0071
vn 0.9642 -0.2641 0.0232
vn 0.9612 -0.2752 -0.0167
vn 0.9715 -0.2371 -0.0080
vn 0.9645 -0.2631 0.0234
vn 0.9611 -0.2759 -0.0159
vn 0.9714 -0.2374 -0.0089
vn 0.9647 -0.2623 0.0236
vn 0.9609 -0.2765 -0.0152
vn 0.9713 -0.2378 -0.0099
vn 0.9650 -0.2613 0.0237
vn 0.9607 -0.2771 -0.0144
vn 0.9712 -0.2382 -0.0107
vn 0.9652 -0.2603 0.0238
vn 0.9606 -0.2777 -0.0136
vn 0.9710 -0.2386 -0.0116
vn 0.9655 -0.2594 0.0238
vn 0.9604 -0.2782 -0.0128
vn 0.9709 -0.2391 -0.0125
vn 0.9657 -0.2585 0.0239
vn 0.9603 -0.2786 -0.0120
vn 0.9708 -0.2396 -0.0133
vn 0.9660 -0.2575 0.0238
vn 0.9602 -0.2791 -0.0111
vn 0.9706 -0.2402 -0.0141
vn 0.9662 -0.2565 0.0237
vn 0.9601 -0.2796 -0.0102
vn 0.9705 -0.2408 -0.0149
vn 0.9665 -0.2557 0.0236
vn 0.9600 -0.2800 -0.0093
vn 0.9703 -0.2414 -0.0156
vn 0.9668 -0.2546 0.0234
vn 0.9599 -0.2803 -0.0084
vn 0.9701 -0.2420 -0.0164
vn 0.9670 -0.2538 0.0233
vn 0.9598 -0.2806 -0.0074
vn 0.9700 -0.2427 -0.0171
vn 0.9672 -0.2528 0.0230
vn 0.9597 -0.2809 -0.0065
vn 0.9698 -0.2434 -0.0177
vn 0.9675 -0.2518 0.0227
vn 0.9596 -0.2812 -0.0055
vn 0.9696 -0.2441 -0.0184
vn 0.9677 -0.2510 0.0224
vn 0.9596 -0.2814 -0.0046
vn 0.9694 -0.2448 -0.0190
vn 0.9680 -0.2501 0.0221
vn 0.9596 -0.2815 -0.0036
vn 0.9692 -0.2456 -0.0196
vn 0.9682 -0.2492 0.0217
vn 0.9595 -0.2816 -0.0027
vn 0.9690 -0.2464 -0.0201
vn 0.9684 -0.2484 0.0213
vn 0.9595 -0.2817 0.0023
vn 0.9687 -0.2472 -0.0206
vn 0.9687 -0.2475 0.0208
vn 0.9595 -0.2817 -0.0017
vn 0.9685 -0.2481 -0.0211
vn 0.9689 -0.2467 0.0203
vn 0.9595 -0.2817 -0.0007
vn 0.9683 -0.2489 -0.0215
vn 0.9691 -0.2459 0.0198
vn 0.9595 -0.2818 0.0003
vn 0.9681 -0.2498 -0.0219
vn 0.9693 -0.2451 0.0192
vn 0.9595 -0.2817 0.0013
vn 0.9678 -0.2506 -0.0223
vn 0.9695 -0.2444 0.0186
vn 0.9595 -0.2815 0.0032
vn 0.9676 -0.2515 -0.0227
vn 0.9697 -0.2436 0.0180
vn 0.9596 -0.2814 0.0042
vn 0.9673 -0.2525 -0.0229
vn 0.9699 -0.2429 0.0173
vn 0.9596 -0.2812 0.0052
vn 0.9671 -0.2534 -0.0232
vn 0.9701 -0.2423 0.0166
vn 0.9597 -0.2810 0.0061
vn 0.9668 -0.2543 -0.0234
vn 0.9702 -0.2416 0.0159
vn 0.9598 -0.2807 0.0071
vn 0.9666 -0.2552 -0.0236
vn 0.9704 -0.2410 0.0151
vn 0.9598 -0.2804 0.0080
vn 0.9663 -0.2562 -0.0237
vn 0.9706 -0.2404 0.0144
vn 0.9599 -0.2801 0.0090
vn -0.2613 -0.8116 0.5226
vn -0.8062 -0.4222 0.4144
vn -0.6730 0.0752 -0.7358
vn -0.4696 0.8340 0.2895
vn -0.8017 -0.4052 0.4395
vn -0.6808 0.0460 -0.7310
vn -0.4667 0.8451 0.2609
vn -0.7968 -0.3871 0.4639
vn -0.6886 0.0169 -0.7250
vn -0.4640 0.8549 0.2320
vn -0.7918 -0.3681 0.4874
vn -0.7115 -0.0686 -0.6994
vn -0.4617 0.8636 0.2027
vn -0.7864 -0.3482 0.5102
vn -0.7334 -0.1502 -0.6630
vn -0.4597 0.8711 0.1729
vn -0.7808 -0.3274 0.5321
vn -0.6963 -0.0119 -0.7176
vn -0.4580 0.8774 0.1429
vn -0.7750 -0.3058 0.5530
vn -0.7189 -0.0962 -0.6884
vn -0.4566 0.8825 0.1127
vn -0.7690 -0.2833 0.5730
vn -0.7404 -0.1764 -0.6486
vn -0.4556 0.8864 0.0822
vn -0.7628 -0.2600 0.5921
vn -0.4549 0.8891 0.0517
vn -0.7563 -0.2360 0.6101
vn -0.4545 0.8905 0.0210
vn -0.7497 -0.2113 0.6271
vn -0.7039 -0.0404 -0.7091
vn -0.4544 0.8907 -0.0097
vn -0.7429 -0.1859 0.6430
vn -0.7262 -0.1235 -0.6763
vn -0.4547 0.8897 -0.0404
vn -0.7360 -0.1600 0.6578
vn -0.7472 -0.2020 -0.6331
vn -0.4553 0.8875 -0.0710
vn -0.7289 -0.1334 0.6715
vn -0.7539 -0.2270 -0.6165
vn -0.4562 0.8841 -0.1015
vn -0.7216 -0.1064 0.6841
vn -0.7604 -0.2513 -0.5988
vn -0.4575 0.8794 -0.1318
vn -0.7142 -0.0788 0.6955
vn -0.7667 -0.2748 -0.5802
vn -0.4590 0.8735 -0.1619
vn -0.7067 -0.0508 0.7057
vn -0.7728 -0.2976 -0.5605
vn -0.4609 0.8665 -0.1917
vn -0.6991 -0.0225 0.7146
vn -0.7787 -0.3195 -0.5399
vn -0.4631 0.8582 -0.2212
vn -0.6914 0.0063 0.7224
vn -0.7844 -0.3406 -0.5184
vn -0.4657 0.8488 -0.2503
vn -0.6837 0.0352 0.7289
vn -0.7898 -0.3609 -0.4959
vn -0.4685 0.8382 -0.2790
vn -0.6758 0.0644 0.7342
vn -0.7950 -0.3802 -0.4727
vn -0.4716 0.8265 -0.3072
vn -0.6680 0.0938 0.7383
vn -0.7999 -0.3987 -0.4486
vn -0.4751 0.8137 -0.3349
vn -0.6601 0.1234 0.7410
vn -0.8046 -0.4161 -0.4237
vn -0.4788 0.7998 -0.3620
vn -0.6521 0.1530 0.7425
vn -0.8090 -0.4324 -0.3982
vn -0.4828 0.7848 -0.3885
vn -0.6442 0.1826 0.7428
vn -0.8131 -0.4478 -0.3719
vn -0.4871 0.7688 -0.4144
vn -0.6362 0.2123 0.7417
vn -0.8169 -0.4622 -0.3450
vn -0.4917 0.7517 -0.4395
vn -0.6283 0.2419 0.7394
vn -0.8205 -0.4754 -0.3175
vn -0.4965 0.7337 -0.4639
vn -0.6204 0.2713 0.7358
vn -0.8237 -0.4875 -0.2895
vn -0.5016 0.7147 -0.4874
vn -0.6126 0.3006 0.7310
vn -0.8267 -0.4985 -0.2610
vn -0.5069 0.6948 -0.5102
vn -0.6048 0.3296 0.7250
vn -0.8293 -0.5083 -0.2320
vn -0.5125 0.6740 -0.5321
vn -0.5971 0.3585 0.7177
vn -0.8316 -0.5170 -0.2026
vn -0.5183 0.6523 -0.5530
vn -0.5894 0.3870 0.7091
vn -0.8336 -0.5245 -0.1729
vn -0.5243 0.6298 -0.5730
vn -0.5819 0.4151 0.6994
vn -0.8353 -0.5308 -0.1429
vn -0.5306 0.6066 -0.5921
vn -0.5745 0.4428 0.6884
vn -0.8367 -0.5359 -0.1127
vn -0.5370 0.5826 -0.6101
vn -0.5672 0.4700 0.6763
vn -0.8377 -0.5398 -0.0823
vn -0.5436 0.5579 -0.6271
vn -0.5600 0.4968 0.6630
vn -0.8381 -0.5409 0.0710
vn -0.5504 0.5325 -0.6430
vn -0.5530 0.5230 0.6486
vn -0.8385 -0.5425 -0.0517
vn -0.5574 0.5065 -0.6578
vn -0.5461 0.5486 0.6331
vn -0.8389 -0.5439 -0.0210
vn -0.5645 0.4800 -0.6715
vn -0.5394 0.5735 0.6165
vn -0.8389 -0.5442 0.0097
vn -0.5717 0.4529 -0.6841
vn -0.5329 0.5978 0.5989
vn -0.8386 -0.5432 0.0404
vn -0.5791 0.4254 -0.6955
vn -0.5266 0.6213 0.5802
vn -0.8371 -0.5375 0.1015
vn -0.5866 0.3974 -0.7057
vn -0.5205 0.6441 0.5605
vn -0.8359 -0.5329 0.1318
vn -0.5942 0.3690 -0.7147
vn -0.5146 0.6661 0.5399
vn -0.8343 -0.5270 0.1619
vn -0.6019 0.3403 -0.7224
vn -0.5090 0.6872 0.5183
vn -0.8324 -0.5199 0.1917
vn -0.6097 0.3114 -0.7289
vn -0.5035 0.7075 0.4959
vn -0.8302 -0.5117 0.2212
vn -0.6175 0.2821 -0.7342
vn -0.4984 0.7268 0.4727
vn -0.8277 -0.5023 0.2503
vn -0.6254 0.2528 -0.7383
vn -0.4934 0.7452 0.4486
vn -0.8249 -0.4917 0.2790
vn -0.6333 0.2232 -0.7410
vn -0.4888 0.7626 0.4237
vn -0.8217 -0.4800 0.3072
vn -0.6413 0.1935 -0.7425
vn -0.4844 0.7790 0.3981
vn -0.8183 -0.4672 0.3349
vn -0.6492 0.1639 -0.7428
vn -0.4802 0.7944 0.3719
vn -0.8146 -0.4532 0.3620
vn -0.6571 0.1343 -0.7417
vn -0.4764 0.8087 0.3450
vn -0.8105 -0.4383 0.3885
vn -0.6651 0.1047 -0.7394
vn -0.1070 -0.3995 -0.9105
vn 0.0287 0.1070 -0.9939
vn 0.2547 0.9506 -0.1775
vn -0.9659 0.2589 -0.0000
vn -0.9659 0.2587 -0.0000
vn -0.9659 0.2589 -0.0001
vn -0.9659 0.2588 0.0001
vn -0.9659 0.2587 0.0001
vn -0.9659 0.2588 -0.0001
vn -0.9660 0.2587 -0.0000
vn 0.2115 -0.9174 0.3370
vn 0.1946 0.8896 -0.4132
vn 0.2061 -0.9376 -0.2802
vn 0.3188 -0.5168 0.7945
vn 0.4428 -0.0540 -0.8950
vn 0.5887 0.4904 -0.6426
vn 0.6578 0.7483 -0.0857
vn 0.6174 0.5975 0.5117
vn 0.4866 0.1094 0.8668
vn 0.3274 -0.4847 0.8111
vn 0.2153 -0.9033 0.3711
vn 0.2033 -0.9480 -0.2447
vn 0.3306 -0.4728 -0.8168
vn 0.4332 -0.0898 -0.8968
vn 0.5817 0.4642 -0.6679
vn 0.6567 0.7441 -0.1226
vn 0.6227 0.6172 0.4809
vn 0.4958 0.1437 0.8565
vn 0.3362 -0.4520 0.8262
vn 0.2194 -0.8878 0.4045
vn 0.2008 -0.9571 -0.2089
vn 0.2893 -0.6271 -0.7233
vn 0.4236 -0.1256 -0.8971
vn 0.5744 0.4371 -0.6921
vn 0.6552 0.7385 -0.1592
vn 0.4140 -0.1614 -0.8958
vn 0.5049 0.1778 0.8447
vn 0.3451 -0.4188 0.8400
vn 0.4045 -0.1971 -0.8931
vn 0.1988 -0.9647 -0.1726
vn 0.2672 -0.7095 -0.6521
vn 0.6277 0.6358 0.4491
vn 0.5591 0.3800 -0.7369
vn 0.6533 0.7314 -0.1955
vn 0.6323 0.6531 0.4167
vn 0.5139 0.2112 0.8315
vn 0.3541 -0.3850 0.8523
vn 0.6366 0.6691 0.3835
vn 0.1972 -0.9709 -0.1361
vn 0.3052 -0.5676 -0.7646
vn 0.5511 0.3502 -0.7574
vn 0.6510 0.7229 -0.2316
vn 0.5227 0.2441 0.8168
vn 0.3633 -0.3507 0.8631
vn 0.2239 -0.8710 0.4373
vn 0.1959 -0.9756 -0.0993
vn 0.2817 -0.6555 -0.7007
vn 0.2288 -0.8529 0.4693
vn 0.5429 0.3195 -0.7766
vn 0.6483 0.7129 -0.2672
vn 0.2339 -0.8336 0.5005
vn 0.5314 0.2764 0.8008
vn 0.3726 -0.3161 0.8725
vn 0.2086 0.7787 -0.5916
vn 0.1955 -0.9769 0.0857
vn 0.2603 -0.7350 -0.6260
vn 0.6405 0.6837 0.3496
vn 0.5345 0.2882 -0.7945
vn 0.6453 0.7016 -0.3024
vn 0.2395 -0.8130 0.5308
vn 0.5398 0.3080 0.7834
vn 0.3820 -0.2811 0.8804
vn 0.3855 -0.2681 -0.8829
vn 0.1950 -0.9788 -0.0624
vn 0.2538 -0.7595 -0.5990
vn 0.6441 0.6970 0.3152
vn 0.5669 0.4090 -0.7151
vn 0.6419 0.6888 -0.3370
vn 0.2453 -0.7912 0.5602
vn 0.5481 0.3390 0.7646
vn 0.3914 -0.2458 0.8868
vn 0.3761 -0.3032 -0.8756
vn 0.1946 -0.9806 -0.0254
vn 0.2475 -0.7828 -0.5709
vn 0.6473 0.7089 0.2802
vn 0.5259 0.2561 -0.8111
vn 0.6381 0.6747 -0.3711
vn 0.2515 -0.7682 0.5887
vn 0.5562 0.3690 0.7446
vn 0.4010 -0.2103 0.8916
vn 0.3484 -0.4064 -0.8447
vn 0.1945 -0.9808 0.0117
vn 0.2416 -0.8051 -0.5417
vn 0.6501 0.7194 0.2447
vn 0.5172 0.2234 -0.8262
vn 0.6339 0.6592 -0.4045
vn 0.2579 -0.7442 0.6162
vn 0.5640 0.3984 0.7233
vn 0.4105 -0.1746 0.8950
vn 0.3220 -0.5050 -0.8008
vn 0.1948 -0.9796 0.0488
vn 0.2360 -0.8261 -0.5118
vn 0.6525 0.7285 0.2089
vn 0.5082 0.1901 -0.8400
vn 0.6294 0.6424 -0.4373
vn 0.2646 -0.7190 0.6426
vn 0.5717 0.4268 0.7008
vn 0.4201 -0.1388 0.8968
vn 0.3667 -0.3380 -0.8667
vn 0.1966 -0.9728 0.1226
vn 0.2306 -0.8459 -0.4808
vn 0.6545 0.7361 0.1727
vn 0.4992 0.1563 -0.8523
vn 0.6246 0.6243 -0.4693
vn 0.2716 -0.6929 0.6679
vn 0.5790 0.4543 0.6770
vn 0.4297 -0.1030 0.8971
vn 0.3395 -0.4398 -0.8315
vn 0.1982 -0.9672 0.1592
vn 0.2257 -0.8645 -0.4491
vn 0.6562 0.7422 0.1361
vn 0.4900 0.1221 -0.8631
vn 0.6194 0.6049 -0.5005
vn 0.2789 -0.6657 0.6921
vn 0.5862 0.4809 0.6521
vn 0.4393 -0.0672 0.8958
vn 0.3135 -0.5367 -0.7834
vn 0.2001 -0.9601 0.1956
vn 0.2210 -0.8818 -0.4167
vn 0.2942 -0.6086 0.7369
vn 0.4807 0.0874 -0.8725
vn 0.6139 0.5843 -0.5308
vn 0.6574 0.7469 0.0994
vn 0.5930 0.5064 0.6261
vn 0.4489 -0.0315 0.8931
vn 0.2864 -0.6376 0.7151
vn 0.2023 -0.9515 0.2316
vn 0.2167 -0.8978 -0.3835
vn 0.3575 -0.3724 -0.8564
vn 0.4713 0.0524 -0.8804
vn 0.6080 0.5625 -0.5602
vn 0.6583 0.7502 0.0624
vn 0.5995 0.5309 0.5989
vn 0.4584 0.0041 0.8887
vn 0.2972 -0.5977 -0.7446
vn 0.2050 -0.9416 0.2672
vn 0.2128 -0.9124 -0.3496
vn 0.6588 0.7519 0.0254
vn 0.4619 0.0172 -0.8868
vn 0.6019 0.5396 -0.5887
vn 0.3022 -0.5788 0.7574
vn 0.6058 0.5542 0.5708
vn 0.4679 0.0394 0.8829
vn 0.2743 -0.6830 -0.6770
vn 0.2080 -0.9302 0.3024
vn 0.2093 -0.9257 -0.3152
vn 0.6588 0.7522 -0.0117
vn 0.4524 -0.0184 -0.8916
vn 0.5954 0.5155 -0.6162
vn 0.3104 -0.5482 0.7766
vn 0.6118 0.5764 0.5417
vn 0.4773 0.0745 0.8756
vn 0.6585 0.7510 -0.0488
vn 0.3949 -0.2327 -0.8887
vn 0.0697 0.4234 -0.9032
vn 0.2048 0.9277 0.3120
vn -0.2404 -0.7335 -0.6357
vn -0.2994 -0.9537 -0.0283
vn -0.0972 -0.1994 -0.9751
vn -0.0801 -0.1355 0.9875
vn 0.0944 0.5157 0.8515
vn -0.2428 -0.7428 0.6239
vn 0.1988 0.9053 -0.3753
vn 0.0792 0.4592 -0.8848
vn -0.2493 -0.7671 0.5911
vn -0.2334 -0.7075 -0.6670
vn -0.2988 -0.9518 -0.0695
vn -0.2555 -0.7900 0.5573
vn -0.0906 -0.1748 0.9804
vn 0.0852 0.4813 0.8724
vn 0.2012 0.9145 0.3510
vn 0.2026 0.9196 -0.3367
vn 0.0886 0.4941 -0.8649
vn 0.1973 0.8997 0.3894
vn -0.2261 -0.6803 -0.6972
vn -0.2983 -0.9497 0.0955
vn 0.1929 0.8834 0.4271
vn -0.1011 -0.2137 0.9717
vn 0.0757 0.4461 0.8918
vn 0.2060 0.9322 -0.2975
vn 0.0977 0.5282 -0.8435
vn -0.2185 -0.6519 -0.7262
vn -0.2979 -0.9482 -0.1106
vn -0.0868 -0.1603 -0.9832
vn -0.1114 -0.2523 0.9612
vn 0.0661 0.4101 0.9096
vn -0.0762 -0.1209 -0.9897
vn 0.2090 0.9433 -0.2579
vn 0.1066 0.5614 -0.8206
vn -0.0656 -0.0813 -0.9945
vn -0.2106 -0.6223 -0.7539
vn -0.2965 -0.9429 -0.1516
vn -0.1216 -0.2905 0.9491
vn 0.0563 0.3735 0.9259
vn 0.1881 0.8656 0.4640
vn 0.2115 0.9528 -0.2178
vn 0.1153 0.5937 -0.7964
vn -0.0549 -0.0415 -0.9976
vn -0.2023 -0.5917 -0.7804
vn -0.2946 -0.9361 -0.1923
vn -0.2667 -0.8317 0.4869
vn -0.1317 -0.3281 0.9354
vn 0.0463 0.3362 0.9407
vn 0.1830 0.8464 0.5002
vn 0.2136 0.9607 -0.1773
vn 0.1237 0.6250 -0.7708
vn -0.0442 -0.0016 -0.9990
vn -0.1939 -0.5600 -0.8055
vn -0.2924 -0.9276 -0.2326
vn -0.2717 -0.8504 0.4505
vn -0.1416 -0.3651 0.9201
vn 0.0361 0.2984 0.9538
vn 0.1774 0.8257 0.5355
vn 0.2153 0.9670 -0.1365
vn 0.1318 0.6552 -0.7438
vn -0.0336 0.0382 -0.9987
vn -0.1851 -0.5274 -0.8292
vn -0.2897 -0.9175 -0.2726
vn -0.2763 -0.8677 0.4132
vn -0.1514 -0.4016 0.9032
vn 0.0259 0.2600 0.9653
vn 0.1715 0.8036 0.5699
vn 0.2165 0.9716 -0.0955
vn 0.1396 0.6844 -0.7156
vn -0.0229 0.0781 -0.9967
vn -0.1761 -0.4938 -0.8515
vn -0.2865 -0.9058 -0.3121
vn -0.2805 -0.8834 0.3753
vn -0.1610 -0.4373 0.8848
vn 0.0155 0.2213 0.9751
vn 0.1652 0.7802 0.6033
vn 0.2173 0.9746 -0.0543
vn 0.1471 0.7124 -0.6862
vn -0.0122 0.1178 -0.9930
vn -0.1478 -0.3882 -0.9096
vn -0.2830 -0.8926 -0.3510
vn -0.2843 -0.8977 0.3367
vn -0.1703 -0.4722 0.8649
vn 0.0050 0.1822 0.9832
vn 0.1586 0.7554 0.6357
vn 0.2177 0.9759 -0.0130
vn 0.1543 0.7392 -0.6556
vn -0.0016 0.1574 -0.9875
vn -0.1179 -0.2765 -0.9538
vn -0.2790 -0.8778 -0.3894
vn -0.2877 -0.9103 0.2975
vn -0.1795 -0.5063 0.8435
vn -0.0055 0.1428 0.9897
vn 0.1516 0.7294 0.6670
vn 0.2176 0.9756 0.0283
vn 0.1611 0.7647 -0.6239
vn 0.0089 0.1967 -0.9804
vn -0.1884 -0.5395 0.8206
vn -0.2746 -0.8615 -0.4271
vn -0.2907 -0.9214 0.2579
vn 0.2171 0.9737 0.0695
vn -0.0162 0.1032 0.9945
vn 0.0297 0.2742 -0.9612
vn -0.1970 -0.5718 0.7964
vn 0.1676 0.7890 -0.5911
vn 0.1443 0.7022 0.6972
vn 0.2161 0.9701 0.1106
vn -0.2699 -0.8437 -0.4640
vn 0.0193 0.2356 -0.9716
vn -0.1669 -0.4594 -0.8724
vn -0.0268 0.0634 0.9976
vn -0.2932 -0.9309 0.2178
vn -0.2054 -0.6031 0.7708
vn 0.1737 0.8119 -0.5573
vn 0.1367 0.6738 0.7262
vn 0.2147 0.9648 0.1516
vn -0.2647 -0.8245 -0.5002
vn -0.2954 -0.9388 0.1773
vn -0.1380 -0.3516 -0.9259
vn -0.0375 0.0235 0.9990
vn 0.1288 0.6442 0.7539
vn -0.2135 -0.6333 0.7438
vn 0.1795 0.8335 -0.5226
vn 0.0399 0.3124 -0.9491
vn 0.2129 0.9580 0.1923
vn -0.2592 -0.8038 -0.5355
vn -0.2970 -0.9451 0.1365
vn -0.1076 -0.2381 -0.9653
vn -0.0482 -0.0164 0.9987
vn 0.1206 0.6136 0.7804
vn -0.2213 -0.6625 0.7156
vn 0.1849 0.8536 -0.4869
vn 0.0500 0.3500 -0.9354
vn 0.2106 0.9495 0.2326
vn -0.2533 -0.7817 -0.5699
vn -0.2991 -0.9527 0.0543
vn -0.1575 -0.4242 -0.8918
vn -0.0589 -0.0562 0.9967
vn 0.1121 0.5819 0.8055
vn -0.2288 -0.6905 0.6862
vn 0.1899 0.8723 -0.4505
vn 0.0599 0.3870 -0.9201
vn 0.2079 0.9394 0.2726
vn -0.2470 -0.7583 -0.6033
vn -0.2994 -0.9540 0.0130
vn -0.1280 -0.3143 -0.9407
vn -0.0695 -0.0959 0.9930
vn 0.1034 0.5493 0.8292
vn -0.2360 -0.7173 0.6556
vn 0.1009 0.3765 -0.9209
vn -0.0602 -0.2249 0.9725
vn -0.2021 -0.7544 0.6245
vn -0.2086 -0.7787 0.5916
vn 0.2021 0.7545 -0.6245
vn -0.2383 -0.8896 -0.3897
vn 0.2383 0.8896 0.3897
vn 0.1106 0.4129 -0.9041
vn -0.2588 -0.9658 0.0131
vn -0.6842 -0.6348 0.3590
vn 0.9659 -0.2588 -0.0001
vn 0.9659 -0.2590 -0.0000
vn 0.9659 -0.2587 -0.0000
vn 0.9659 -0.2587 -0.0001
vn 0.9660 -0.2587 -0.0000
vn 0.9659 -0.2589 0.0001
vn 0.9660 -0.2587 -0.0001
vn 0.0045 0.0123 0.9999
vn -0.6078 -0.3497 0.7129
vn -0.6608 -0.5474 0.5135
vn -0.6912 -0.6608 0.2925
vn -0.5011 0.0484 -0.8640
vn -0.6802 -0.6198 0.3914
vn -0.6967 -0.6815 0.2240
vn -0.6364 -0.4565 0.6217
vn -0.6941 -0.6718 0.2585
vn -0.7008 -0.6966 0.1540
vn -0.4826 0.1176 -0.8679
vn -0.7022 -0.7020 0.1186
vn -0.7040 -0.7086 0.0472
vn -0.6492 -0.5041 0.5696
vn -0.7038 -0.7079 -0.0604
vn -0.7042 -0.7095 -0.0245
vn -0.4640 0.1869 -0.8659
vn -0.7001 -0.6942 -0.1670
vn -0.7033 -0.7060 0.0830
vn -0.6711 -0.5860 0.4540
vn -0.6900 -0.6565 -0.3049
vn -0.7017 -0.7002 -0.1317
vn -0.4456 0.2557 -0.8579
vn -0.6741 -0.5973 -0.4345
vn -0.6693 -0.5793 -0.4652
vn -0.6879 -0.6485 0.3260
vn -0.6530 -0.5182 -0.5523
vn -0.6982 -0.6868 -0.2021
vn -0.4274 0.3237 -0.8441
vn -0.5972 -0.3100 -0.7398
vn -0.6931 -0.6679 -0.2711
vn -0.6989 -0.6897 0.1892
vn -0.5726 -0.2183 -0.7903
vn -0.6866 -0.6435 -0.3383
vn -0.4095 0.3904 -0.8246
vn -0.3006 0.7968 0.5241
vn -0.6786 -0.6139 -0.4031
vn -0.7043 -0.7098 0.0113
vn -0.2807 0.8710 0.4031
vn -0.6587 -0.5398 -0.5241
vn -0.3921 0.4553 -0.7994
vn -0.3254 0.7044 0.6309
vn -0.6469 -0.4957 -0.5795
vn -0.7030 -0.7047 -0.0961
vn -0.3394 0.6520 0.6780
vn -0.6200 -0.3950 -0.6779
vn -0.3440 0.6348 -0.6919
vn -0.5466 -0.1212 -0.8286
vn -0.6340 -0.4473 -0.6309
vn -0.6958 -0.6781 -0.2368
vn -0.5810 -0.2495 -0.7747
vn -0.2561 0.9631 -0.0830
vn -0.3672 0.5483 -0.7514
vn -0.5104 0.0140 -0.8598
vn -0.2556 0.9649 0.0604
vn -0.6828 -0.6294 -0.3710
vn -0.4734 0.1522 -0.8676
vn -0.2612 0.9439 0.2021
vn -0.3515 0.6068 -0.7129
vn -0.4365 0.2899 -0.8518
vn -0.2728 0.9006 0.3383
vn -0.6642 -0.5601 -0.4951
vn -0.4008 0.4231 -0.8127
vn -0.2900 0.8363 0.4652
vn -0.3297 0.6883 -0.6462
vn -0.3754 0.5179 -0.7687
vn -0.3124 0.7527 0.5795
vn -0.6406 -0.4720 -0.6057
vn -0.3367 0.6620 -0.6696
vn -0.3544 0.5963 0.7204
vn -0.2751 0.8919 -0.3590
vn -0.3102 0.7612 -0.5696
vn -0.6271 -0.4216 -0.6550
vn -0.2835 0.8606 -0.4230
vn -0.2882 0.8431 -0.4540
vn -0.5641 -0.1864 -0.8044
vn -0.6126 -0.3675 -0.6998
vn -0.2715 0.9055 -0.3260
vn -0.5286 -0.0542 -0.8471
vn -0.3164 0.7379 -0.5961
vn -0.2604 0.9468 -0.1892
vn -0.4919 0.0829 -0.8667
vn -0.3042 0.7834 -0.5420
vn -0.2554 0.9657 -0.0472
vn -0.4548 0.2213 -0.8626
vn -0.2932 0.8244 -0.4842
vn -0.2564 0.9618 0.0961
vn -0.4184 0.3573 -0.8351
vn -0.2682 0.9179 -0.2925
vn -0.2636 0.9351 0.2368
vn -0.3837 0.4869 -0.7847
vn -0.2626 0.9385 -0.2240
vn -0.4040 0.4111 0.8172
vn -0.3593 0.5779 -0.7328
vn -0.2586 0.9536 -0.1540
vn -0.2766 0.8865 0.3710
vn -0.3229 0.7136 -0.6217
vn -0.2550 0.9669 -0.0113
vn -0.4398 0.2773 0.8542
vn -0.2986 0.8044 -0.5135
vn -0.2576 0.9572 0.1317
vn -0.2952 0.8171 0.4951
vn -0.2792 0.8769 -0.3914
vn -0.2663 0.9250 0.2711
vn -0.4767 0.1394 0.8679
vn -0.2652 0.9289 -0.2585
vn -0.3188 0.7291 0.6057
vn -0.2571 0.9591 -0.1186
vn -0.5138 0.0013 0.8579
vn -0.2551 0.9666 0.0246
vn -0.3702 0.5372 0.7579
vn -0.3468 0.6246 0.6998
vn -0.2592 0.9513 0.1670
vn -0.3868 0.4753 0.7903
vn -0.5840 -0.2609 0.7687
vn -0.2693 0.9135 0.3049
vn -0.4217 0.3450 0.8386
vn -0.3784 0.5066 0.7747
vn -0.2852 0.8543 0.4345
vn -0.4582 0.2087 0.8640
vn -0.6153 -0.3777 0.6919
vn -0.3064 0.7753 0.5523
vn -0.4953 0.0702 0.8659
vn -0.4128 0.3782 0.8286
vn -0.3323 0.6787 0.6549
vn -0.5320 -0.0667 0.8441
vn -0.5672 -0.1982 0.7994
vn -0.3622 0.5670 0.7398
vn -0.6001 -0.3208 0.7328
vn -0.4490 0.2431 0.8598
vn -0.3953 0.4434 0.8044
vn -0.6050 -0.3392 -0.7204
vn -0.5892 -0.2801 -0.7579
vn -0.4307 0.3113 0.8471
vn -0.5498 -0.1334 0.8246
vn -0.4860 0.1048 0.8676
vn -0.4675 0.1741 0.8667
vn -0.6297 -0.4312 0.6462
vn -0.5377 -0.0879 -0.8386
vn -0.5046 0.0357 0.8626
vn -0.6430 -0.4808 0.5961
vn -0.5229 -0.0328 0.8518
vn -0.5410 -0.1002 0.8351
vn -0.6551 -0.5263 0.5420
vn -0.5554 -0.1540 -0.8172
vn -0.5921 -0.2912 0.7514
vn -0.6661 -0.5673 0.4842
vn -0.5586 -0.1660 0.8126
vn -0.6226 -0.4049 0.6696
vn -0.6758 -0.6036 0.4230
vn -0.5195 -0.0203 -0.8542
vn -0.5757 -0.2298 0.7847
vn 0.2482 0.9218 -0.2978
vn 0.1865 0.6916 0.6978
vn 0.2575 0.9566 -0.1366
vn -0.0381 -0.1468 0.9884
vn 0.2598 0.9652 0.0283
vn 0.1273 0.4705 0.8732
vn 0.1542 0.5712 0.8062
vn 0.2551 0.9476 0.1924
vn 0.1082 0.3992 0.9105
vn -0.1191 -0.4489 0.8856
vn 0.2434 0.9041 0.3513
vn 0.0679 0.2490 0.9661
vn 0.1178 0.4352 0.8926
vn 0.2252 0.8359 0.5006
vn 0.0259 0.0920 0.9954
vn -0.1552 -0.5836 0.7971
vn 0.2008 0.7449 0.6363
vn -0.0169 -0.0675 0.9976
vn 0.0782 0.2874 0.9546
vn 0.1710 0.6335 0.7546
vn -0.0591 -0.2252 0.9725
vn -0.0997 -0.3767 0.9209
vn 0.1365 0.5049 0.8523
vn -0.1376 -0.5180 0.8442
vn 0.0365 0.1317 0.9906
vn 0.0983 0.3625 0.9268
vn -0.1433 -0.5391 -0.8300
vn -0.1250 -0.4711 -0.8732
vn 0.0575 0.2102 0.9760
vn -0.0797 -0.3020 0.9500
vn -0.0062 -0.0276 0.9996
vn 0.0152 0.0522 0.9985
vn -0.1717 -0.6452 0.7445
vn -0.0657 -0.2496 -0.9661
vn -0.0275 -0.1073 0.9938
vn -0.1870 -0.7024 0.6868
vn -0.0487 -0.1862 0.9813
vn -0.0695 -0.2638 0.9621
vn -0.2010 -0.7547 0.6245
vn -0.0861 -0.3258 -0.9415
vn -0.1285 -0.4839 0.8657
vn -0.2137 -0.8020 0.5578
vn -0.0898 -0.3396 0.9363
vn -0.1636 -0.6149 0.7714
vn -0.2249 -0.8437 0.4874
vn -0.0448 -0.1717 -0.9841
vn -0.1095 -0.4132 0.9040
vn -0.2345 -0.8797 0.4136
vn -0.1465 -0.5513 0.8214
vn -0.2075 -0.7790 0.5916
vn -0.2426 -0.9097 0.3370
vn -0.0236 -0.0926 -0.9954
vn -0.2299 -0.8625 0.4509
vn -0.2489 -0.9335 0.2581
vn -0.1795 -0.6743 0.7163
vn -0.2460 -0.9224 0.2978
vn -0.2536 -0.9509 0.1774
vn -0.0023 -0.0129 -0.9999
vn -0.2553 -0.9572 0.1366
vn -0.2573 -0.9648 0.0544
vn -0.1942 -0.7292 0.6562
vn -0.2571 -0.9639 -0.0696
vn -0.2576 -0.9658 -0.0283
vn 0.0191 0.0669 -0.9976
vn -0.2529 -0.9482 -0.1924
vn -0.2565 -0.9618 0.0956
vn -0.2195 -0.8236 0.5230
vn -0.2412 -0.9047 -0.3513
vn -0.2547 -0.9550 -0.1517
vn 0.0404 0.1462 -0.9884
vn -0.2229 -0.8365 -0.5006
vn -0.2174 -0.8158 -0.5360
vn -0.2387 -0.8955 0.3756
vn -0.1985 -0.7455 -0.6363
vn -0.2506 -0.9397 -0.2328
vn 0.0614 0.2246 -0.9725
vn -0.1343 -0.5055 -0.8523
vn -0.2448 -0.9179 -0.3123
vn -0.2515 -0.9430 0.2180
vn -0.1059 -0.3998 -0.9105
vn -0.2372 -0.8899 -0.3897
vn 0.0820 0.3014 -0.9500
vn 0.2074 0.7696 0.6039
vn -0.2281 -0.8557 -0.4644
vn -0.2577 -0.9661 0.0131
vn 0.2303 0.8551 0.4644
vn -0.2052 -0.7702 -0.6039
vn 0.1020 0.3761 -0.9209
vn 0.1789 0.6631 0.7268
vn -0.1916 -0.7194 -0.6676
vn -0.2561 -0.9603 -0.1107
vn 0.1627 0.6029 0.7811
vn -0.1605 -0.6035 -0.7811
vn 0.1574 0.5830 -0.7971
vn -0.0760 -0.2880 -0.9546
vn -0.1766 -0.6637 -0.7268
vn -0.2479 -0.9296 -0.2728
vn -0.1156 -0.4358 -0.8926
vn 0.2588 0.9612 -0.0956
vn 0.1307 0.4833 -0.8657
vn -0.0342 -0.1323 -0.9906
vn 0.2593 0.9633 0.0696
vn -0.2329 -0.8735 -0.4274
vn 0.0084 0.0270 -0.9996
vn 0.2528 0.9391 0.2328
vn 0.1488 0.5507 -0.8214
vn 0.0509 0.1856 -0.9813
vn 0.2395 0.8893 0.3897
vn -0.2115 -0.7937 -0.5704
vn 0.0920 0.3390 -0.9363
vn 0.2196 0.8152 0.5360
vn 0.1739 0.6446 -0.7445
vn 0.1213 0.4483 -0.8856
vn 0.1938 0.7188 0.6676
vn -0.1843 -0.6922 -0.6978
vn 0.1658 0.6143 -0.7714
vn 0.1455 0.5385 0.8300
vn 0.2368 0.8791 -0.4136
vn 0.1964 0.7286 -0.6562
vn -0.1687 -0.6341 -0.7546
vn 0.2271 0.8431 -0.4874
vn 0.2217 0.8230 -0.5230
vn -0.0961 -0.3631 -0.9268
vn -0.1520 -0.5718 -0.8062
vn 0.2410 0.8949 -0.3756
vn -0.0553 -0.2108 -0.9760
vn 0.1892 0.7018 -0.6868
vn 0.2537 0.9424 -0.2180
vn -0.0130 -0.0528 -0.9985
vn 0.2033 0.7541 -0.6245
vn 0.2596 0.9642 -0.0544
vn 0.0298 0.1067 -0.9938
vn 0.2159 0.8014 -0.5578
vn 0.2583 0.9597 0.1107
vn 0.0717 0.2632 -0.9621
vn 0.2448 0.9091 -0.3370
vn 0.2501 0.9290 0.2728
vn 0.1117 0.4126 -0.9040
vn 0.2512 0.9329 -0.2581
vn 0.0883 0.3252 0.9415
vn 0.1398 0.5174 -0.8442
vn 0.2558 0.9503 -0.1774
vn 0.2351 0.8729 0.4274
vn 0.1817 0.6737 -0.7163
vn 0.2599 0.9655 -0.0131
vn 0.0470 0.1711 0.9841
vn 0.2098 0.7784 -0.5916
vn 0.2569 0.9544 0.1517
vn 0.2137 0.7931 0.5704
vn 0.2321 0.8619 -0.4509
vn 0.2470 0.9173 0.3123
vn 0.7640 0.4245 -0.4859
vn 0.5389 -0.4159 -0.7326
vn 0.4786 -0.6408 0.6003
vn 0.7451 0.3536 0.5655
vn 0.4919 -0.5913 0.6391
vn 0.5207 -0.4838 0.7034
vn 0.8013 0.5635 -0.2008
vn 0.4851 -0.6164 0.6202
vn 0.5680 -0.3072 0.7636
vn 0.8081 0.5890 -0.0102
vn 0.5159 -0.5014 -0.6945
vn 0.6177 -0.1217 0.7770
vn 0.8026 0.5684 0.1812
vn 0.5360 -0.4266 0.7285
vn 0.6667 0.0612 0.7428
vn 0.7851 0.5030 0.3614
vn 0.4494 -0.7496 0.4859
vn 0.7121 0.2305 0.6632
vn 0.7567 0.3970 0.5195
vn 0.5710 -0.2959 -0.7658
vn 0.7510 0.3758 0.5430
vn 0.7049 0.2037 0.6794
vn 0.5844 -0.2458 0.7733
vn 0.7811 0.4880 0.3895
vn 0.6746 0.0907 0.7326
vn 0.4234 -0.8469 0.3218
vn 0.8005 0.5605 0.2123
vn 0.6094 -0.1528 0.7780
vn 0.6207 -0.1103 -0.7762
vn 0.8080 0.5887 0.0220
vn 0.5599 -0.3376 0.7567
vn 0.6342 -0.0599 0.7708
vn 0.8033 0.5709 -0.1696
vn 0.5132 -0.5116 0.6891
vn 0.4085 -0.9022 0.1381
vn 0.7865 0.5083 -0.3508
vn 0.4723 -0.6643 0.5793
vn 0.6536 0.0124 -0.7567
vn 0.7587 0.4046 -0.5106
vn 0.4396 -0.7864 0.4340
vn 0.6824 0.1197 0.7211
vn 0.7216 0.2661 -0.6391
vn 0.4171 -0.8702 0.2622
vn 0.4058 -0.9123 -0.0541
vn 0.6775 0.1015 -0.7285
vn 0.4063 -0.9107 0.0744
vn 0.7147 0.2403 -0.6569
vn 0.6290 -0.0793 -0.7733
vn 0.4077 -0.9055 -0.1181
vn 0.7259 0.2821 0.6273
vn 0.5792 -0.2653 -0.7708
vn 0.4213 -0.8547 -0.3032
vn 0.4154 -0.8766 -0.2430
vn 0.5468 -0.3864 -0.7428
vn 0.4462 -0.7617 -0.4699
vn 0.7531 0.3837 -0.5344
vn 0.5234 -0.4734 -0.7084
vn 0.4944 -0.5818 -0.6458
vn 0.7621 0.4172 0.4951
vn 0.5014 -0.5557 -0.6632
vn 0.4876 -0.6073 -0.6273
vn 0.4367 -0.7971 -0.4170
vn 0.6041 -0.1724 -0.7780
vn 0.4514 -0.7424 -0.4951
vn 0.7826 0.4937 -0.3792
vn 0.6373 -0.0486 -0.7691
vn 0.4247 -0.8420 -0.3326
vn 0.7888 0.5169 0.3326
vn 0.7003 0.1865 -0.6891
vn 0.4091 -0.9001 -0.1497
vn 0.4684 -0.6788 -0.5655
vn 0.7412 0.3392 -0.5793
vn 0.4054 -0.9139 -0.0220
vn 0.7963 0.5450 -0.2622
vn 0.7739 0.4612 -0.4340
vn 0.4145 -0.8801 0.2317
vn 0.8044 0.5750 0.1497
vn 0.7901 0.5217 -0.3218
vn 0.4351 -0.8032 0.4070
vn 0.8072 0.5856 -0.0744
vn 0.8049 0.5771 -0.1381
vn 0.4662 -0.6871 0.5573
vn 0.8078 0.5879 -0.0423
vn 0.8076 0.5872 0.0541
vn 0.5059 -0.5388 0.6736
vn 0.4810 -0.6319 -0.6077
vn 0.7981 0.5514 0.2430
vn 0.5518 -0.3676 0.7486
vn 0.8058 0.5803 0.1181
vn 0.7768 0.4719 0.4170
vn 0.6010 -0.1838 0.7778
vn 0.7990 0.5549 -0.2317
vn 0.7325 0.3068 0.6077
vn 0.6506 0.0012 0.7594
vn 0.4625 -0.7009 -0.5430
vn 0.6900 0.1483 0.7084
vn 0.6975 0.1763 0.6945
vn 0.7922 0.5296 0.3032
vn 0.6425 -0.0292 0.7657
vn 0.7389 0.3306 0.5871
vn 0.7784 0.4780 -0.4070
vn 0.5927 -0.2149 0.7762
vn 0.7721 0.4547 0.4438
vn 0.4324 -0.8132 -0.3896
vn 0.5438 -0.3973 0.7392
vn 0.7953 0.5411 0.2734
vn 0.7673 0.4365 0.4699
vn 0.4988 -0.5654 0.6569
vn 0.8069 0.5844 0.0862
vn 0.7473 0.3619 -0.5573
vn 0.4604 -0.7088 0.5344
vn 0.8062 0.5820 -0.1063
vn 0.4130 -0.8857 -0.2123
vn 0.4309 -0.8189 0.3792
vn 0.7934 0.5340 -0.2923
vn 0.7191 0.2567 0.6458
vn 0.4122 -0.8887 0.2008
vn 0.7691 0.4434 -0.4604
vn 0.7076 0.2137 -0.6736
vn 0.4054 -0.9141 0.0102
vn 0.4056 -0.9130 0.0423
vn 0.6928 0.1587 -0.7034
vn 0.4109 -0.8935 -0.1812
vn 0.6587 0.0314 0.7517
vn 0.7349 0.3157 -0.6003
vn 0.4284 -0.8282 -0.3614
vn 0.6455 -0.0179 -0.7636
vn 0.6617 0.0424 -0.7486
vn 0.4568 -0.7221 -0.5195
vn 0.5958 -0.2034 -0.7770
vn 0.4102 -0.8961 0.1696
vn 0.5548 -0.3566 -0.7517
vn 0.6260 -0.0907 0.7745
vn 0.4746 -0.6558 -0.5871
vn 0.5311 -0.4449 -0.7211
vn 0.6124 -0.1413 -0.7778
vn 0.4413 -0.7799 -0.4438
vn 0.5086 -0.5289 -0.6794
vn 0.4270 -0.8334 0.3508
vn 0.4182 -0.8663 -0.2734
vn 0.5875 -0.2344 -0.7745
vn 0.5762 -0.2766 0.7691
vn 0.4066 -0.9095 -0.0862
vn 0.6852 0.1303 -0.7166
vn 0.5628 -0.3264 -0.7594
vn 0.4072 -0.9071 0.1063
vn 0.6696 0.0722 -0.7392
vn 0.4548 -0.7297 0.5106
vn 0.4201 -0.8591 0.2923
vn 0.7284 0.2913 -0.6202
vn 0.5283 -0.4555 0.7166
vn 0.4444 -0.7685 0.4604
vt 0.973684 0.500000
vt 0.967105 0.500000
vt 0.697370 0.750000
vt 0.703948 0.750000
vt 0.842106 0.750000
vt 0.848685 0.750000
vt 0.809211 0.750000
vt 0.815790 0.750000
vt 0.578949 0.750000
vt 0.585528 0.750000
vt 0.019738 0.750000
vt 0.026317 0.750000
vt 0.131581 0.750000
vt 0.138160 0.750000
vt 0.914474 0.750000
vt 0.921053 0.750000
vt 0.355265 0.750000
vt 0.361844 0.750000
vt 0.467107 0.750000
vt 0.473686 0.750000
vt 0.236844 0.750000
vt 0.243423 0.750000
vt 0.690791 0.750000
vt 0.802632 0.750000
vt 0.572370 0.750000
vt 0.013160 0.750000
vt 0.125002 0.750000
vt 0.907895 0.750000
vt 0.348686 0.750000
vt 0.460528 0.750000
vt 0.230265 0.750000
vt 0.684212 0.750000
vt 0.796053 0.750000
vt 0.565791 0.750000
vt 0.006581 0.750000
vt 0.118423 0.750000
vt 0.901316 0.750000
vt 0.342107 0.750000
vt 0.453949 0.750000
vt 0.223686 0.750000
vt 0.677633 0.750000
vt 0.789474 0.750000
vt 0.559212 0.750000
vt 0.000002 0.750000
vt 0.111844 0.750000
vt 0.894737 0.750000
vt 0.335528 0.750000
vt 0.447370 0.750000
vt 0.217107 0.750000
vt 0.671054 0.750000
vt 0.782896 0.750000
vt 0.552633 0.750000
vt 0.328949 0.750000
vt 0.105265 0.750000
vt 0.888158 0.750000
vt 0.664475 0.750000
vt 0.440791 0.750000
vt 0.210528 0.750000
vt 0.322370 0.750000
vt 0.776317 0.750000
vt 0.546054 0.750000
vt 0.657896 0.750000
vt 0.098686 0.750000
vt 0.881579 0.750000
vt 0.993421 0.750000
vt 1.000000 0.750000
vt 0.434212 0.750000
vt 0.203949 0.750000
vt 0.315791 0.750000
vt 0.769738 0.750000
vt 0.539475 0.750000
vt 0.651317 0.750000
vt 0.092107 0.750000
vt 0.875000 0.750000
vt 0.986842 0.750000
vt 0.427633 0.750000
vt 0.197370 0.750000
vt 0.309212 0.750000
vt 0.763159 0.750000
vt 0.532897 0.750000
vt 0.644738 0.750000
vt 0.085528 0.750000
vt 0.868421 0.750000
vt 0.980263 0.750000
vt 0.421054 0.750000
vt 0.190791 0.750000
vt 0.302633 0.750000
vt 0.756580 0.750000
vt 0.526318 0.750000
vt 0.638159 0.750000
vt 0.078949 0.750000
vt 0.861843 0.750000
vt 0.973684 0.750000
vt 0.414476 0.750000
vt 0.184212 0.750000
vt 0.296054 0.750000
vt 0.750001 0.750000
vt 0.519739 0.750000
vt 0.631580 0.750000
vt 0.072370 0.750000
vt 0.855264 0.750000
vt 0.967105 0.750000
vt 0.407897 0.750000
vt 0.177633 0.750000
vt 0.289475 0.750000
vt 0.743422 0.750000
vt 0.513160 0.750000
vt 0.625001 0.750000
vt 0.065791 0.750000
vt 0.960526 0.750000
vt 0.401318 0.750000
vt 0.171054 0.750000
vt 0.282896 0.750000
vt 0.736843 0.750000
vt 0.506581 0.750000
vt 0.618423 0.750000
vt 0.059212 0.750000
vt 0.164475 0.750000
vt 0.953947 0.750000
vt 0.394739 0.750000
vt 0.276318 0.750000
vt 0.730264 0.750000
vt 0.611843 0.750000
vt 0.052633 0.750000
vt 0.947369 0.750000
vt 0.388160 0.750000
vt 0.500002 0.750000
vt 0.269739 0.750000
vt 0.723685 0.750000
vt 0.835527 0.750000
vt 0.605265 0.750000
vt 0.046054 0.750000
vt 0.157896 0.750000
vt 0.940790 0.750000
vt 0.381581 0.750000
vt 0.493423 0.750000
vt 0.263160 0.750000
vt 0.717106 0.750000
vt 0.828948 0.750000
vt 0.598686 0.750000
vt 0.039475 0.750000
vt 0.151317 0.750000
vt 0.934211 0.750000
vt 0.375002 0.750000
vt 0.486844 0.750000
vt 0.256581 0.750000
vt 0.710527 0.750000
vt 0.822369 0.750000
vt 0.592107 0.750000
vt 0.032896 0.750000
vt 0.144738 0.750000
vt 0.927632 0.750000
vt 0.368423 0.750000
vt 0.480265 0.750000
vt 0.250002 0.750000
vt 0.684212 0.500000
vt 0.677633 0.500000
vt 0.480265 0.500000
vt 0.473686 0.500000
vt 0.026317 0.500000
vt 0.019738 0.500000
vt 0.697370 0.500000
vt 0.690791 0.500000
vt 0.111844 0.500000
vt 0.105265 0.500000
vt 0.144738 0.500000
vt 0.138160 0.500000
vt 0.467107 0.500000
vt 0.861843 0.500000
vt 0.855264 0.500000
vt 0.322370 0.500000
vt 0.315791 0.500000
vt 0.184212 0.500000
vt 0.177633 0.500000
vt 0.710527 0.500000
vt 0.703948 0.500000
vt 0.013160 0.500000
vt 0.006581 0.500000
vt 0.552633 0.500000
vt 0.546054 0.500000
vt 0.651317 0.500000
vt 0.644738 0.500000
vt 0.953948 0.500000
vt 0.947369 0.500000
vt 0.460528 0.500000
vt 0.453949 0.500000
vt 0.164475 0.500000
vt 0.157896 0.500000
vt 0.342107 0.500000
vt 0.335528 0.500000
vt 0.868422 0.500000
vt 0.625001 0.500000
vt 0.618423 0.500000
vt 0.769738 0.500000
vt 0.763159 0.500000
vt 0.802632 0.500000
vt 0.796053 0.500000
vt 0.276318 0.500000
vt 0.269739 0.500000
vt 0.447370 0.500000
vt 0.440791 0.500000
vt 0.500002 0.500000
vt 0.493423 0.500000
vt 0.986842 0.500000
vt 0.980263 0.500000
vt 0.052633 0.500000
vt 0.046054 0.500000
vt 0.098686 0.500000
vt 0.092107 0.500000
vt 0.085528 0.500000
vt 0.078949 0.500000
vt 0.118423 0.500000
vt 0.506581 0.500000
vt 0.434212 0.500000
vt 0.427633 0.500000
vt 0.605265 0.500000
vt 0.598686 0.500000
vt 0.296054 0.500000
vt 0.289475 0.500000
vt 0.210528 0.500000
vt 0.203949 0.500000
vt 0.736843 0.500000
vt 0.730264 0.500000
vt 0.782896 0.500000
vt 0.776317 0.500000
vt 0.578949 0.500000
vt 0.572370 0.500000
vt 0.671054 0.500000
vt 0.934211 0.500000
vt 0.927632 0.500000
vt 0.421054 0.500000
vt 0.414476 0.500000
vt 0.171054 0.500000
vt 0.368423 0.500000
vt 0.361844 0.500000
vt 0.894737 0.500000
vt 0.888158 0.500000
vt 0.592107 0.500000
vt 0.657896 0.500000
vt 0.743422 0.500000
vt 0.250002 0.500000
vt 0.243423 0.500000
vt 0.407897 0.500000
vt 0.401318 0.500000
vt 0.875000 0.500000
vt 1.000000 0.500000
vt 0.993421 0.500000
vt 0.072370 0.500000
vt 0.125002 0.500000
vt 0.059212 0.500000
vt 0.539475 0.500000
vt 0.394739 0.500000
vt 0.388160 0.500000
vt 0.263160 0.500000
vt 0.236844 0.500000
vt 0.230265 0.500000
vt 0.756580 0.500000
vt 0.809211 0.500000
vt 0.907895 0.500000
vt 0.901316 0.500000
vt 0.381581 0.500000
vt 0.375002 0.500000
vt 0.197370 0.500000
vt 0.921053 0.500000
vt 0.914474 0.500000
vt 0.565791 0.500000
vt 0.631580 0.500000
vt 0.723685 0.500000
vt 0.223686 0.500000
vt 0.217107 0.500000
vt 0.848685 0.500000
vt 0.842106 0.500000
vt 0.151317 0.500000
vt 0.032896 0.500000
vt 0.750001 0.500000
vt 0.256581 0.500000
vt 0.789474 0.500000
vt 0.835527 0.500000
vt 0.828948 0.500000
vt 0.065791 0.500000
vt 0.881579 0.500000
vt 0.355265 0.500000
vt 0.348686 0.500000
vt 0.940790 0.500000
vt 0.131581 0.500000
vt 0.190791 0.500000
vt 0.526318 0.500000
vt 0.519739 0.500000
vt 0.282896 0.500000
vt 0.815790 0.500000
vt 0.717106 0.500000
vt 0.328949 0.500000
vt 0.960526 0.500000
vt 0.822369 0.500000
vt 0.039475 0.500000
vt 0.664475 0.500000
vt 0.309212 0.500000
vt 0.302633 0.500000
vt 0.486844 0.500000
vt 0.638159 0.500000
vt 0.611844 0.500000
vt 0.585528 0.500000
vt 0.000002 0.500000
vt 0.559212 0.500000
vt 0.532897 0.500000
vt 0.513160 0.500000
vt 0.006581 0.625607
vt 0.000002 0.625607
vt 0.013160 0.625607
vt 0.019738 0.625607
vt 0.026317 0.625607
vt 0.032896 0.625607
vt 0.039475 0.625607
vt 0.046054 0.625607
vt 0.052633 0.625607
vt 0.059212 0.625607
vt 0.065791 0.625607
vt 0.072370 0.625607
vt 0.078949 0.625607
vt 0.085528 0.625607
vt 0.092107 0.625607
vt 0.098686 0.625607
vt 0.105265 0.625607
vt 0.111844 0.625607
vt 0.118423 0.625607
vt 0.125002 0.625607
vt 0.131581 0.625607
vt 0.138160 0.625607
vt 0.144738 0.625607
vt 0.151317 0.625607
vt 0.157896 0.625607
vt 0.164475 0.625607
vt 0.171054 0.625607
vt 0.177633 0.625607
vt 0.184212 0.625607
vt 0.190791 0.625607
vt 0.197370 0.625607
vt 0.203949 0.625607
vt 0.210528 0.625607
vt 0.217107 0.625607
vt 0.223686 0.625607
vt 0.230265 0.625607
vt 0.236844 0.625607
vt 0.243423 0.625607
vt 0.250002 0.625607
vt 0.256581 0.625607
vt 0.263160 0.625607
vt 0.269739 0.625607
vt 0.276318 0.625607
vt 0.282896 0.625607
vt 0.289475 0.625607
vt 0.296054 0.625607
vt 0.302633 0.625607
vt 0.309212 0.625607
vt 0.315791 0.625607
vt 0.322370 0.625607
vt 0.328949 0.625607
vt 0.335528 0.625607
vt 0.342107 0.625607
vt 0.348686 0.625607
vt 0.355265 0.625607
vt 0.361844 0.625607
vt 0.368423 0.625607
vt 0.375002 0.625607
vt 0.381581 0.625607
vt 0.388160 0.625607
vt 0.394739 0.625607
vt 0.401318 0.625607
vt 0.407897 0.625607
vt 0.414476 0.625607
vt 0.421054 0.625607
vt 0.427633 0.625607
vt 0.434212 0.625607
vt 0.440791 0.625607
vt 0.447370 0.625607
vt 0.453949 0.625607
vt 0.460528 0.625607
vt 0.467107 0.625607
vt 0.473686 0.625607
vt 0.480265 0.625607
vt 0.486844 0.625607
vt 0.493423 0.625607
vt 0.500002 0.625607
vt 0.506581 0.625607
vt 0.513160 0.625607
vt 0.519739 0.625607
vt 0.526318 0.625607
vt 0.532897 0.625607
vt 0.539475 0.625607
vt 0.546054 0.625607
vt 0.552633 0.625607
vt 0.559212 0.625607
vt 0.565791 0.625607
vt 0.572370 0.625607
vt 0.578949 0.625607
vt 0.585528 0.625607
vt 0.592107 0.625607
vt 0.598686 0.625607
vt 0.605265 0.625607
vt 0.611844 0.625607
vt 0.618423 0.625607
vt 0.625001 0.625607
vt 0.631580 0.625607
vt 0.638159 0.625607
vt 0.644738 0.625607
vt 0.651317 0.625607
vt 0.657896 0.625607
vt 0.664475 0.625607
vt 0.671054 0.625607
vt 0.677633 0.625607
vt 0.684212 0.625607
vt 0.690791 0.625607
vt 0.697370 0.625607
vt 0.703948 0.625607
vt 0.710527 0.625607
vt 0.717106 0.625607
vt 0.723685 0.625607
vt 0.730264 0.625607
vt 0.736843 0.625607
vt 0.743422 0.625607
vt 0.750001 0.625607
vt 0.756580 0.625607
vt 0.763159 0.625607
vt 0.769738 0.625607
vt 0.776317 0.625607
vt 0.782896 0.625607
vt 0.789474 0.625607
vt 0.796053 0.625607
vt 0.802632 0.625607
vt 0.809211 0.625607
vt 0.815790 0.625607
vt 0.822369 0.625607
vt 0.828948 0.625607
vt 0.835527 0.625607
vt 0.842106 0.625607
vt 0.848685 0.625607
vt 0.855264 0.625607
vt 0.861843 0.625607
vt 0.868422 0.625607
vt 0.875000 0.625607
vt 0.881579 0.625607
vt 0.888158 0.625607
vt 0.894737 0.625607
vt 0.901316 0.625607
vt 0.907895 0.625607
vt 0.914474 0.625607
vt 0.921053 0.625607
vt 0.927632 0.625607
vt 0.934211 0.625607
vt 0.940790 0.625607
vt 0.947369 0.625607
vt 0.953948 0.625607
vt 0.960526 0.625607
vt 0.967105 0.625607
vt 0.973684 0.625607
vt 0.980263 0.625607
vt 0.986842 0.625607
vt 0.993421 0.625607
vt 1.000000 0.625607
vt 0.283222 0.750000
vt 0.286487 0.750000
vt 0.670757 0.750000
vt 0.686386 0.750000
vt 0.606481 0.750000
vt 0.630882 0.750000
vt 0.519006 0.750000
vt 0.549913 0.750000
vt 0.487575 0.750000
vt 0.456667 0.750000
vt 0.427253 0.750000
vt 0.400100 0.750000
vt 0.375698 0.750000
vt 0.354273 0.750000
vt 0.335824 0.749999
vt 0.320195 0.750000
vt 0.307143 0.749999
vt 0.296385 0.750000
vt 0.287634 0.750000
vt 0.280621 0.750000
vt 0.275104 0.750000
vt 0.270869 0.750000
vt 0.267733 0.750000
vt 0.265539 0.749999
vt 0.264157 0.750000
vt 0.263474 0.750000
vt 0.263397 0.750000
vt 0.263846 0.750000
vt 0.264754 0.750000
vt 0.266065 0.749999
vt 0.277195 0.750000
vt 0.274469 0.750000
vt 0.267730 0.749999
vt 0.269709 0.750000
vt 0.271965 0.750000
vt 0.280119 0.750000
vt 0.289898 0.750000
vt 0.293443 0.750000
vt 0.297109 0.750000
vt 0.300886 0.750000
vt 0.304764 0.750000
vt 0.308736 0.750000
vt 0.312794 0.750000
vt 0.316930 0.750000
vt 0.321140 0.750000
vt 0.325418 0.750000
vt 0.329758 0.750000
vt 0.334156 0.750000
vt 0.338608 0.750000
vt 0.343111 0.750000
vt 0.347660 0.750000
vt 0.352253 0.750000
vt 0.356887 0.750000
vt 0.361558 0.750000
vt 0.366265 0.750000
vt 0.371005 0.750000
vt 0.375776 0.750000
vt 0.380576 0.750000
vt 0.385404 0.750000
vt 0.390256 0.750000
vt 0.395132 0.750000
vt 0.400030 0.750000
vt 0.404948 0.750000
vt 0.409886 0.750000
vt 0.414841 0.750000
vt 0.419813 0.750000
vt 0.424800 0.750000
vt 0.429801 0.750000
vt 0.434816 0.750000
vt 0.439842 0.750000
vt 0.444879 0.750000
vt 0.449926 0.750000
vt 0.454982 0.750000
vt 0.460046 0.750000
vt 0.465117 0.750000
vt 0.470195 0.750000
vt 0.475277 0.750000
vt 0.480365 0.750000
vt 0.485456 0.750000
vt 0.490549 0.750000
vt 0.495645 0.750000
vt 0.500742 0.750000
vt 0.505840 0.750000
vt 0.510937 0.750000
vt 0.516033 0.750000
vt 0.521126 0.750000
vt 0.526217 0.750000
vt 0.531305 0.750000
vt 0.536387 0.750000
vt 0.541465 0.750000
vt 0.546536 0.750000
vt 0.551600 0.750000
vt 0.556656 0.750000
vt 0.561703 0.750000
vt 0.566740 0.750000
vt 0.571766 0.750000
vt 0.576780 0.750000
vt 0.581782 0.750000
vt 0.586769 0.750000
vt 0.591741 0.750000
vt 0.596696 0.750000
vt 0.601634 0.750000
vt 0.606552 0.750000
vt 0.611450 0.750000
vt 0.616326 0.750000
vt 0.621178 0.750000
vt 0.626005 0.750000
vt 0.630805 0.750000
vt 0.635576 0.750000
vt 0.640316 0.750000
vt 0.645024 0.750000
vt 0.649695 0.750000
vt 0.654329 0.750000
vt 0.658922 0.750000
vt 0.663471 0.750000
vt 0.667973 0.750000
vt 0.672426 0.750000
vt 0.676824 0.750000
vt 0.681164 0.750000
vt 0.685441 0.750000
vt 0.689651 0.750000
vt 0.693788 0.750000
vt 0.697846 0.750000
vt 0.701817 0.750000
vt 0.705696 0.750000
vt 0.709472 0.750000
vt 0.713138 0.750000
vt 0.716683 0.750000
vt 0.720094 0.750000
vt 0.723359 0.750000
vt 0.726462 0.750000
vt 0.729386 0.750000
vt 0.732112 0.750000
vt 0.734616 0.750000
vt 0.736872 0.750000
vt 0.738851 0.750000
vt 0.740516 0.750000
vt 0.741827 0.750000
vt 0.742735 0.750000
vt 0.743184 0.750000
vt 0.743107 0.750000
vt 0.742424 0.750000
vt 0.741041 0.750000
vt 0.738848 0.750000
vt 0.735712 0.750000
vt 0.731477 0.750000
vt 0.725960 0.750000
vt 0.718947 0.750000
vt 0.710197 0.750000
vt 0.699438 0.750000
vt 0.652307 0.750000
vt 0.579327 0.750000
s 0
usemtl Material.001
f 961/2/102 962/3/102 951/3/102 952/2/102
f 1307/4/103 1306/5/103 1525/5/103 1524/4/103
f 1285/6/104 1284/7/104 1547/7/104 1546/6/104
f 1290/8/105 1289/9/105 1542/9/105 1541/8/105
f 1325/10/106 1324/11/106 1507/11/106 1506/10/106
f 1410/12/107 1409/13/107 1422/13/107 1421/12/107
f 1393/14/108 1392/15/108 1439/15/108 1438/14/108
f 1274/16/109 1273/17/109 1558/17/109 1557/16/109
f 1359/18/110 1358/19/110 1473/19/110 1472/18/110
f 1342/20/111 1341/21/111 1490/21/111 1489/20/111
f 1377/22/112 1376/23/112 1455/23/112 1454/22/112
f 1308/24/113 1307/4/113 1524/4/113 1523/24/113
f 1291/25/114 1290/8/114 1541/8/114 1540/25/114
f 1326/26/115 1325/10/115 1506/10/115 1505/26/115
f 1411/27/116 1410/12/116 1421/12/116 1420/27/116
f 1394/28/117 1393/14/117 1438/14/117 1437/28/117
f 1275/29/118 1274/16/118 1557/16/118 1556/29/118
f 1360/30/119 1359/18/119 1472/18/119 1471/30/119
f 1343/31/120 1342/20/120 1489/20/120 1488/31/120
f 1378/32/121 1377/22/121 1454/22/121 1453/32/121
f 1309/33/122 1308/24/122 1523/24/122 1522/33/122
f 1292/34/123 1291/25/123 1540/25/123 1539/34/123
f 1327/35/124 1326/26/124 1505/26/124 1504/35/124
f 1412/36/125 1411/27/125 1420/27/125 1419/36/125
f 1395/37/126 1394/28/126 1437/28/126 1436/37/126
f 1276/38/127 1275/29/127 1556/29/127 1555/38/127
f 1361/39/128 1360/30/128 1471/30/128 1470/39/128
f 1344/40/129 1343/31/129 1488/31/129 1487/40/129
f 1379/41/130 1378/32/130 1453/32/130 1452/41/130
f 1310/42/131 1309/33/131 1522/33/131 1521/42/131
f 1293/43/132 1292/34/132 1539/34/132 1538/43/132
f 1328/44/133 1327/35/133 1504/35/133 1503/44/133
f 1261/45/134 1412/36/134 1419/36/134 1417/45/134
f 1396/46/135 1395/37/135 1436/37/135 1435/46/135
f 1277/47/136 1276/38/136 1555/38/136 1554/47/136
f 1362/48/137 1361/39/137 1470/39/137 1469/48/137
f 1345/49/138 1344/40/138 1487/40/138 1486/49/138
f 1380/50/139 1379/41/139 1452/41/139 1451/50/139
f 1311/51/140 1310/42/140 1521/42/140 1520/51/140
f 1294/52/141 1293/43/141 1538/43/141 1537/52/141
f 1329/53/142 1328/44/142 1503/44/142 1502/53/142
f 1363/54/143 1362/48/143 1469/48/143 1468/54/143
f 1397/55/144 1396/46/144 1435/46/144 1434/55/144
f 1278/56/145 1277/47/145 1554/47/145 1553/56/145
f 1312/57/146 1311/51/146 1520/51/146 1519/57/146
f 1346/58/147 1345/49/147 1486/49/147 1485/58/147
f 1381/59/148 1380/50/148 1451/50/148 1450/59/148
f 1364/60/149 1363/54/149 1468/54/149 1467/60/149
f 1295/61/150 1294/52/150 1537/52/150 1536/61/150
f 1330/62/151 1329/53/151 1502/53/151 1501/62/151
f 1313/63/152 1312/57/152 1519/57/152 1518/63/152
f 1398/64/153 1397/55/153 1434/55/153 1433/64/153
f 1279/65/154 1278/56/154 1553/56/154 1552/65/154
f 1262/66/155 1261/67/155 1417/67/155 1418/66/155
f 1347/68/156 1346/58/156 1485/58/156 1484/68/156
f 1382/69/157 1381/59/157 1450/59/157 1449/69/157
f 1365/70/158 1364/60/158 1467/60/158 1466/70/158
f 1296/71/159 1295/61/159 1536/61/159 1535/71/159
f 1331/72/160 1330/62/160 1501/62/160 1500/72/160
f 1314/73/161 1313/63/161 1518/63/161 1517/73/161
f 1399/74/162 1398/64/162 1433/64/162 1432/74/162
f 1280/75/163 1279/65/163 1552/65/163 1551/75/163
f 1263/76/164 1262/66/164 1418/66/164 1564/76/164
f 1348/77/165 1347/68/165 1484/68/165 1483/77/165
f 1383/78/166 1382/69/166 1449/69/166 1448/78/166
f 1366/79/167 1365/70/167 1466/70/167 1465/79/167
f 1297/80/168 1296/71/168 1535/71/168 1534/80/168
f 1332/81/169 1331/72/169 1500/72/169 1499/81/169
f 1315/82/170 1314/73/170 1517/73/170 1516/82/170
f 1400/83/171 1399/74/171 1432/74/171 1431/83/171
f 1281/84/172 1280/75/172 1551/75/172 1550/84/172
f 1264/85/173 1263/76/173 1564/76/173 1415/85/173
f 1349/86/174 1348/77/174 1483/77/174 1482/86/174
f 1384/87/175 1383/78/175 1448/78/175 1447/87/175
f 1367/88/176 1366/79/176 1465/79/176 1464/88/176
f 1298/89/177 1297/80/177 1534/80/177 1533/89/177
f 1333/90/178 1332/81/178 1499/81/178 1498/90/178
f 1316/91/179 1315/82/179 1516/82/179 1515/91/179
f 1401/92/180 1400/83/180 1431/83/180 1430/92/180
f 1282/93/181 1281/84/181 1550/84/181 1549/93/181
f 1265/94/182 1264/85/182 1415/85/182 1416/94/182
f 1350/95/183 1349/86/183 1482/86/183 1481/95/183
f 1385/96/184 1384/87/184 1447/87/184 1446/96/184
f 1368/97/185 1367/88/185 1464/88/185 1463/97/185
f 1299/98/186 1298/89/186 1533/89/186 1532/98/186
f 1334/99/187 1333/90/187 1498/90/187 1497/99/187
f 1317/100/188 1316/91/188 1515/91/188 1514/100/188
f 1402/101/189 1401/92/189 1430/92/189 1429/101/189
f 1283/102/190 1282/93/190 1549/93/190 1548/102/190
f 1266/103/191 1265/94/191 1416/94/191 1563/103/191
f 1351/104/192 1350/95/192 1481/95/192 1480/104/192
f 1386/105/193 1385/96/193 1446/96/193 1441/105/193
f 1369/106/194 1368/97/194 1463/97/194 1462/106/194
f 1300/107/195 1299/98/195 1532/98/195 1531/107/195
f 1335/108/196 1334/99/196 1497/99/196 1496/108/196
f 1318/109/197 1317/100/197 1514/100/197 1513/109/197
f 1403/110/198 1402/101/198 1429/101/198 1428/110/198
f 1284/7/199 1283/102/199 1548/102/199 1547/7/199
f 1267/111/200 1266/103/200 1563/103/200 1413/111/200
f 1352/112/201 1351/104/201 1480/104/201 1479/112/201
f 1387/113/202 1386/105/202 1441/105/202 1442/113/202
f 1370/114/203 1369/106/203 1462/106/203 1461/114/203
f 1301/115/204 1300/107/204 1531/107/204 1530/115/204
f 1336/116/205 1335/108/205 1496/108/205 1495/116/205
f 1319/117/206 1318/109/206 1513/109/206 1512/117/206
f 1404/118/207 1403/110/207 1428/110/207 1427/118/207
f 1388/119/208 1387/113/208 1442/113/208 1445/119/208
f 1268/120/209 1267/111/209 1413/111/209 1414/120/209
f 1353/121/210 1352/112/210 1479/112/210 1478/121/210
f 1371/122/211 1370/114/211 1461/114/211 1460/122/211
f 1302/123/212 1301/115/212 1530/115/212 1529/123/212
f 1320/124/213 1319/117/213 1512/117/213 1511/124/213
f 1405/125/214 1404/118/214 1427/118/214 1426/125/214
f 1269/126/215 1268/120/215 1414/120/215 1562/126/215
f 1354/127/216 1353/121/216 1478/121/216 1477/127/216
f 1337/128/217 1336/116/217 1495/116/217 1494/128/217
f 1372/129/218 1371/122/218 1460/122/218 1459/129/218
f 1303/130/219 1302/123/219 1529/123/219 1528/130/219
f 1286/131/220 1285/6/220 1546/6/220 1545/131/220
f 1321/132/221 1320/124/221 1511/124/221 1510/132/221
f 1406/133/222 1405/125/222 1426/125/222 1425/133/222
f 1389/134/223 1388/119/223 1445/119/223 1444/134/223
f 1270/135/224 1269/126/224 1562/126/224 1561/135/224
f 1355/136/225 1354/127/225 1477/127/225 1476/136/225
f 1338/137/226 1337/128/226 1494/128/226 1493/137/226
f 1373/138/227 1372/129/227 1459/129/227 1458/138/227
f 1304/139/228 1303/130/228 1528/130/228 1527/139/228
f 1287/140/229 1286/131/229 1545/131/229 1544/140/229
f 1322/141/230 1321/132/230 1510/132/230 1509/141/230
f 1407/142/231 1406/133/231 1425/133/231 1424/142/231
f 1390/143/232 1389/134/232 1444/134/232 1443/143/232
f 1271/144/233 1270/135/233 1561/135/233 1560/144/233
f 1356/145/234 1355/136/234 1476/136/234 1475/145/234
f 1339/146/235 1338/137/235 1493/137/235 1492/146/235
f 1374/147/236 1373/138/236 1458/138/236 1457/147/236
f 1305/148/237 1304/139/237 1527/139/237 1526/148/237
f 1288/149/238 1287/140/238 1544/140/238 1543/149/238
f 1323/150/239 1322/141/239 1509/141/239 1508/150/239
f 1408/151/240 1407/142/240 1424/142/240 1423/151/240
f 1391/152/241 1390/143/241 1443/143/241 1440/152/241
f 1272/153/242 1271/144/242 1560/144/242 1559/153/242
f 1357/154/243 1356/145/243 1475/145/243 1474/154/243
f 1340/155/244 1339/146/244 1492/146/244 1491/155/244
f 1375/156/245 1374/147/245 1457/147/245 1456/156/245
f 1306/5/246 1305/148/246 1526/148/246 1525/5/246
f 1289/9/247 1288/149/247 1543/149/247 1542/9/247
f 1324/11/248 1323/150/248 1508/150/248 1507/11/248
f 1409/13/249 1408/151/249 1423/151/249 1422/13/249
f 1392/15/250 1391/152/250 1440/152/250 1439/15/250
f 1273/17/251 1272/153/251 1559/153/251 1558/17/251
f 1358/19/252 1357/154/252 1474/154/252 1473/19/252
f 1341/21/253 1340/155/253 1491/155/253 1490/21/253
f 1376/23/254 1375/156/254 1456/156/254 1455/23/254
f 1005/157/255 1006/158/255 907/158/255 908/157/255
f 1036/159/256 1037/160/256 876/160/256 877/159/256
f 1105/161/257 1106/162/257 807/162/257 808/161/257
f 1214/163/258 1213/164/258 1004/164/258 1003/163/258
f 1092/165/259 1093/166/259 820/166/259 821/165/259
f 1130/167/260 1129/168/260 1088/168/260 1087/167/260
f 1181/159/260 1180/160/260 1037/160/260 1036/159/260
f 1180/160/258 1179/169/258 1038/169/258 1037/160/258
f 978/170/261 979/171/261 934/171/261 935/170/261
f 1060/172/262 1061/173/262 852/173/262 853/172/262
f 1081/174/263 1082/175/263 831/175/263 832/174/263
f 1001/176/264 1002/177/264 911/177/264 912/176/264
f 1110/178/258 1109/179/258 1108/179/258 1107/178/258
f 1025/180/265 1026/181/265 887/181/265 888/180/265
f 1207/182/258 1206/183/258 1011/183/258 1010/182/258
f 1253/184/258 1252/185/258 965/185/258 964/184/258
f 1178/186/258 1177/187/258 1040/187/258 1039/186/258
f 1084/188/266 1085/189/266 828/189/266 829/188/266
f 1057/190/267 1058/191/267 855/191/267 856/190/267
f 977/192/268 978/170/268 935/170/268 936/192/268
f 1014/193/269 1015/194/269 898/194/269 899/193/269
f 1212/157/258 1211/158/258 1006/158/258 1005/157/258
f 992/195/270 993/196/270 920/196/270 921/195/270
f 1230/197/258 1229/198/258 988/198/258 987/197/258
f 1150/199/258 1149/200/258 1068/200/258 1067/199/258
f 1176/201/258 1175/202/258 1042/202/258 1041/201/258
f 1033/203/271 1034/204/271 879/204/271 880/203/271
f 959/205/272 960/206/272 953/206/272 954/205/272
f 1040/187/273 1041/201/273 872/201/273 873/187/273
f 1101/207/274 1102/208/274 811/208/274 812/207/274
f 1123/209/258 1122/210/258 1095/210/258 1094/209/258
f 1096/211/275 1097/212/275 816/212/275 817/211/275
f 1126/213/258 1125/165/258 1092/165/258 1091/213/258
f 1185/214/258 1184/203/258 1033/203/258 1032/214/258
f 1174/215/258 1173/216/258 1044/216/258 1043/215/258
f 1200/217/258 1199/218/258 1018/218/258 1017/217/258
f 1064/219/276 1065/220/276 848/220/276 849/219/276
f 1077/221/277 1078/222/277 835/222/277 836/221/277
f 997/223/278 998/224/278 915/224/278 916/223/278
f 1227/225/258 1226/226/258 991/226/258 990/225/258
f 1021/227/279 1022/228/279 891/228/279 892/227/279
f 1211/158/258 1210/229/258 1007/229/258 1006/158/258
f 1250/230/258 1249/231/258 968/231/258 967/230/258
f 1172/232/258 1171/233/258 1046/233/258 1045/232/258
f 1135/175/258 1134/234/258 1083/234/258 1082/175/258
f 1053/235/280 1054/236/280 859/236/280 860/235/280
f 973/237/281 974/238/281 939/238/281 940/237/281
f 1018/218/282 1019/239/282 894/239/282 895/218/282
f 1208/240/258 1207/182/258 1010/182/258 1009/240/258
f 996/241/283 997/223/283 916/223/283 917/241/283
f 1226/226/258 1225/195/258 992/195/258 991/226/258
f 1146/242/258 1145/243/258 1072/243/258 1071/242/258
f 1170/244/258 1169/245/258 1048/245/258 1047/244/258
f 1241/246/258 1240/192/258 977/192/258 976/246/258
f 957/247/284 958/248/284 955/248/284 956/247/284
f 1044/216/285 1045/232/285 868/232/285 869/216/285
f 1097/212/286 1098/249/286 815/249/286 816/212/286
f 1127/250/258 1126/213/258 1091/213/258 1090/250/258
f 1100/251/287 1101/207/287 812/207/287 813/251/287
f 1122/210/258 1121/211/258 1096/211/258 1095/210/258
f 1191/181/258 1190/252/258 1027/252/258 1026/181/258
f 1168/253/258 1167/254/258 1050/254/258 1049/253/258
f 1196/227/258 1195/228/258 1022/228/258 1021/227/258
f 1068/200/288 1069/255/288 844/255/288 845/200/288
f 1073/256/289 1074/257/289 839/257/289 840/256/289
f 993/196/290 994/258/290 919/258/290 920/196/290
f 1231/259/258 1230/197/258 987/197/258 986/259/258
f 1017/217/291 1018/218/291 895/218/291 896/217/291
f 1224/196/258 1223/258/258 994/258/258 993/196/258
f 1246/260/258 1245/261/258 972/261/258 971/260/258
f 1166/262/258 1165/263/258 1052/263/258 1051/262/258
f 1139/222/258 1138/264/258 1079/264/258 1078/222/258
f 1049/253/292 1050/254/292 863/254/292 864/253/292
f 969/265/293 970/266/293 943/266/293 944/265/293
f 1022/228/294 1023/267/294 890/267/294 891/228/294
f 1204/268/258 1203/193/258 1014/193/258 1013/268/258
f 998/224/295 999/269/295 914/269/295 915/224/295
f 1120/212/258 1119/249/258 1098/249/258 1097/212/258
f 1142/270/258 1141/271/258 1076/271/258 1075/270/258
f 1169/245/258 1168/253/258 1049/253/258 1048/245/258
f 1237/272/258 1236/273/258 981/273/258 980/272/258
f 968/231/296 969/265/296 944/265/296 945/231/296
f 1048/245/297 1049/253/297 864/253/297 865/245/297
f 1093/166/298 1094/209/298 819/209/298 820/166/298
f 1131/274/258 1130/167/258 1087/167/258 1086/274/258
f 1104/275/299 1105/161/299 808/161/299 809/275/299
f 1222/276/258 1221/241/258 996/241/258 995/276/258
f 1195/228/258 1194/267/258 1023/267/258 1022/228/258
f 1259/248/258 1258/205/258 959/205/258 958/248/258
f 1192/180/258 1191/181/258 1026/181/258 1025/180/258
f 1072/243/300 1073/256/300 840/256/300 841/243/300
f 1069/255/301 1070/277/301 843/277/301 844/255/301
f 989/278/302 990/225/302 923/225/302 924/278/302
f 1235/279/258 1234/280/258 983/280/258 982/279/258
f 1013/268/303 1014/193/303 899/193/303 900/268/303
f 1118/281/258 1117/251/258 1100/251/258 1099/281/258
f 1242/282/258 1241/246/258 976/246/258 975/282/258
f 1162/283/258 1161/284/258 1056/284/258 1055/283/258
f 1143/257/258 1142/270/258 1075/270/258 1074/257/258
f 1045/232/304 1046/233/304 867/233/304 868/232/304
f 965/185/305 966/285/305 947/285/305 948/185/305
f 1026/181/306 1027/252/306 886/252/306 887/181/306
f 1088/168/307 1089/286/307 824/286/307 825/168/307
f 1002/177/308 1003/163/308 910/163/308 911/177/308
f 1220/223/258 1219/224/258 998/224/258 997/223/258
f 1138/264/258 1137/287/258 1080/287/258 1079/264/258
f 1173/216/258 1172/232/258 1045/232/258 1044/216/258
f 1247/266/258 1246/260/258 971/260/258 970/266/258
f 972/261/309 973/237/309 940/237/309 941/261/309
f 1052/263/310 1053/235/310 860/235/310 861/263/310
f 1089/286/311 1090/250/311 823/250/311 824/286/311
f 1004/164/312 1005/157/312 908/157/312 909/164/312
f 1116/207/258 1115/208/258 1102/208/258 1101/207/258
f 1199/218/258 1198/239/258 1019/239/258 1018/218/258
f 1257/206/258 1256/2/258 961/2/258 960/206/258
f 1188/288/258 1187/289/258 1030/289/258 1029/288/258
f 1076/271/313 1077/221/313 836/221/313 837/271/313
f 1065/220/314 1066/290/314 847/290/314 848/220/314
f 985/291/315 986/259/315 927/259/315 928/291/315
f 1006/158/316 1007/229/316 906/229/316 907/158/316
f 1218/269/258 1217/292/258 1000/292/258 999/269/258
f 1238/171/258 1237/272/258 980/272/258 979/171/258
f 1158/293/258 1157/172/258 1060/172/258 1059/293/258
f 1147/277/258 1146/242/258 1071/242/258 1070/277/258
f 1041/201/317 1042/202/317 871/202/317 872/201/317
f 963/294/318 964/184/318 949/184/318 950/294/318
f 984/295/319 985/291/319 928/291/319 929/295/319
f 1032/214/320 1033/203/320 880/203/320 881/214/320
f 1106/162/321 1107/178/321 806/178/321 807/162/321
f 1114/296/260 1113/275/260 1104/275/260 1103/296/260
f 1134/234/258 1133/188/258 1084/188/258 1083/234/258
f 1177/187/258 1176/201/258 1041/201/258 1040/187/258
f 1251/285/258 1250/230/258 967/230/258 966/285/258
f 974/238/322 975/282/322 938/282/322 939/238/322
f 1056/284/323 1057/190/323 856/190/323 857/284/323
f 1085/189/324 1086/274/324 827/274/324 828/189/324
f 1008/297/325 1009/240/325 904/240/325 905/297/325
f 1216/176/258 1215/177/258 1002/177/258 1001/176/258
f 1029/288/326 1030/289/326 883/289/326 884/288/326
f 1203/193/258 1202/194/258 1015/194/258 1014/193/258
f 1255/3/258 1254/294/258 963/294/258 962/3/258
f 1184/203/258 1183/204/258 1034/204/258 1033/203/258
f 1080/287/327 1081/174/327 832/174/327 833/287/327
f 1061/173/328 1062/298/328 851/298/328 852/173/328
f 981/273/329 982/279/329 931/279/329 932/273/329
f 1010/182/330 1011/183/330 902/183/330 903/182/330
f 1112/161/258 1111/162/258 1106/162/258 1105/161/258
f 988/198/331 989/278/331 924/278/331 925/198/331
f 1234/280/258 1233/295/258 984/295/258 983/280/258
f 1154/299/258 1153/219/258 1064/219/258 1063/299/258
f 1182/300/258 1181/159/258 1036/159/258 1035/300/258
f 1037/160/332 1038/169/332 875/169/332 876/160/332
f 1133/188/258 1132/189/258 1085/189/258 1084/188/258
f 1236/273/258 1235/279/258 982/279/258 981/273/258
f 1039/186/333 1040/187/333 873/187/333 874/186/333
f 1107/178/334 1108/179/334 805/179/334 806/178/334
f 1132/189/258 1131/274/258 1086/274/258 1085/189/258
f 976/246/335 977/192/335 936/192/335 937/246/335
f 1003/163/336 1004/164/336 909/164/336 910/163/336
f 1205/301/258 1204/268/258 1013/268/258 1012/301/258
f 1082/175/337 1083/234/337 830/234/337 831/175/337
f 1012/301/338 1013/268/338 900/268/338 901/301/338
f 1232/291/258 1231/259/258 986/259/258 985/291/258
f 1035/300/339 1036/159/339 877/159/339 878/300/339
f 1103/296/340 1104/275/340 809/275/340 810/296/340
f 1128/286/258 1127/250/258 1090/250/258 1089/286/258
f 982/279/341 983/280/341 930/280/341 931/279/341
f 999/269/342 1000/292/342 913/292/342 914/269/342
f 1209/297/258 1208/240/258 1009/240/258 1008/297/258
f 1086/274/343 1087/167/343 826/167/343 827/274/343
f 1016/302/344 1017/217/344 896/217/344 897/302/344
f 1228/278/258 1227/225/258 990/225/258 989/278/258
f 1239/170/258 1238/171/258 979/171/258 978/170/258
f 1099/281/345 1100/251/345 813/251/345 814/281/345
f 1124/166/260 1123/209/260 1094/209/260 1093/166/260
f 1198/239/258 1197/303/258 1020/303/258 1019/239/258
f 995/276/346 996/241/346 917/241/346 918/276/346
f 1213/164/258 1212/157/258 1005/157/258 1004/164/258
f 1137/287/258 1136/174/258 1081/174/258 1080/287/258
f 1020/303/347 1021/227/347 892/227/347 893/303/347
f 1109/179/258 1260/304/258 957/304/258 1108/179/258
f 1243/238/258 1242/282/258 975/282/258 974/238/258
f 1095/210/348 1096/211/348 817/211/348 818/210/348
f 1215/177/258 1214/163/258 1003/163/258 1002/177/258
f 1194/267/258 1193/305/258 1024/305/258 1023/267/258
f 991/226/349 992/195/349 921/195/349 922/226/349
f 1111/162/258 1110/178/258 1107/178/258 1106/162/258
f 1141/271/258 1140/221/258 1077/221/258 1076/271/258
f 1024/305/350 1025/180/350 888/180/350 889/305/350
f 1217/292/258 1216/176/258 1001/176/258 1000/292/258
f 1245/261/258 1244/237/258 973/237/258 972/261/258
f 1091/213/351 1092/165/351 821/165/351 822/213/351
f 1113/275/258 1112/161/258 1105/161/258 1104/275/258
f 1190/252/258 1189/306/258 1028/306/258 1027/252/258
f 987/197/352 988/198/352 925/198/352 926/197/352
f 1219/224/258 1218/269/258 999/269/258 998/224/258
f 1145/243/258 1144/256/258 1073/256/258 1072/243/258
f 1030/289/353 1031/307/353 882/307/353 883/289/353
f 1115/208/258 1114/296/258 1103/296/258 1102/208/258
f 1249/231/258 1248/265/258 969/265/258 968/231/258
f 1087/167/354 1088/168/354 825/168/354 826/167/354
f 1189/306/258 1188/288/258 1029/288/258 1028/306/258
f 1186/307/258 1185/214/258 1032/214/258 1031/307/258
f 983/280/355 984/295/355 929/295/355 930/280/355
f 1117/251/258 1116/207/258 1101/207/258 1100/251/258
f 1149/200/258 1148/255/258 1069/255/258 1068/200/258
f 1034/204/356 1035/300/356 878/300/356 879/204/356
f 1221/241/258 1220/223/258 997/223/258 996/241/258
f 1151/290/258 1150/199/258 1067/199/258 1066/290/258
f 1083/234/357 1084/188/357 829/188/357 830/234/357
f 1119/249/260 1118/281/260 1099/281/260 1098/249/260
f 1153/219/258 1152/220/258 1065/220/258 1064/219/258
f 979/171/358 980/272/358 933/272/358 934/171/358
f 1223/258/258 1222/276/258 995/276/258 994/258/258
f 1155/298/258 1154/299/258 1063/299/258 1062/298/258
f 1038/169/359 1039/186/359 874/186/359 875/169/359
f 1121/211/258 1120/212/258 1097/212/258 1096/211/258
f 1157/172/258 1156/173/258 1061/173/258 1060/172/258
f 1079/264/360 1080/287/360 833/287/360 834/264/360
f 1225/195/258 1224/196/258 993/196/258 992/195/258
f 1159/191/258 1158/293/258 1059/293/258 1058/191/258
f 975/282/361 976/246/361 937/246/361 938/282/361
f 1210/229/258 1209/297/258 1008/297/258 1007/229/258
f 1161/284/258 1160/190/258 1057/190/258 1056/284/258
f 1042/202/362 1043/215/362 870/215/362 871/202/362
f 1125/165/258 1124/166/258 1093/166/258 1092/165/258
f 1163/236/258 1162/283/258 1055/283/258 1054/236/258
f 1075/270/363 1076/271/363 837/271/363 838/270/363
f 1229/198/258 1228/278/258 989/278/258 988/198/258
f 1165/263/258 1164/235/258 1053/235/258 1052/263/258
f 971/260/364 972/261/364 941/261/364 942/260/364
f 1206/183/258 1205/301/258 1012/301/258 1011/183/258
f 1167/254/258 1166/262/258 1051/262/258 1050/254/258
f 1046/233/365 1047/244/365 866/244/365 867/233/365
f 1129/168/258 1128/286/258 1089/286/258 1088/168/258
f 1260/247/258 1259/248/258 958/248/258 957/247/258
f 1071/242/366 1072/243/366 841/243/366 842/242/366
f 1233/295/258 1232/291/258 985/291/258 984/295/258
f 1164/235/258 1163/236/258 1054/236/258 1053/235/258
f 967/230/367 968/231/367 945/231/367 946/230/367
f 1202/194/258 1201/302/258 1016/302/258 1015/194/258
f 1171/233/258 1170/244/258 1047/244/258 1046/233/258
f 1050/254/368 1051/262/368 862/262/368 863/254/368
f 1031/307/369 1032/214/369 881/214/369 882/307/369
f 1258/205/258 1257/206/258 960/206/258 959/205/258
f 1067/199/370 1068/200/370 845/200/370 846/199/370
f 1160/190/258 1159/191/258 1058/191/258 1057/190/258
f 964/184/371 965/185/371 948/185/371 949/184/371
f 1175/202/258 1174/215/258 1043/215/258 1042/202/258
f 1054/236/372 1055/283/372 858/283/372 859/236/372
f 848/220/373 847/290/373 3279/290/373 3280/220/373
f 1256/2/258 1255/3/258 962/3/258 961/2/258
f 1063/299/374 1064/219/374 849/219/374 850/299/374
f 986/259/375 987/197/375 926/197/375 927/259/375
f 1156/173/258 1155/298/258 1062/298/258 1061/173/258
f 962/3/376 963/294/376 950/294/376 951/3/376
f 1090/250/377 1091/213/377 822/213/377 823/250/377
f 1179/169/258 1178/186/258 1039/186/258 1038/169/258
f 1058/191/378 1059/293/378 854/293/378 855/191/378
f 1027/252/379 1028/306/379 885/306/379 886/252/379
f 1254/294/260 1253/184/260 964/184/260 963/294/260
f 1059/293/380 1060/172/380 853/172/380 854/293/380
f 990/225/381 991/226/381 922/226/381 923/225/381
f 1152/220/258 1151/290/258 1066/290/258 1065/220/258
f 960/206/382 961/2/382 952/2/382 953/206/382
f 1094/209/383 1095/210/383 818/210/383 819/209/383
f 1183/204/258 1182/300/258 1035/300/258 1034/204/258
f 1062/298/384 1063/299/384 850/299/384 851/298/384
f 1023/267/385 1024/305/385 889/305/385 890/267/385
f 1252/185/258 1251/285/258 966/285/258 965/185/258
f 1055/283/386 1056/284/386 857/284/386 858/283/386
f 994/258/387 995/276/387 918/276/387 919/258/387
f 1148/255/258 1147/277/258 1070/277/258 1069/255/258
f 958/248/388 959/205/388 954/205/388 955/248/388
f 1098/249/389 1099/281/389 814/281/389 815/249/389
f 1187/289/258 1186/307/258 1031/307/258 1030/289/258
f 1066/290/390 1067/199/390 846/199/390 847/290/390
f 1019/239/391 1020/303/391 893/303/391 894/239/391
f 1248/265/258 1247/266/258 970/266/258 969/265/258
f 1051/262/392 1052/263/392 861/263/392 862/262/392
f 1028/306/393 1029/288/393 884/288/393 885/306/393
f 1144/256/258 1143/257/258 1074/257/258 1073/256/258
f 966/285/394 967/230/394 946/230/394 947/285/394
f 1102/208/395 1103/296/395 810/296/395 811/208/395
f 1193/305/258 1192/180/258 1025/180/258 1024/305/258
f 1070/277/396 1071/242/396 842/242/396 843/277/396
f 1015/194/397 1016/302/397 897/302/397 898/194/397
f 1244/237/258 1243/238/258 974/238/258 973/237/258
f 1047/244/398 1048/245/398 865/245/398 866/244/398
f 1000/292/399 1001/176/399 912/176/399 913/292/399
f 1140/221/258 1139/222/258 1078/222/258 1077/221/258
f 970/266/400 971/260/400 942/260/400 943/266/400
f 1108/179/401 957/304/401 956/304/401 805/179/401
f 1197/303/258 1196/227/258 1021/227/258 1020/303/258
f 1074/257/402 1075/270/402 838/270/402 839/257/402
f 1011/183/403 1012/301/403 901/301/403 902/183/403
f 1240/192/258 1239/170/258 978/170/258 977/192/258
f 1043/215/404 1044/216/404 869/216/404 870/215/404
f 1009/240/405 1010/182/405 903/182/405 904/240/405
f 1136/174/258 1135/175/258 1082/175/258 1081/174/258
f 980/272/406 981/273/406 932/273/406 933/272/406
f 1007/229/407 1008/297/407 905/297/407 906/229/407
f 1201/302/258 1200/217/258 1017/217/258 1016/302/258
f 1078/222/408 1079/264/408 834/264/408 835/222/408
f 520/246/409 521/192/409 1240/192/409 1241/246/409
f 649/161/410 650/162/410 1111/162/410 1112/161/410
f 521/192/411 522/170/411 1239/170/411 1240/192/411
f 650/162/412 651/178/412 1110/178/412 1111/162/412
f 522/170/413 523/171/413 1238/171/413 1239/170/413
f 651/178/414 652/179/414 1109/179/414 1110/178/414
f 523/171/415 524/272/415 1237/272/415 1238/171/415
f 652/179/416 501/304/416 1260/304/416 1109/179/416
f 524/272/417 525/273/417 1236/273/417 1237/272/417
f 576/214/418 577/203/418 1184/203/418 1185/214/418
f 602/191/419 603/293/419 1158/293/419 1159/191/419
f 525/273/420 526/279/420 1235/279/420 1236/273/420
f 628/188/421 629/189/421 1132/189/421 1133/188/421
f 526/279/422 527/280/422 1234/280/422 1235/279/422
f 551/229/423 552/297/423 1209/297/423 1210/229/423
f 577/203/424 578/204/424 1183/204/424 1184/203/424
f 603/293/425 604/172/425 1157/172/425 1158/293/425
f 629/189/426 630/274/426 1131/274/426 1132/189/426
f 552/297/427 553/240/427 1208/240/427 1209/297/427
f 578/204/428 579/300/428 1182/300/428 1183/204/428
f 501/247/429 502/248/429 1259/248/429 1260/247/429
f 604/172/430 605/173/430 1156/173/430 1157/172/430
f 527/280/431 528/295/431 1233/295/431 1234/280/431
f 630/274/432 631/167/432 1130/167/432 1131/274/432
f 553/240/433 554/182/433 1207/182/433 1208/240/433
f 530/259/434 531/197/434 1230/197/434 1231/259/434
f 579/300/435 580/159/435 1181/159/435 1182/300/435
f 502/248/436 503/205/436 1258/205/436 1259/248/436
f 605/173/437 606/298/437 1155/298/437 1156/173/437
f 528/295/438 529/291/438 1232/291/438 1233/295/438
f 631/167/439 632/168/439 1129/168/439 1130/167/439
f 554/182/440 555/183/440 1206/183/440 1207/182/440
f 580/159/441 581/160/441 1180/160/441 1181/159/441
f 503/205/442 504/206/442 1257/206/442 1258/205/442
f 606/298/443 607/299/443 1154/299/443 1155/298/443
f 529/291/444 530/259/444 1231/259/444 1232/291/444
f 632/168/445 633/286/445 1128/286/445 1129/168/445
f 555/183/446 556/301/446 1205/301/446 1206/183/446
f 581/160/447 582/169/447 1179/169/447 1180/160/447
f 504/206/448 505/2/448 1256/2/448 1257/206/448
f 607/299/449 608/219/449 1153/219/449 1154/299/449
f 633/286/450 634/250/450 1127/250/450 1128/286/450
f 556/301/451 557/268/451 1204/268/451 1205/301/451
f 582/169/452 583/186/452 1178/186/452 1179/169/452
f 505/2/453 506/3/453 1255/3/453 1256/2/453
f 608/219/454 609/220/454 1152/220/454 1153/219/454
f 531/197/455 532/198/455 1229/198/455 1230/197/455
f 634/250/456 635/213/456 1126/213/456 1127/250/456
f 557/268/457 558/193/457 1203/193/457 1204/268/457
f 583/186/458 584/187/458 1177/187/458 1178/186/458
f 506/3/459 507/294/459 1254/294/459 1255/3/459
f 609/220/460 610/290/460 1151/290/460 1152/220/460
f 532/198/461 533/278/461 1228/278/461 1229/198/461
f 635/213/462 636/165/462 1125/165/462 1126/213/462
f 558/193/463 559/194/463 1202/194/463 1203/193/463
f 584/187/464 585/201/464 1176/201/464 1177/187/464
f 507/294/465 508/184/465 1253/184/465 1254/294/465
f 610/290/466 611/199/466 1150/199/466 1151/290/466
f 533/278/467 534/225/467 1227/225/467 1228/278/467
f 636/165/468 637/166/468 1124/166/468 1125/165/468
f 559/194/469 560/302/469 1201/302/469 1202/194/469
f 585/201/470 586/202/470 1175/202/470 1176/201/470
f 508/184/471 509/185/471 1252/185/471 1253/184/471
f 611/199/472 612/200/472 1149/200/472 1150/199/472
f 534/225/473 535/226/473 1226/226/473 1227/225/473
f 637/166/474 638/209/474 1123/209/474 1124/166/474
f 560/302/475 561/217/475 1200/217/475 1201/302/475
f 586/202/476 587/215/476 1174/215/476 1175/202/476
f 509/185/477 510/285/477 1251/285/477 1252/185/477
f 612/200/478 613/255/478 1148/255/478 1149/200/478
f 535/226/479 536/195/479 1225/195/479 1226/226/479
f 638/209/480 639/210/480 1122/210/480 1123/209/480
f 561/217/481 562/218/481 1199/218/481 1200/217/481
f 587/215/482 588/216/482 1173/216/482 1174/215/482
f 510/285/483 511/230/483 1250/230/483 1251/285/483
f 613/255/484 614/277/484 1147/277/484 1148/255/484
f 536/195/485 537/196/485 1224/196/485 1225/195/485
f 639/210/486 640/211/486 1121/211/486 1122/210/486
f 562/218/487 563/239/487 1198/239/487 1199/218/487
f 588/216/488 589/232/488 1172/232/488 1173/216/488
f 511/230/489 512/231/489 1249/231/489 1250/230/489
f 614/277/490 615/242/490 1146/242/490 1147/277/490
f 537/196/491 538/258/491 1223/258/491 1224/196/491
f 640/211/492 641/212/492 1120/212/492 1121/211/492
f 563/239/493 564/303/493 1197/303/493 1198/239/493
f 589/232/494 590/233/494 1171/233/494 1172/232/494
f 512/231/495 513/265/495 1248/265/495 1249/231/495
f 615/242/496 616/243/496 1145/243/496 1146/242/496
f 538/258/497 539/276/497 1222/276/497 1223/258/497
f 641/212/498 642/249/498 1119/249/498 1120/212/498
f 564/303/499 565/227/499 1196/227/499 1197/303/499
f 590/233/500 591/244/500 1170/244/500 1171/233/500
f 513/265/501 514/266/501 1247/266/501 1248/265/501
f 616/243/502 617/256/502 1144/256/502 1145/243/502
f 539/276/503 540/241/503 1221/241/503 1222/276/503
f 642/249/504 643/281/504 1118/281/504 1119/249/504
f 565/227/505 566/228/505 1195/228/505 1196/227/505
f 591/244/506 592/245/506 1169/245/506 1170/244/506
f 514/266/507 515/260/507 1246/260/507 1247/266/507
f 617/256/508 618/257/508 1143/257/508 1144/256/508
f 540/241/509 541/223/509 1220/223/509 1221/241/509
f 643/281/510 644/251/510 1117/251/510 1118/281/510
f 566/228/511 567/267/511 1194/267/511 1195/228/511
f 592/245/512 593/253/512 1168/253/512 1169/245/512
f 515/260/513 516/261/513 1245/261/513 1246/260/513
f 618/257/514 619/270/514 1142/270/514 1143/257/514
f 541/223/515 542/224/515 1219/224/515 1220/223/515
f 644/251/516 645/207/516 1116/207/516 1117/251/516
f 567/267/517 568/305/517 1193/305/517 1194/267/517
f 593/253/518 594/254/518 1167/254/518 1168/253/518
f 516/261/519 517/237/519 1244/237/519 1245/261/519
f 619/270/520 620/271/520 1141/271/520 1142/270/520
f 542/224/521 543/269/521 1218/269/521 1219/224/521
f 645/207/522 646/208/522 1115/208/522 1116/207/522
f 568/305/523 569/180/523 1192/180/523 1193/305/523
f 594/254/524 595/262/524 1166/262/524 1167/254/524
f 517/237/525 518/238/525 1243/238/525 1244/237/525
f 620/271/526 621/221/526 1140/221/526 1141/271/526
f 543/269/527 544/292/527 1217/292/527 1218/269/527
f 646/208/528 647/296/528 1114/296/528 1115/208/528
f 569/180/529 570/181/529 1191/181/529 1192/180/529
f 595/262/530 596/263/530 1165/263/530 1166/262/530
f 518/238/531 519/282/531 1242/282/531 1243/238/531
f 621/221/532 622/222/532 1139/222/532 1140/221/532
f 544/292/533 545/176/533 1216/176/533 1217/292/533
f 647/296/534 648/275/534 1113/275/534 1114/296/534
f 570/181/535 571/252/535 1190/252/535 1191/181/535
f 596/263/536 597/235/536 1164/235/536 1165/263/536
f 519/282/537 520/246/537 1241/246/537 1242/282/537
f 622/222/538 623/264/538 1138/264/538 1139/222/538
f 545/176/539 546/177/539 1215/177/539 1216/176/539
f 648/275/540 649/161/540 1112/161/540 1113/275/540
f 571/252/541 572/306/541 1189/306/541 1190/252/541
f 597/235/542 598/236/542 1163/236/542 1164/235/542
f 623/264/543 624/287/543 1137/287/543 1138/264/543
f 572/306/544 573/288/544 1188/288/544 1189/306/544
f 624/287/545 625/174/545 1136/174/545 1137/287/545
f 573/288/546 574/289/546 1187/289/546 1188/288/546
f 625/174/547 626/175/547 1135/175/547 1136/174/547
f 574/289/548 575/307/548 1186/307/548 1187/289/548
f 626/175/549 627/234/549 1134/234/549 1135/175/549
f 575/307/550 576/214/550 1185/214/550 1186/307/550
f 627/234/551 628/188/551 1133/188/551 1134/234/551
f 546/177/552 547/163/552 1214/163/552 1215/177/552
f 598/236/553 599/283/553 1162/283/553 1163/236/553
f 547/163/554 548/164/554 1213/164/554 1214/163/554
f 599/283/555 600/284/555 1161/284/555 1162/283/555
f 548/164/556 549/157/556 1212/157/556 1213/164/556
f 600/284/557 601/190/557 1160/190/557 1161/284/557
f 549/157/558 550/158/558 1211/158/558 1212/157/558
f 601/190/559 602/191/559 1159/191/559 1160/190/559
f 550/158/560 551/229/560 1210/229/560 1211/158/560
f 2171/308/561 1412/36/561 1261/45/561 2172/309/561
f 2170/310/562 1411/27/562 1412/36/562 2171/308/562
f 2169/311/563 1410/12/563 1411/27/563 2170/310/563
f 2168/312/564 1409/13/564 1410/12/564 2169/311/564
f 2167/313/565 1408/151/565 1409/13/565 2168/312/565
f 2166/314/566 1407/142/566 1408/151/566 2167/313/566
f 2165/315/567 1406/133/567 1407/142/567 2166/314/567
f 2164/316/568 1405/125/568 1406/133/568 2165/315/568
f 2163/317/569 1404/118/569 1405/125/569 2164/316/569
f 2162/318/570 1403/110/570 1404/118/570 2163/317/570
f 2161/319/571 1402/101/571 1403/110/571 2162/318/571
f 2160/320/572 1401/92/572 1402/101/572 2161/319/572
f 2159/321/573 1400/83/573 1401/92/573 2160/320/573
f 2158/322/574 1399/74/574 1400/83/574 2159/321/574
f 2157/323/575 1398/64/575 1399/74/575 2158/322/575
f 2156/324/576 1397/55/576 1398/64/576 2157/323/576
f 2155/325/577 1396/46/577 1397/55/577 2156/324/577
f 2154/326/578 1395/37/578 1396/46/578 2155/325/578
f 2153/327/579 1394/28/579 1395/37/579 2154/326/579
f 2152/328/580 1393/14/580 1394/28/580 2153/327/580
f 2151/329/581 1392/15/581 1393/14/581 2152/328/581
f 2150/330/582 1391/152/582 1392/15/582 2151/329/582
f 2149/331/583 1390/143/583 1391/152/583 2150/330/583
f 2148/332/584 1389/134/584 1390/143/584 2149/331/584
f 2147/333/585 1388/119/585 1389/134/585 2148/332/585
f 2146/334/586 1387/113/586 1388/119/586 2147/333/586
f 2145/335/587 1386/105/587 1387/113/587 2146/334/587
f 2144/336/588 1385/96/588 1386/105/588 2145/335/588
f 2143/337/589 1384/87/589 1385/96/589 2144/336/589
f 2142/338/590 1383/78/590 1384/87/590 2143/337/590
f 2141/339/591 1382/69/591 1383/78/591 2142/338/591
f 2140/340/592 1381/59/592 1382/69/592 2141/339/592
f 2139/341/593 1380/50/593 1381/59/593 2140/340/593
f 2138/342/594 1379/41/594 1380/50/594 2139/341/594
f 2137/343/595 1378/32/595 1379/41/595 2138/342/595
f 2136/344/596 1377/22/596 1378/32/596 2137/343/596
f 2135/345/597 1376/23/597 1377/22/597 2136/344/597
f 2134/346/598 1375/156/598 1376/23/598 2135/345/598
f 2133/347/599 1374/147/599 1375/156/599 2134/346/599
f 2132/348/600 1373/138/600 1374/147/600 2133/347/600
f 2131/349/601 1372/129/601 1373/138/601 2132/348/601
f 2130/350/602 1371/122/602 1372/129/602 2131/349/602
f 2129/351/603 1370/114/603 1371/122/603 2130/350/603
f 2128/352/604 1369/106/604 1370/114/604 2129/351/604
f 2127/353/605 1368/97/605 1369/106/605 2128/352/605
f 2126/354/606 1367/88/606 1368/97/606 2127/353/606
f 2125/355/607 1366/79/607 1367/88/607 2126/354/607
f 2124/356/608 1365/70/608 1366/79/608 2125/355/608
f 2123/357/609 1364/60/609 1365/70/609 2124/356/609
f 2122/358/610 1363/54/610 1364/60/610 2123/357/610
f 2121/359/611 1362/48/611 1363/54/611 2122/358/611
f 2120/360/612 1361/39/612 1362/48/612 2121/359/612
f 2119/361/613 1360/30/613 1361/39/613 2120/360/613
f 2118/362/614 1359/18/614 1360/30/614 2119/361/614
f 2117/363/615 1358/19/615 1359/18/615 2118/362/615
f 2116/364/616 1357/154/616 1358/19/616 2117/363/616
f 2115/365/617 1356/145/617 1357/154/617 2116/364/617
f 2114/366/618 1355/136/618 1356/145/618 2115/365/618
f 2113/367/619 1354/127/619 1355/136/619 2114/366/619
f 2112/368/620 1353/121/620 1354/127/620 2113/367/620
f 2111/369/621 1352/112/621 1353/121/621 2112/368/621
f 2110/370/622 1351/104/622 1352/112/622 2111/369/622
f 2109/371/623 1350/95/623 1351/104/623 2110/370/623
f 2108/372/624 1349/86/624 1350/95/624 2109/371/624
f 2107/373/625 1348/77/625 1349/86/625 2108/372/625
f 2106/374/626 1347/68/626 1348/77/626 2107/373/626
f 2105/375/627 1346/58/627 1347/68/627 2106/374/627
f 2104/376/628 1345/49/628 1346/58/628 2105/375/628
f 2103/377/629 1344/40/629 1345/49/629 2104/376/629
f 2102/378/630 1343/31/630 1344/40/630 2103/377/630
f 2101/379/631 1342/20/631 1343/31/631 2102/378/631
f 2100/380/632 1341/21/632 1342/20/632 2101/379/632
f 2099/381/633 1340/155/633 1341/21/633 2100/380/633
f 2098/382/634 1339/146/634 1340/155/634 2099/381/634
f 2097/383/635 1338/137/635 1339/146/635 2098/382/635
f 2096/384/636 1337/128/636 1338/137/636 2097/383/636
f 2095/385/637 1336/116/637 1337/128/637 2096/384/637
f 2094/386/638 1335/108/638 1336/116/638 2095/385/638
f 2093/387/639 1334/99/639 1335/108/639 2094/386/639
f 2092/388/640 1333/90/640 1334/99/640 2093/387/640
f 2091/389/641 1332/81/641 1333/90/641 2092/388/641
f 2090/390/642 1331/72/642 1332/81/642 2091/389/642
f 2089/391/643 1330/62/643 1331/72/643 2090/390/643
f 2088/392/644 1329/53/644 1330/62/644 2089/391/644
f 2087/393/645 1328/44/645 1329/53/645 2088/392/645
f 2086/394/646 1327/35/646 1328/44/646 2087/393/646
f 2085/395/647 1326/26/647 1327/35/647 2086/394/647
f 2084/396/648 1325/10/648 1326/26/648 2085/395/648
f 2083/397/649 1324/11/649 1325/10/649 2084/396/649
f 2082/398/650 1323/150/650 1324/11/650 2083/397/650
f 2081/399/651 1322/141/651 1323/150/651 2082/398/651
f 2080/400/652 1321/132/652 1322/141/652 2081/399/652
f 2079/401/653 1320/124/653 1321/132/653 2080/400/653
f 2078/402/654 1319/117/654 1320/124/654 2079/401/654
f 2077/403/655 1318/109/655 1319/117/655 2078/402/655
f 2076/404/656 1317/100/656 1318/109/656 2077/403/656
f 2075/405/657 1316/91/657 1317/100/657 2076/404/657
f 2074/406/658 1315/82/658 1316/91/658 2075/405/658
f 2073/407/659 1314/73/659 1315/82/659 2074/406/659
f 2072/408/660 1313/63/660 1314/73/660 2073/407/660
f 2071/409/661 1312/57/661 1313/63/661 2072/408/661
f 2070/410/662 1311/51/662 1312/57/662 2071/409/662
f 2069/411/663 1310/42/663 1311/51/663 2070/410/663
f 2068/412/664 1309/33/664 1310/42/664 2069/411/664
f 2067/413/665 1308/24/665 1309/33/665 2068/412/665
f 2066/414/666 1307/4/666 1308/24/666 2067/413/666
f 2065/415/667 1306/5/667 1307/4/667 2066/414/667
f 2064/416/668 1305/148/668 1306/5/668 2065/415/668
f 2063/417/669 1304/139/669 1305/148/669 2064/416/669
f 2062/418/670 1303/130/670 1304/139/670 2063/417/670
f 2061/419/671 1302/123/671 1303/130/671 2062/418/671
f 2060/420/672 1301/115/672 1302/123/672 2061/419/672
f 2059/421/673 1300/107/673 1301/115/673 2060/420/673
f 2058/422/674 1299/98/674 1300/107/674 2059/421/674
f 2057/423/675 1298/89/675 1299/98/675 2058/422/675
f 2056/424/676 1297/80/676 1298/89/676 2057/423/676
f 2055/425/677 1296/71/677 1297/80/677 2056/424/677
f 2054/426/678 1295/61/678 1296/71/678 2055/425/678
f 2053/427/679 1294/52/679 1295/61/679 2054/426/679
f 2052/428/680 1293/43/680 1294/52/680 2053/427/680
f 2051/429/681 1292/34/681 1293/43/681 2052/428/681
f 2050/430/682 1291/25/682 1292/34/682 2051/429/682
f 2049/431/683 1290/8/683 1291/25/683 2050/430/683
f 2048/432/684 1289/9/684 1290/8/684 2049/431/684
f 2047/433/685 1288/149/685 1289/9/685 2048/432/685
f 2046/434/686 1287/140/686 1288/149/686 2047/433/686
f 2045/435/687 1286/131/687 1287/140/687 2046/434/687
f 2044/436/688 1285/6/688 1286/131/688 2045/435/688
f 2043/437/689 1284/7/689 1285/6/689 2044/436/689
f 2042/438/690 1283/102/690 1284/7/690 2043/437/690
f 2041/439/691 1282/93/691 1283/102/691 2042/438/691
f 2040/440/692 1281/84/692 1282/93/692 2041/439/692
f 2039/441/693 1280/75/693 1281/84/693 2040/440/693
f 2038/442/694 1279/65/694 1280/75/694 2039/441/694
f 2037/443/695 1278/56/695 1279/65/695 2038/442/695
f 2036/444/696 1277/47/696 1278/56/696 2037/443/696
f 2035/445/697 1276/38/697 1277/47/697 2036/444/697
f 2034/446/698 1275/29/698 1276/38/698 2035/445/698
f 2033/447/699 1274/16/699 1275/29/699 2034/446/699
f 2032/448/700 1273/17/700 1274/16/700 2033/447/700
f 2031/449/701 1272/153/701 1273/17/701 2032/448/701
f 2030/450/702 1271/144/702 1272/153/702 2031/449/702
f 2029/451/703 1270/135/703 1271/144/703 2030/450/703
f 2028/452/704 1269/126/704 1270/135/704 2029/451/704
f 2027/453/705 1268/120/705 1269/126/705 2028/452/705
f 2026/454/706 1267/111/706 1268/120/706 2027/453/706
f 2025/455/707 1266/103/707 1267/111/707 2026/454/707
f 2024/456/708 1265/94/708 1266/103/708 2025/455/708
f 2023/457/709 1264/85/709 1265/94/709 2024/456/709
f 2022/458/710 1263/76/710 1264/85/710 2023/457/710
f 2021/459/711 1262/66/711 1263/76/711 2022/458/711
f 2172/460/712 1261/67/712 1262/66/712 2021/459/712
f 681/461/360 682/462/360 1594/462/360 1593/461/360
f 798/463/713 797/464/713 1414/120/713 1413/111/713
f 801/465/714 800/466/714 1416/94/714 1415/85/714
f 804/467/715 803/468/715 1418/66/715 1417/67/715
f 653/469/716 804/467/716 1417/67/716 1419/36/716
f 654/470/717 653/469/717 1419/36/717 1420/27/717
f 655/471/718 654/470/718 1420/27/718 1421/12/718
f 656/472/719 655/471/719 1421/12/719 1422/13/719
f 657/473/720 656/472/720 1422/13/720 1423/151/720
f 658/474/721 657/473/721 1423/151/721 1424/142/721
f 659/475/722 658/474/722 1424/142/722 1425/133/722
f 660/476/723 659/475/723 1425/133/723 1426/125/723
f 661/477/724 660/476/724 1426/125/724 1427/118/724
f 662/478/725 661/477/725 1427/118/725 1428/110/725
f 663/479/726 662/478/726 1428/110/726 1429/101/726
f 664/480/727 663/479/727 1429/101/727 1430/92/727
f 665/481/728 664/480/728 1430/92/728 1431/83/728
f 666/482/729 665/481/729 1431/83/729 1432/74/729
f 667/483/730 666/482/730 1432/74/730 1433/64/730
f 668/484/731 667/483/731 1433/64/731 1434/55/731
f 669/485/732 668/484/732 1434/55/732 1435/46/732
f 670/486/733 669/485/733 1435/46/733 1436/37/733
f 671/487/734 670/486/734 1436/37/734 1437/28/734
f 672/488/735 671/487/735 1437/28/735 1438/14/735
f 673/489/736 672/488/736 1438/14/736 1439/15/736
f 674/490/737 673/489/737 1439/15/737 1440/152/737
f 679/491/738 678/492/738 1442/113/738 1441/105/738
f 675/493/739 674/490/739 1440/152/739 1443/143/739
f 676/494/740 675/493/740 1443/143/740 1444/134/740
f 677/495/741 676/494/741 1444/134/741 1445/119/741
f 678/492/742 677/495/742 1445/119/742 1442/113/742
f 680/496/743 679/491/743 1441/105/743 1446/96/743
f 681/461/744 680/496/744 1446/96/744 1447/87/744
f 682/462/745 681/461/745 1447/87/745 1448/78/745
f 683/497/746 682/462/746 1448/78/746 1449/69/746
f 684/498/747 683/497/747 1449/69/747 1450/59/747
f 685/499/748 684/498/748 1450/59/748 1451/50/748
f 686/500/749 685/499/749 1451/50/749 1452/41/749
f 687/501/750 686/500/750 1452/41/750 1453/32/750
f 688/502/751 687/501/751 1453/32/751 1454/22/751
f 689/503/752 688/502/752 1454/22/752 1455/23/752
f 690/504/753 689/503/753 1455/23/753 1456/156/753
f 691/505/754 690/504/754 1456/156/754 1457/147/754
f 692/506/755 691/505/755 1457/147/755 1458/138/755
f 693/507/756 692/506/756 1458/138/756 1459/129/756
f 694/508/757 693/507/757 1459/129/757 1460/122/757
f 695/509/758 694/508/758 1460/122/758 1461/114/758
f 696/510/759 695/509/759 1461/114/759 1462/106/759
f 697/511/760 696/510/760 1462/106/760 1463/97/760
f 698/512/761 697/511/761 1463/97/761 1464/88/761
f 699/513/762 698/512/762 1464/88/762 1465/79/762
f 700/514/763 699/513/763 1465/79/763 1466/70/763
f 701/515/764 700/514/764 1466/70/764 1467/60/764
f 702/516/765 701/515/765 1467/60/765 1468/54/765
f 703/517/766 702/516/766 1468/54/766 1469/48/766
f 704/518/767 703/517/767 1469/48/767 1470/39/767
f 705/519/768 704/518/768 1470/39/768 1471/30/768
f 706/520/769 705/519/769 1471/30/769 1472/18/769
f 707/521/770 706/520/770 1472/18/770 1473/19/770
f 708/522/771 707/521/771 1473/19/771 1474/154/771
f 709/523/772 708/522/772 1474/154/772 1475/145/772
f 710/524/773 709/523/773 1475/145/773 1476/136/773
f 711/525/774 710/524/774 1476/136/774 1477/127/774
f 712/526/775 711/525/775 1477/127/775 1478/121/775
f 713/527/776 712/526/776 1478/121/776 1479/112/776
f 714/528/777 713/527/777 1479/112/777 1480/104/777
f 715/529/778 714/528/778 1480/104/778 1481/95/778
f 716/530/779 715/529/779 1481/95/779 1482/86/779
f 717/531/780 716/530/780 1482/86/780 1483/77/780
f 718/532/781 717/531/781 1483/77/781 1484/68/781
f 719/533/782 718/532/782 1484/68/782 1485/58/782
f 720/534/783 719/533/783 1485/58/783 1486/49/783
f 721/535/784 720/534/784 1486/49/784 1487/40/784
f 722/536/785 721/535/785 1487/40/785 1488/31/785
f 723/537/786 722/536/786 1488/31/786 1489/20/786
f 724/538/787 723/537/787 1489/20/787 1490/21/787
f 725/539/788 724/538/788 1490/21/788 1491/155/788
f 726/540/789 725/539/789 1491/155/789 1492/146/789
f 727/541/790 726/540/790 1492/146/790 1493/137/790
f 728/542/791 727/541/791 1493/137/791 1494/128/791
f 729/543/792 728/542/792 1494/128/792 1495/116/792
f 730/544/793 729/543/793 1495/116/793 1496/108/793
f 731/545/794 730/544/794 1496/108/794 1497/99/794
f 732/546/795 731/545/795 1497/99/795 1498/90/795
f 733/547/796 732/546/796 1498/90/796 1499/81/796
f 734/548/797 733/547/797 1499/81/797 1500/72/797
f 735/549/798 734/548/798 1500/72/798 1501/62/798
f 736/550/799 735/549/799 1501/62/799 1502/53/799
f 737/551/800 736/550/800 1502/53/800 1503/44/800
f 738/552/801 737/551/801 1503/44/801 1504/35/801
f 739/553/802 738/552/802 1504/35/802 1505/26/802
f 740/554/803 739/553/803 1505/26/803 1506/10/803
f 741/555/804 740/554/804 1506/10/804 1507/11/804
f 742/556/805 741/555/805 1507/11/805 1508/150/805
f 743/557/806 742/556/806 1508/150/806 1509/141/806
f 744/558/807 743/557/807 1509/141/807 1510/132/807
f 745/559/808 744/558/808 1510/132/808 1511/124/808
f 746/560/809 745/559/809 1511/124/809 1512/117/809
f 747/561/810 746/560/810 1512/117/810 1513/109/810
f 748/562/811 747/561/811 1513/109/811 1514/100/811
f 749/563/812 748/562/812 1514/100/812 1515/91/812
f 750/564/813 749/563/813 1515/91/813 1516/82/813
f 751/565/814 750/564/814 1516/82/814 1517/73/814
f 752/566/815 751/565/815 1517/73/815 1518/63/815
f 753/567/816 752/566/816 1518/63/816 1519/57/816
f 754/568/817 753/567/817 1519/57/817 1520/51/817
f 755/569/818 754/568/818 1520/51/818 1521/42/818
f 756/570/819 755/569/819 1521/42/819 1522/33/819
f 757/571/820 756/570/820 1522/33/820 1523/24/820
f 758/572/821 757/571/821 1523/24/821 1524/4/821
f 759/573/822 758/572/822 1524/4/822 1525/5/822
f 760/574/823 759/573/823 1525/5/823 1526/148/823
f 761/575/824 760/574/824 1526/148/824 1527/139/824
f 762/576/825 761/575/825 1527/139/825 1528/130/825
f 763/577/826 762/576/826 1528/130/826 1529/123/826
f 764/578/827 763/577/827 1529/123/827 1530/115/827
f 765/579/828 764/578/828 1530/115/828 1531/107/828
f 766/580/829 765/579/829 1531/107/829 1532/98/829
f 767/581/830 766/580/830 1532/98/830 1533/89/830
f 768/582/831 767/581/831 1533/89/831 1534/80/831
f 769/583/832 768/582/832 1534/80/832 1535/71/832
f 770/584/833 769/583/833 1535/71/833 1536/61/833
f 771/585/834 770/584/834 1536/61/834 1537/52/834
f 772/586/835 771/585/835 1537/52/835 1538/43/835
f 773/587/836 772/586/836 1538/43/836 1539/34/836
f 774/588/837 773/587/837 1539/34/837 1540/25/837
f 775/589/838 774/588/838 1540/25/838 1541/8/838
f 776/590/839 775/589/839 1541/8/839 1542/9/839
f 777/591/840 776/590/840 1542/9/840 1543/149/840
f 778/592/841 777/591/841 1543/149/841 1544/140/841
f 779/593/842 778/592/842 1544/140/842 1545/131/842
f 780/594/843 779/593/843 1545/131/843 1546/6/843
f 781/595/844 780/594/844 1546/6/844 1547/7/844
f 782/596/845 781/595/845 1547/7/845 1548/102/845
f 783/597/846 782/596/846 1548/102/846 1549/93/846
f 784/598/847 783/597/847 1549/93/847 1550/84/847
f 785/599/848 784/598/848 1550/84/848 1551/75/848
f 786/600/849 785/599/849 1551/75/849 1552/65/849
f 787/601/850 786/600/850 1552/65/850 1553/56/850
f 788/602/851 787/601/851 1553/56/851 1554/47/851
f 789/603/852 788/602/852 1554/47/852 1555/38/852
f 790/604/853 789/603/853 1555/38/853 1556/29/853
f 791/605/854 790/604/854 1556/29/854 1557/16/854
f 792/606/855 791/605/855 1557/16/855 1558/17/855
f 793/607/856 792/606/856 1558/17/856 1559/153/856
f 794/608/857 793/607/857 1559/153/857 1560/144/857
f 795/609/858 794/608/858 1560/144/858 1561/135/858
f 796/610/859 795/609/859 1561/135/859 1562/126/859
f 799/611/860 798/463/860 1413/111/860 1563/103/860
f 802/612/861 801/465/861 1415/85/861 1564/76/861
f 797/464/862 796/610/862 1562/126/862 1414/120/862
f 800/466/863 799/611/863 1563/103/863 1416/94/863
f 803/468/864 802/612/864 1564/76/864 1418/66/864
f 1700/602/865 1701/603/865 1853/603/865 1852/602/865
f 784/598/335 785/599/335 1697/599/335 1696/598/335
f 733/547/379 734/548/379 1646/548/379 1645/547/379
f 682/462/408 683/497/408 1595/497/408 1594/462/408
f 785/599/361 786/600/361 1698/600/361 1697/599/361
f 734/548/306 735/549/306 1647/549/306 1646/548/306
f 683/497/277 684/498/277 1596/498/277 1595/497/277
f 786/600/866 787/601/866 1699/601/866 1698/600/866
f 735/549/265 736/550/265 1648/550/265 1647/549/265
f 684/498/313 685/499/313 1597/499/313 1596/498/313
f 787/601/281 788/602/281 1700/602/281 1699/601/281
f 736/550/350 737/551/350 1649/551/350 1648/550/350
f 685/499/363 686/500/363 1598/500/363 1597/499/363
f 788/602/309 789/603/309 1701/603/309 1700/602/309
f 737/551/385 738/552/385 1650/552/385 1649/551/385
f 686/500/402 687/501/402 1599/501/402 1598/500/402
f 789/603/364 790/604/364 1702/604/364 1701/603/364
f 738/552/294 739/553/294 1651/553/294 1650/552/294
f 687/501/289 688/502/289 1600/502/289 1599/501/289
f 790/604/400 791/605/400 1703/605/400 1702/604/400
f 739/553/279 740/554/279 1652/554/279 1651/553/279
f 688/502/300 689/503/300 1601/503/300 1600/502/300
f 791/605/293 792/606/293 1704/606/293 1703/605/293
f 740/554/347 741/555/347 1653/555/347 1652/554/347
f 689/503/366 690/504/366 1602/504/366 1601/503/366
f 792/606/296 793/607/296 1705/607/296 1704/606/296
f 741/555/391 742/556/391 1654/556/391 1653/555/391
f 690/504/396 691/505/396 1603/505/396 1602/504/396
f 793/607/367 794/608/367 1706/608/367 1705/607/367
f 742/556/282 743/557/282 1655/557/282 1654/556/282
f 691/505/301 692/506/301 1604/506/301 1603/505/301
f 794/608/394 795/609/394 1707/609/394 1706/608/394
f 743/557/291 744/558/291 1656/558/291 1655/557/291
f 692/506/288 693/507/288 1605/507/288 1604/506/288
f 795/609/305 796/610/305 1708/610/305 1707/609/305
f 744/558/344 745/559/344 1657/559/344 1656/558/344
f 693/507/370 694/508/370 1606/508/370 1605/507/370
f 798/463/376 799/611/376 1711/611/376 1710/463/376
f 745/559/397 746/560/397 1658/560/397 1657/559/397
f 694/508/390 695/509/390 1607/509/390 1606/508/390
f 801/465/272 802/612/272 1714/612/272 1713/465/272
f 746/560/269 747/561/269 1659/561/269 1658/560/269
f 695/509/314 696/510/314 1608/510/314 1607/509/314
f 796/610/371 797/464/371 1709/464/371 1708/610/371
f 747/561/303 748/562/303 1660/562/303 1659/561/303
f 696/510/276 697/511/276 1609/511/276 1608/510/276
f 799/611/102 800/466/102 1712/466/102 1711/611/102
f 748/562/338 749/563/338 1661/563/338 1660/562/338
f 697/511/374 698/512/374 1610/512/374 1609/511/374
f 802/612/388 803/468/388 1715/468/388 1714/612/388
f 749/563/403 750/564/403 1662/564/403 1661/563/403
f 698/512/384 699/513/384 1611/513/384 1610/512/384
f 750/564/330 751/565/330 1663/565/330 1662/564/330
f 699/513/328 700/514/328 1612/514/328 1611/513/328
f 751/565/405 752/566/405 1664/566/405 1663/565/405
f 700/514/262 701/515/262 1613/515/262 1612/514/262
f 797/464/318 798/463/318 1710/463/318 1709/464/318
f 752/566/867 753/567/867 1665/567/867 1664/566/867
f 701/515/380 702/516/380 1614/516/380 1613/515/380
f 800/466/382 801/465/382 1713/465/382 1712/466/382
f 753/567/868 754/568/868 1666/568/868 1665/567/868
f 702/516/378 703/517/378 1615/517/378 1614/516/378
f 803/468/284 804/467/284 1716/467/284 1715/468/284
f 754/568/316 755/569/316 1667/569/316 1666/568/316
f 703/517/267 704/518/267 1616/518/267 1615/517/267
f 804/467/401 653/469/401 1565/469/401 1716/467/401
f 755/569/255 756/570/255 1668/570/255 1667/569/255
f 704/518/323 705/519/323 1617/519/323 1616/518/323
f 653/469/334 654/470/334 1566/470/334 1565/469/334
f 756/570/312 757/571/312 1669/571/312 1668/570/312
f 705/519/869 706/520/869 1618/520/869 1617/519/869
f 654/470/321 655/471/321 1567/471/321 1566/470/321
f 757/571/336 758/572/336 1670/572/336 1669/571/336
f 706/520/372 707/521/372 1619/521/372 1618/520/372
f 655/471/257 656/472/257 1568/472/257 1567/471/257
f 758/572/308 759/573/308 1671/573/308 1670/572/308
f 707/521/280 708/522/280 1620/522/280 1619/521/280
f 656/472/299 657/473/299 1569/473/299 1568/472/299
f 759/573/264 760/574/264 1672/574/264 1671/573/264
f 708/522/310 709/523/310 1621/523/310 1620/522/310
f 657/473/340 658/474/340 1570/474/340 1569/473/340
f 760/574/399 761/575/399 1673/575/399 1672/574/399
f 709/523/392 710/524/392 1622/524/392 1621/523/392
f 658/474/395 659/475/395 1571/475/395 1570/474/395
f 761/575/342 762/576/342 1674/576/342 1673/575/342
f 710/524/368 711/525/368 1623/525/368 1622/524/368
f 659/475/274 660/476/274 1572/476/274 1571/475/274
f 762/576/295 763/577/295 1675/577/295 1674/576/295
f 711/525/870 712/526/870 1624/526/870 1623/525/870
f 660/476/287 661/477/287 1573/477/287 1572/476/287
f 763/577/278 764/578/278 1676/578/278 1675/577/278
f 712/526/297 713/527/297 1625/527/297 1624/526/297
f 661/477/345 662/478/345 1574/478/345 1573/477/345
f 764/578/283 765/579/283 1677/579/283 1676/578/283
f 713/527/398 714/528/398 1626/528/398 1625/527/398
f 662/478/389 663/479/389 1575/479/389 1574/478/389
f 765/579/346 766/580/346 1678/580/346 1677/579/346
f 714/528/365 715/529/365 1627/529/365 1626/528/365
f 663/479/286 664/480/286 1576/480/286 1575/479/286
f 766/580/387 767/581/387 1679/581/387 1678/580/387
f 715/529/304 716/530/304 1628/530/304 1627/529/304
f 664/480/275 665/481/275 1577/481/275 1576/480/275
f 767/581/290 768/582/290 1680/582/290 1679/581/290
f 716/530/285 717/531/285 1629/531/285 1628/530/285
f 665/481/348 666/482/348 1578/482/348 1577/481/348
f 768/582/270 769/583/270 1681/583/270 1680/582/270
f 717/531/404 718/532/404 1630/532/404 1629/531/404
f 666/482/383 667/483/383 1579/483/383 1578/482/383
f 769/583/349 770/584/349 1682/584/349 1681/583/349
f 718/532/362 719/533/362 1631/533/362 1630/532/362
f 667/483/298 668/484/298 1580/484/298 1579/483/298
f 770/584/381 771/585/381 1683/585/381 1682/584/381
f 719/533/317 720/534/317 1632/534/317 1631/533/317
f 668/484/259 669/485/259 1581/485/259 1580/484/259
f 771/585/302 772/586/302 1684/586/302 1683/585/302
f 720/534/273 721/535/273 1633/535/273 1632/534/273
f 669/485/351 670/486/351 1582/486/351 1581/485/351
f 772/586/331 773/587/331 1685/587/331 1684/586/331
f 721/535/333 722/536/333 1634/536/333 1633/535/333
f 670/486/377 671/487/377 1583/487/377 1582/486/377
f 773/587/352 774/588/352 1686/588/352 1685/587/352
f 722/536/359 723/537/359 1635/537/359 1634/536/359
f 671/487/311 672/488/311 1584/488/311 1583/487/311
f 774/588/375 775/589/375 1687/589/375 1686/588/375
f 723/537/332 724/538/332 1636/538/332 1635/537/332
f 672/488/307 673/489/307 1585/489/307 1584/488/307
f 775/589/315 776/590/315 1688/590/315 1687/589/315
f 724/538/871 725/539/871 1637/539/871 1636/538/871
f 673/489/354 674/490/354 1586/490/354 1585/489/354
f 776/590/319 777/591/319 1689/591/319 1688/590/319
f 725/539/339 726/540/339 1638/540/339 1637/539/339
f 678/492/337 679/491/337 1591/491/337 1590/492/337
f 777/591/355 778/592/355 1690/592/355 1689/591/355
f 726/540/356 727/541/356 1639/541/356 1638/540/356
f 674/490/343 675/493/343 1587/493/343 1586/490/343
f 778/592/341 779/593/341 1691/593/341 1690/592/341
f 727/541/271 728/542/271 1640/542/271 1639/541/271
f 675/493/324 676/494/324 1588/494/324 1587/493/324
f 779/593/329 780/594/329 1692/594/329 1691/593/329
f 728/542/320 729/543/320 1641/543/320 1640/542/320
f 676/494/266 677/495/266 1589/495/266 1588/494/266
f 780/594/406 781/595/406 1693/595/406 1692/594/406
f 729/543/369 730/544/369 1642/544/369 1641/543/369
f 677/495/357 678/492/357 1590/492/357 1589/495/357
f 781/595/358 782/596/358 1694/596/358 1693/595/358
f 730/544/353 731/545/353 1643/545/353 1642/544/353
f 679/491/263 680/496/263 1592/496/263 1591/491/263
f 782/596/261 783/597/261 1695/597/261 1694/596/261
f 731/545/326 732/546/326 1644/546/326 1643/545/326
f 680/496/872 681/461/872 1593/461/872 1592/496/872
f 783/597/268 784/598/268 1696/598/268 1695/597/268
f 732/546/393 733/547/393 1645/547/393 1644/546/393
f 1805/555/873 1806/556/873 1958/556/873 1957/555/873
f 1649/551/874 1650/552/874 1802/552/874 1801/551/874
f 1598/500/875 1599/501/875 1751/501/875 1750/500/875
f 1701/603/876 1702/604/876 1854/604/876 1853/603/876
f 1650/552/877 1651/553/877 1803/553/877 1802/552/877
f 1599/501/878 1600/502/878 1752/502/878 1751/501/878
f 1702/604/879 1703/605/879 1855/605/879 1854/604/879
f 1651/553/880 1652/554/880 1804/554/880 1803/553/880
f 1600/502/881 1601/503/881 1753/503/881 1752/502/881
f 1703/605/882 1704/606/882 1856/606/882 1855/605/882
f 1652/554/883 1653/555/883 1805/555/883 1804/554/883
f 1601/503/884 1602/504/884 1754/504/884 1753/503/884
f 1704/606/885 1705/607/885 1857/607/885 1856/606/885
f 1653/555/886 1654/556/886 1806/556/886 1805/555/886
f 1602/504/887 1603/505/887 1755/505/887 1754/504/887
f 1705/607/888 1706/608/888 1858/608/888 1857/607/888
f 1654/556/889 1655/557/889 1807/557/889 1806/556/889
f 1603/505/890 1604/506/890 1756/506/890 1755/505/890
f 1706/608/891 1707/609/891 1859/609/891 1858/608/891
f 1655/557/892 1656/558/892 1808/558/892 1807/557/892
f 1604/506/893 1605/507/893 1757/507/893 1756/506/893
f 1707/609/894 1708/610/894 1860/610/894 1859/609/894
f 1656/558/895 1657/559/895 1809/559/895 1808/558/895
f 1605/507/896 1606/508/896 1758/508/896 1757/507/896
f 1710/463/897 1711/611/897 1863/611/897 1862/463/897
f 1657/559/898 1658/560/898 1810/560/898 1809/559/898
f 1606/508/899 1607/509/899 1759/509/899 1758/508/899
f 1713/465/900 1714/612/900 1866/612/900 1865/465/900
f 1658/560/901 1659/561/901 1811/561/901 1810/560/901
f 1607/509/902 1608/510/902 1760/510/902 1759/509/902
f 1708/610/903 1709/464/903 1861/464/903 1860/610/903
f 1659/561/904 1660/562/904 1812/562/904 1811/561/904
f 1608/510/905 1609/511/905 1761/511/905 1760/510/905
f 1711/611/906 1712/466/906 1864/466/906 1863/611/906
f 1660/562/907 1661/563/907 1813/563/907 1812/562/907
f 1609/511/908 1610/512/908 1762/512/908 1761/511/908
f 1714/612/909 1715/468/909 1867/468/909 1866/612/909
f 1661/563/910 1662/564/910 1814/564/910 1813/563/910
f 1610/512/911 1611/513/911 1763/513/911 1762/512/911
f 1662/564/912 1663/565/912 1815/565/912 1814/564/912
f 1611/513/913 1612/514/913 1764/514/913 1763/513/913
f 1663/565/914 1664/566/914 1816/566/914 1815/565/914
f 1612/514/915 1613/515/915 1765/515/915 1764/514/915
f 1709/464/916 1710/463/916 1862/463/916 1861/464/916
f 1664/566/917 1665/567/917 1817/567/917 1816/566/917
f 1613/515/918 1614/516/918 1766/516/918 1765/515/918
f 1712/466/919 1713/465/919 1865/465/919 1864/466/919
f 1665/567/920 1666/568/920 1818/568/920 1817/567/920
f 1614/516/921 1615/517/921 1767/517/921 1766/516/921
f 1715/468/922 1716/467/922 1868/467/922 1867/468/922
f 1666/568/923 1667/569/923 1819/569/923 1818/568/923
f 1615/517/924 1616/518/924 1768/518/924 1767/517/924
f 1716/467/925 1565/469/925 1717/469/925 1868/467/925
f 1667/569/926 1668/570/926 1820/570/926 1819/569/926
f 1616/518/927 1617/519/927 1769/519/927 1768/518/927
f 1565/469/928 1566/470/928 1718/470/928 1717/469/928
f 1668/570/929 1669/571/929 1821/571/929 1820/570/929
f 1617/519/930 1618/520/930 1770/520/930 1769/519/930
f 1566/470/931 1567/471/931 1719/471/931 1718/470/931
f 1669/571/932 1670/572/932 1822/572/932 1821/571/932
f 1618/520/933 1619/521/933 1771/521/933 1770/520/933
f 1567/471/934 1568/472/934 1720/472/934 1719/471/934
f 1670/572/935 1671/573/935 1823/573/935 1822/572/935
f 1619/521/936 1620/522/936 1772/522/936 1771/521/936
f 1568/472/937 1569/473/937 1721/473/937 1720/472/937
f 1671/573/938 1672/574/938 1824/574/938 1823/573/938
f 1620/522/939 1621/523/939 1773/523/939 1772/522/939
f 1569/473/940 1570/474/940 1722/474/940 1721/473/940
f 1672/574/941 1673/575/941 1825/575/941 1824/574/941
f 1621/523/942 1622/524/942 1774/524/942 1773/523/942
f 1570/474/943 1571/475/943 1723/475/943 1722/474/943
f 1673/575/944 1674/576/944 1826/576/944 1825/575/944
f 1622/524/945 1623/525/945 1775/525/945 1774/524/945
f 1571/475/946 1572/476/946 1724/476/946 1723/475/946
f 1674/576/947 1675/577/947 1827/577/947 1826/576/947
f 1623/525/948 1624/526/948 1776/526/948 1775/525/948
f 1572/476/949 1573/477/949 1725/477/949 1724/476/949
f 1675/577/950 1676/578/950 1828/578/950 1827/577/950
f 1624/526/951 1625/527/951 1777/527/951 1776/526/951
f 1573/477/952 1574/478/952 1726/478/952 1725/477/952
f 1676/578/953 1677/579/953 1829/579/953 1828/578/953
f 1625/527/954 1626/528/954 1778/528/954 1777/527/954
f 1574/478/955 1575/479/955 1727/479/955 1726/478/955
f 1677/579/956 1678/580/956 1830/580/956 1829/579/956
f 1626/528/957 1627/529/957 1779/529/957 1778/528/957
f 1575/479/958 1576/480/958 1728/480/958 1727/479/958
f 1678/580/959 1679/581/959 1831/581/959 1830/580/959
f 1627/529/960 1628/530/960 1780/530/960 1779/529/960
f 1576/480/961 1577/481/961 1729/481/961 1728/480/961
f 1679/581/962 1680/582/962 1832/582/962 1831/581/962
f 1628/530/963 1629/531/963 1781/531/963 1780/530/963
f 1577/481/964 1578/482/964 1730/482/964 1729/481/964
f 1680/582/965 1681/583/965 1833/583/965 1832/582/965
f 1629/531/966 1630/532/966 1782/532/966 1781/531/966
f 1578/482/967 1579/483/967 1731/483/967 1730/482/967
f 1681/583/968 1682/584/968 1834/584/968 1833/583/968
f 1630/532/969 1631/533/969 1783/533/969 1782/532/969
f 1579/483/970 1580/484/970 1732/484/970 1731/483/970
f 1682/584/971 1683/585/971 1835/585/971 1834/584/971
f 1631/533/972 1632/534/972 1784/534/972 1783/533/972
f 1580/484/973 1581/485/973 1733/485/973 1732/484/973
f 1683/585/974 1684/586/974 1836/586/974 1835/585/974
f 1632/534/975 1633/535/975 1785/535/975 1784/534/975
f 1581/485/976 1582/486/976 1734/486/976 1733/485/976
f 1684/586/977 1685/587/977 1837/587/977 1836/586/977
f 1633/535/978 1634/536/978 1786/536/978 1785/535/978
f 1582/486/979 1583/487/979 1735/487/979 1734/486/979
f 1685/587/980 1686/588/980 1838/588/980 1837/587/980
f 1634/536/981 1635/537/981 1787/537/981 1786/536/981
f 1583/487/982 1584/488/982 1736/488/982 1735/487/982
f 1686/588/983 1687/589/983 1839/589/983 1838/588/983
f 1635/537/984 1636/538/984 1788/538/984 1787/537/984
f 1584/488/985 1585/489/985 1737/489/985 1736/488/985
f 1687/589/986 1688/590/986 1840/590/986 1839/589/986
f 1636/538/987 1637/539/987 1789/539/987 1788/538/987
f 1585/489/988 1586/490/988 1738/490/988 1737/489/988
f 1688/590/989 1689/591/989 1841/591/989 1840/590/989
f 1637/539/990 1638/540/990 1790/540/990 1789/539/990
f 1590/492/991 1591/491/991 1743/491/991 1742/492/991
f 1689/591/992 1690/592/992 1842/592/992 1841/591/992
f 1638/540/993 1639/541/993 1791/541/993 1790/540/993
f 1586/490/994 1587/493/994 1739/493/994 1738/490/994
f 1690/592/995 1691/593/995 1843/593/995 1842/592/995
f 1639/541/996 1640/542/996 1792/542/996 1791/541/996
f 1587/493/997 1588/494/997 1740/494/997 1739/493/997
f 1691/593/998 1692/594/998 1844/594/998 1843/593/998
f 1640/542/999 1641/543/999 1793/543/999 1792/542/999
f 1588/494/1000 1589/495/1000 1741/495/1000 1740/494/1000
f 1692/594/1001 1693/595/1001 1845/595/1001 1844/594/1001
f 1641/543/1002 1642/544/1002 1794/544/1002 1793/543/1002
f 1589/495/1003 1590/492/1003 1742/492/1003 1741/495/1003
f 1693/595/1004 1694/596/1004 1846/596/1004 1845/595/1004
f 1642/544/1005 1643/545/1005 1795/545/1005 1794/544/1005
f 1591/491/1006 1592/496/1006 1744/496/1006 1743/491/1006
f 1694/596/1007 1695/597/1007 1847/597/1007 1846/596/1007
f 1643/545/1008 1644/546/1008 1796/546/1008 1795/545/1008
f 1592/496/1009 1593/461/1009 1745/461/1009 1744/496/1009
f 1695/597/1010 1696/598/1010 1848/598/1010 1847/597/1010
f 1644/546/1011 1645/547/1011 1797/547/1011 1796/546/1011
f 1593/461/1012 1594/462/1012 1746/462/1012 1745/461/1012
f 1696/598/1013 1697/599/1013 1849/599/1013 1848/598/1013
f 1645/547/1014 1646/548/1014 1798/548/1014 1797/547/1014
f 1594/462/1015 1595/497/1015 1747/497/1015 1746/462/1015
f 1697/599/1016 1698/600/1016 1850/600/1016 1849/599/1016
f 1646/548/1017 1647/549/1017 1799/549/1017 1798/548/1017
f 1595/497/1018 1596/498/1018 1748/498/1018 1747/497/1018
f 1698/600/1019 1699/601/1019 1851/601/1019 1850/600/1019
f 1647/549/1020 1648/550/1020 1800/550/1020 1799/549/1020
f 1596/498/1021 1597/499/1021 1749/499/1021 1748/498/1021
f 1699/601/1022 1700/602/1022 1852/602/1022 1851/601/1022
f 1648/550/1023 1649/551/1023 1801/551/1023 1800/550/1023
f 1597/499/1024 1598/500/1024 1750/500/1024 1749/499/1024
f 1905/503/1025 1906/504/1025 2591/504/1025 2592/503/1025
f 1754/504/1026 1755/505/1026 1907/505/1026 1906/504/1026
f 1857/607/1027 1858/608/1027 2010/608/1027 2009/607/1027
f 1806/556/1028 1807/557/1028 1959/557/1028 1958/556/1028
f 1755/505/1029 1756/506/1029 1908/506/1029 1907/505/1029
f 1858/608/1030 1859/609/1030 2011/609/1030 2010/608/1030
f 1807/557/1031 1808/558/1031 1960/558/1031 1959/557/1031
f 1756/506/1032 1757/507/1032 1909/507/1032 1908/506/1032
f 1859/609/1033 1860/610/1033 2012/610/1033 2011/609/1033
f 1808/558/1034 1809/559/1034 1961/559/1034 1960/558/1034
f 1757/507/1035 1758/508/1035 1910/508/1035 1909/507/1035
f 1862/463/1036 1863/611/1036 2015/611/1036 2014/463/1036
f 1809/559/1037 1810/560/1037 1962/560/1037 1961/559/1037
f 1758/508/1038 1759/509/1038 1911/509/1038 1910/508/1038
f 1865/465/1039 1866/612/1039 2018/612/1039 2017/465/1039
f 1810/560/1040 1811/561/1040 1963/561/1040 1962/560/1040
f 1759/509/1041 1760/510/1041 1912/510/1041 1911/509/1041
f 1860/610/1042 1861/464/1042 2013/464/1042 2012/610/1042
f 1811/561/1043 1812/562/1043 1964/562/1043 1963/561/1043
f 1760/510/1044 1761/511/1044 1913/511/1044 1912/510/1044
f 1863/611/1045 1864/466/1045 2016/466/1045 2015/611/1045
f 1812/562/1046 1813/563/1046 1965/563/1046 1964/562/1046
f 1761/511/1047 1762/512/1047 1914/512/1047 1913/511/1047
f 1866/612/1048 1867/468/1048 2019/468/1048 2018/612/1048
f 1813/563/1049 1814/564/1049 1966/564/1049 1965/563/1049
f 1762/512/1050 1763/513/1050 1915/513/1050 1914/512/1050
f 1814/564/1051 1815/565/1051 1967/565/1051 1966/564/1051
f 1763/513/1052 1764/514/1052 1916/514/1052 1915/513/1052
f 1815/565/1053 1816/566/1053 1968/566/1053 1967/565/1053
f 1764/514/1054 1765/515/1054 1917/515/1054 1916/514/1054
f 1861/464/1055 1862/463/1055 2014/463/1055 2013/464/1055
f 1816/566/1056 1817/567/1056 1969/567/1056 1968/566/1056
f 1765/515/1057 1766/516/1057 1918/516/1057 1917/515/1057
f 1864/466/1058 1865/465/1058 2017/465/1058 2016/466/1058
f 1817/567/1059 1818/568/1059 1970/568/1059 1969/567/1059
f 1766/516/1060 1767/517/1060 1919/517/1060 1918/516/1060
f 1867/468/1061 1868/467/1061 2020/467/1061 2019/468/1061
f 1818/568/1062 1819/569/1062 1971/569/1062 1970/568/1062
f 1767/517/1063 1768/518/1063 1920/518/1063 1919/517/1063
f 1868/467/1064 1717/469/1064 1869/469/1064 2020/467/1064
f 1819/569/1065 1820/570/1065 1972/570/1065 1971/569/1065
f 1768/518/1066 1769/519/1066 1921/519/1066 1920/518/1066
f 1717/469/1067 1718/470/1067 1870/470/1067 1869/469/1067
f 1820/570/1068 1821/571/1068 1973/571/1068 1972/570/1068
f 1769/519/1069 1770/520/1069 1922/520/1069 1921/519/1069
f 1718/470/1070 1719/471/1070 1871/471/1070 1870/470/1070
f 1821/571/1071 1822/572/1071 1974/572/1071 1973/571/1071
f 1770/520/1072 1771/521/1072 1923/521/1072 1922/520/1072
f 1719/471/1073 1720/472/1073 1872/472/1073 1871/471/1073
f 1822/572/1074 1823/573/1074 1975/573/1074 1974/572/1074
f 1771/521/1075 1772/522/1075 1924/522/1075 1923/521/1075
f 1720/472/1076 1721/473/1076 1873/473/1076 1872/472/1076
f 1823/573/1077 1824/574/1077 1976/574/1077 1975/573/1077
f 1772/522/1078 1773/523/1078 1925/523/1078 1924/522/1078
f 1721/473/1079 1722/474/1079 1874/474/1079 1873/473/1079
f 1824/574/1080 1825/575/1080 1977/575/1080 1976/574/1080
f 1773/523/1081 1774/524/1081 1926/524/1081 1925/523/1081
f 1722/474/1082 1723/475/1082 1875/475/1082 1874/474/1082
f 1825/575/1083 1826/576/1083 1978/576/1083 1977/575/1083
f 1774/524/1084 1775/525/1084 1927/525/1084 1926/524/1084
f 1723/475/1085 1724/476/1085 1876/476/1085 1875/475/1085
f 1826/576/1086 1827/577/1086 1979/577/1086 1978/576/1086
f 1775/525/1087 1776/526/1087 1928/526/1087 1927/525/1087
f 1724/476/1088 1725/477/1088 1877/477/1088 1876/476/1088
f 1827/577/1089 1828/578/1089 1980/578/1089 1979/577/1089
f 1776/526/1090 1777/527/1090 1929/527/1090 1928/526/1090
f 1725/477/1091 1726/478/1091 1878/478/1091 1877/477/1091
f 1828/578/1092 1829/579/1092 1981/579/1092 1980/578/1092
f 1777/527/1093 1778/528/1093 1930/528/1093 1929/527/1093
f 1726/478/1094 1727/479/1094 1879/479/1094 1878/478/1094
f 1829/579/1095 1830/580/1095 1982/580/1095 1981/579/1095
f 1778/528/1096 1779/529/1096 1931/529/1096 1930/528/1096
f 1727/479/1097 1728/480/1097 1880/480/1097 1879/479/1097
f 1830/580/1098 1831/581/1098 1983/581/1098 1982/580/1098
f 1779/529/1099 1780/530/1099 1932/530/1099 1931/529/1099
f 1728/480/1100 1729/481/1100 1881/481/1100 1880/480/1100
f 1831/581/1101 1832/582/1101 1984/582/1101 1983/581/1101
f 1780/530/1102 1781/531/1102 1933/531/1102 1932/530/1102
f 1729/481/1103 1730/482/1103 1882/482/1103 1881/481/1103
f 1832/582/1104 1833/583/1104 1985/583/1104 1984/582/1104
f 1781/531/1105 1782/532/1105 1934/532/1105 1933/531/1105
f 1730/482/1106 1731/483/1106 1883/483/1106 1882/482/1106
f 1833/583/1107 1834/584/1107 1986/584/1107 1985/583/1107
f 1782/532/1108 1783/533/1108 1935/533/1108 1934/532/1108
f 1731/483/1109 1732/484/1109 1884/484/1109 1883/483/1109
f 1834/584/1110 1835/585/1110 1987/585/1110 1986/584/1110
f 1783/533/1111 1784/534/1111 1936/534/1111 1935/533/1111
f 1732/484/1112 1733/485/1112 1885/485/1112 1884/484/1112
f 1835/585/1113 1836/586/1113 1988/586/1113 1987/585/1113
f 1784/534/1114 1785/535/1114 1937/535/1114 1936/534/1114
f 1733/485/1115 1734/486/1115 1886/486/1115 1885/485/1115
f 1836/586/1116 1837/587/1116 1989/587/1116 1988/586/1116
f 1785/535/1117 1786/536/1117 1938/536/1117 1937/535/1117
f 1734/486/1118 1735/487/1118 1887/487/1118 1886/486/1118
f 1837/587/1119 1838/588/1119 1990/588/1119 1989/587/1119
f 1786/536/1120 1787/537/1120 1939/537/1120 1938/536/1120
f 1735/487/1121 1736/488/1121 1888/488/1121 1887/487/1121
f 1838/588/1122 1839/589/1122 1991/589/1122 1990/588/1122
f 1787/537/1123 1788/538/1123 1940/538/1123 1939/537/1123
f 1736/488/1124 1737/489/1124 1889/489/1124 1888/488/1124
f 1839/589/1125 1840/590/1125 1992/590/1125 1991/589/1125
f 1788/538/1126 1789/539/1126 1941/539/1126 1940/538/1126
f 1737/489/1127 1738/490/1127 1890/490/1127 1889/489/1127
f 1840/590/1128 1841/591/1128 1993/591/1128 1992/590/1128
f 1789/539/1129 1790/540/1129 1942/540/1129 1941/539/1129
f 1742/492/1130 1743/491/1130 1895/491/1130 1894/492/1130
f 1841/591/1131 1842/592/1131 1994/592/1131 1993/591/1131
f 1790/540/1132 1791/541/1132 1943/541/1132 1942/540/1132
f 1738/490/1133 1739/493/1133 1891/493/1133 1890/490/1133
f 1842/592/1134 1843/593/1134 1995/593/1134 1994/592/1134
f 1791/541/1135 1792/542/1135 1944/542/1135 1943/541/1135
f 1739/493/1136 1740/494/1136 1892/494/1136 1891/493/1136
f 1843/593/1137 1844/594/1137 1996/594/1137 1995/593/1137
f 1792/542/1138 1793/543/1138 1945/543/1138 1944/542/1138
f 1740/494/1139 1741/495/1139 1893/495/1139 1892/494/1139
f 1844/594/1140 1845/595/1140 1997/595/1140 1996/594/1140
f 1793/543/1141 1794/544/1141 1946/544/1141 1945/543/1141
f 1741/495/1142 1742/492/1142 1894/492/1142 1893/495/1142
f 1845/595/1143 1846/596/1143 1998/596/1143 1997/595/1143
f 1794/544/1144 1795/545/1144 1947/545/1144 1946/544/1144
f 1743/491/1145 1744/496/1145 1896/496/1145 1895/491/1145
f 1846/596/1146 1847/597/1146 1999/597/1146 1998/596/1146
f 1795/545/1147 1796/546/1147 1948/546/1147 1947/545/1147
f 1744/496/1148 1745/461/1148 1897/461/1148 1896/496/1148
f 1847/597/1149 1848/598/1149 2000/598/1149 1999/597/1149
f 1796/546/1150 1797/547/1150 1949/547/1150 1948/546/1150
f 1745/461/1151 1746/462/1151 1898/462/1151 1897/461/1151
f 1848/598/1152 1849/599/1152 2001/599/1152 2000/598/1152
f 1797/547/1153 1798/548/1153 1950/548/1153 1949/547/1153
f 1746/462/1154 1747/497/1154 1899/497/1154 1898/462/1154
f 1849/599/1155 1850/600/1155 2002/600/1155 2001/599/1155
f 1798/548/1156 1799/549/1156 1951/549/1156 1950/548/1156
f 1747/497/1157 1748/498/1157 1900/498/1157 1899/497/1157
f 1850/600/1158 1851/601/1158 2003/601/1158 2002/600/1158
f 1799/549/1159 1800/550/1159 1952/550/1159 1951/549/1159
f 1748/498/1160 1749/499/1160 1901/499/1160 1900/498/1160
f 1851/601/1161 1852/602/1161 2004/602/1161 2003/601/1161
f 1800/550/1162 1801/551/1162 1953/551/1162 1952/550/1162
f 1749/499/1163 1750/500/1163 1902/500/1163 1901/499/1163
f 1852/602/1164 1853/603/1164 2005/603/1164 2004/602/1164
f 1801/551/1165 1802/552/1165 1954/552/1165 1953/551/1165
f 1750/500/1166 1751/501/1166 1903/501/1166 1902/500/1166
f 1853/603/1167 1854/604/1167 2006/604/1167 2005/603/1167
f 1802/552/1168 1803/553/1168 1955/553/1168 1954/552/1168
f 1751/501/1169 1752/502/1169 1904/502/1169 1903/501/1169
f 1854/604/1170 1855/605/1170 2007/605/1170 2006/604/1170
f 1803/553/1171 1804/554/1171 1956/554/1171 1955/553/1171
f 1752/502/1172 1753/503/1172 1905/503/1172 1904/502/1172
f 1855/605/1173 1856/606/1173 2008/606/1173 2007/605/1173
f 1804/554/1174 1805/555/1174 1957/555/1174 1956/554/1174
f 1753/503/1175 1754/504/1175 1906/504/1175 1905/503/1175
f 1856/606/1176 1857/607/1176 2009/607/1176 2008/606/1176
f 501/247/284 2172/460/284 2021/459/284 502/248/284
f 502/248/388 2021/459/388 2022/458/388 503/205/388
f 503/205/272 2022/458/272 2023/457/272 504/206/272
f 504/206/1177 2023/457/1177 2024/456/1177 505/2/1177
f 505/2/102 2024/456/102 2025/455/102 506/3/102
f 506/3/376 2025/455/376 2026/454/376 507/294/376
f 507/294/318 2026/454/318 2027/453/318 508/184/318
f 508/184/371 2027/453/371 2028/452/371 509/185/371
f 509/185/305 2028/452/305 2029/451/305 510/285/305
f 510/285/394 2029/451/394 2030/450/394 511/230/394
f 511/230/367 2030/450/367 2031/449/367 512/231/367
f 512/231/296 2031/449/296 2032/448/296 513/265/296
f 513/265/293 2032/448/293 2033/447/293 514/266/293
f 514/266/400 2033/447/400 2034/446/400 515/260/400
f 515/260/364 2034/446/364 2035/445/364 516/261/364
f 516/261/309 2035/445/309 2036/444/309 517/237/309
f 517/237/1178 2036/444/1178 2037/443/1178 518/238/1178
f 518/238/322 2037/443/322 2038/442/322 519/282/322
f 519/282/361 2038/442/361 2039/441/361 520/246/361
f 520/246/335 2039/441/335 2040/440/335 521/192/335
f 521/192/268 2040/440/268 2041/439/268 522/170/268
f 522/170/261 2041/439/261 2042/438/261 523/171/261
f 523/171/358 2042/438/358 2043/437/358 524/272/358
f 524/272/406 2043/437/406 2044/436/406 525/273/406
f 525/273/329 2044/436/329 2045/435/329 526/279/329
f 526/279/341 2045/435/341 2046/434/341 527/280/341
f 527/280/355 2046/434/355 2047/433/355 528/295/355
f 528/295/319 2047/433/319 2048/432/319 529/291/319
f 529/291/315 2048/432/315 2049/431/315 530/259/315
f 530/259/375 2049/431/375 2050/430/375 531/197/375
f 531/197/352 2050/430/352 2051/429/352 532/198/352
f 532/198/331 2051/429/331 2052/428/331 533/278/331
f 533/278/302 2052/428/302 2053/427/302 534/225/302
f 534/225/381 2053/427/381 2054/426/381 535/226/381
f 535/226/349 2054/426/349 2055/425/349 536/195/349
f 536/195/270 2055/425/270 2056/424/270 537/196/270
f 537/196/290 2056/424/290 2057/423/290 538/258/290
f 538/258/387 2057/423/387 2058/422/387 539/276/387
f 539/276/346 2058/422/346 2059/421/346 540/241/346
f 540/241/283 2059/421/283 2060/420/283 541/223/283
f 541/223/278 2060/420/278 2061/419/278 542/224/278
f 542/224/295 2061/419/295 2062/418/295 543/269/295
f 543/269/342 2062/418/342 2063/417/342 544/292/342
f 544/292/399 2063/417/399 2064/416/399 545/176/399
f 545/176/264 2064/416/264 2065/415/264 546/177/264
f 546/177/308 2065/415/308 2066/414/308 547/163/308
f 547/163/336 2066/414/336 2067/413/336 548/164/336
f 548/164/1179 2067/413/1179 2068/412/1179 549/157/1179
f 549/157/255 2068/412/255 2069/411/255 550/158/255
f 550/158/316 2069/411/316 2070/410/316 551/229/316
f 551/229/868 2070/410/868 2071/409/868 552/297/868
f 552/297/867 2071/409/867 2072/408/867 553/240/867
f 553/240/405 2072/408/405 2073/407/405 554/182/405
f 554/182/330 2073/407/330 2074/406/330 555/183/330
f 555/183/403 2074/406/403 2075/405/403 556/301/403
f 556/301/338 2075/405/338 2076/404/338 557/268/338
f 557/268/303 2076/404/303 2077/403/303 558/193/303
f 558/193/269 2077/403/269 2078/402/269 559/194/269
f 559/194/397 2078/402/397 2079/401/397 560/302/397
f 560/302/344 2079/401/344 2080/400/344 561/217/344
f 561/217/291 2080/400/291 2081/399/291 562/218/291
f 562/218/282 2081/399/282 2082/398/282 563/239/282
f 563/239/391 2082/398/391 2083/397/391 564/303/391
f 564/303/347 2083/397/347 2084/396/347 565/227/347
f 565/227/279 2084/396/279 2085/395/279 566/228/279
f 566/228/294 2085/395/294 2086/394/294 567/267/294
f 567/267/385 2086/394/385 2087/393/385 568/305/385
f 568/305/350 2087/393/350 2088/392/350 569/180/350
f 569/180/265 2088/392/265 2089/391/265 570/181/265
f 570/181/306 2089/391/306 2090/390/306 571/252/306
f 571/252/379 2090/390/379 2091/389/379 572/306/379
f 572/306/393 2091/389/393 2092/388/393 573/288/393
f 573/288/326 2092/388/326 2093/387/326 574/289/326
f 574/289/353 2093/387/353 2094/386/353 575/307/353
f 575/307/369 2094/386/369 2095/385/369 576/214/369
f 576/214/320 2095/385/320 2096/384/320 577/203/320
f 577/203/271 2096/384/271 2097/383/271 578/204/271
f 578/204/356 2097/383/356 2098/382/356 579/300/356
f 579/300/339 2098/382/339 2099/381/339 580/159/339
f 580/159/256 2099/381/256 2100/380/256 581/160/256
f 581/160/332 2100/380/332 2101/379/332 582/169/332
f 582/169/359 2101/379/359 2102/378/359 583/186/359
f 583/186/333 2102/378/333 2103/377/333 584/187/333
f 584/187/273 2103/377/273 2104/376/273 585/201/273
f 585/201/317 2104/376/317 2105/375/317 586/202/317
f 586/202/362 2105/375/362 2106/374/362 587/215/362
f 587/215/404 2106/374/404 2107/373/404 588/216/404
f 588/216/285 2107/373/285 2108/372/285 589/232/285
f 589/232/304 2108/372/304 2109/371/304 590/233/304
f 590/233/365 2109/371/365 2110/370/365 591/244/365
f 591/244/398 2110/370/398 2111/369/398 592/245/398
f 592/245/297 2111/369/297 2112/368/297 593/253/297
f 593/253/292 2112/368/292 2113/367/292 594/254/292
f 594/254/368 2113/367/368 2114/366/368 595/262/368
f 595/262/392 2114/366/392 2115/365/392 596/263/392
f 596/263/310 2115/365/310 2116/364/310 597/235/310
f 597/235/280 2116/364/280 2117/363/280 598/236/280
f 598/236/372 2117/363/372 2118/362/372 599/283/372
f 599/283/386 2118/362/386 2119/361/386 600/284/386
f 600/284/323 2119/361/323 2120/360/323 601/190/323
f 601/190/267 2120/360/267 2121/359/267 602/191/267
f 602/191/378 2121/359/378 2122/358/378 603/293/378
f 603/293/380 2122/358/380 2123/357/380 604/172/380
f 604/172/262 2123/357/262 2124/356/262 605/173/262
f 605/173/328 2124/356/328 2125/355/328 606/298/328
f 606/298/384 2125/355/384 2126/354/384 607/299/384
f 607/299/374 2126/354/374 2127/353/374 608/219/374
f 608/219/276 2127/353/276 2128/352/276 609/220/276
f 609/220/314 2128/352/314 2129/351/314 610/290/314
f 610/290/390 2129/351/390 2130/350/390 611/199/390
f 611/199/370 2130/350/370 2131/349/370 612/200/370
f 612/200/288 2131/349/288 2132/348/288 613/255/288
f 613/255/301 2132/348/301 2133/347/301 614/277/301
f 614/277/396 2133/347/396 2134/346/396 615/242/396
f 615/242/366 2134/346/366 2135/345/366 616/243/366
f 616/243/300 2135/345/300 2136/344/300 617/256/300
f 617/256/289 2136/344/289 2137/343/289 618/257/289
f 618/257/402 2137/343/402 2138/342/402 619/270/402
f 619/270/363 2138/342/363 2139/341/363 620/271/363
f 620/271/313 2139/341/313 2140/340/313 621/221/313
f 621/221/277 2140/340/277 2141/339/277 622/222/277
f 622/222/408 2141/339/408 2142/338/408 623/264/408
f 623/264/360 2142/338/360 2143/337/360 624/287/360
f 624/287/872 2143/337/872 2144/336/872 625/174/872
f 625/174/263 2144/336/263 2145/335/263 626/175/263
f 626/175/337 2145/335/337 2146/334/337 627/234/337
f 627/234/357 2146/334/357 2147/333/357 628/188/357
f 628/188/266 2147/333/266 2148/332/266 629/189/266
f 629/189/324 2148/332/324 2149/331/324 630/274/324
f 630/274/343 2149/331/343 2150/330/343 631/167/343
f 631/167/354 2150/330/354 2151/329/354 632/168/354
f 632/168/307 2151/329/307 2152/328/307 633/286/307
f 633/286/311 2152/328/311 2153/327/311 634/250/311
f 634/250/377 2153/327/377 2154/326/377 635/213/377
f 635/213/351 2154/326/351 2155/325/351 636/165/351
f 636/165/259 2155/325/259 2156/324/259 637/166/259
f 637/166/298 2156/324/298 2157/323/298 638/209/298
f 638/209/383 2157/323/383 2158/322/383 639/210/383
f 639/210/348 2158/322/348 2159/321/348 640/211/348
f 640/211/275 2159/321/275 2160/320/275 641/212/275
f 641/212/286 2160/320/286 2161/319/286 642/249/286
f 642/249/389 2161/319/389 2162/318/389 643/281/389
f 643/281/345 2162/318/345 2163/317/345 644/251/345
f 644/251/287 2163/317/287 2164/316/287 645/207/287
f 645/207/274 2164/316/274 2165/315/274 646/208/274
f 646/208/395 2165/315/395 2166/314/395 647/296/395
f 647/296/340 2166/314/340 2167/313/340 648/275/340
f 648/275/299 2167/313/299 2168/312/299 649/161/299
f 649/161/257 2168/312/257 2169/311/257 650/162/257
f 650/162/321 2169/311/321 2170/310/321 651/178/321
f 651/178/334 2170/310/334 2171/308/334 652/179/334
f 652/179/401 2171/308/401 2172/309/401 501/304/401
f 2432/574/373 2433/575/373 2216/575/373 2217/574/373
f 2474/612/373 2475/468/373 2174/468/373 2175/612/373
f 2368/510/373 2369/511/373 2280/511/373 2281/510/373
f 2462/604/373 2463/605/373 2186/605/373 2187/604/373
f 2408/550/1180 2409/551/1180 2240/551/1180 2241/550/1180
f 2443/585/373 2444/586/373 2205/586/373 2206/585/373
f 2476/467/373 2325/469/373 2324/469/373 2173/467/373
f 2361/503/373 2362/504/373 2287/504/373 2288/503/373
f 2369/511/373 2370/512/373 2279/512/373 2280/511/373
f 2453/595/373 2454/596/373 2195/596/373 2196/595/373
f 2397/539/373 2398/540/373 2251/540/373 2252/539/373
f 2402/544/1180 2403/545/1180 2246/545/1180 2247/544/1180
f 2383/525/1180 2384/526/1180 2265/526/1180 2266/525/1180
f 2329/473/1181 2330/474/1181 2319/474/1181 2320/473/1181
f 2339/483/373 2340/484/373 2309/484/373 2310/483/373
f 2440/582/373 2441/583/373 2208/583/373 2209/582/373
f 2454/596/1182 2455/597/1182 2194/597/1182 2195/596/1182
f 2469/464/373 2470/463/373 2179/463/373 2180/464/373
f 2382/524/1183 2383/525/1183 2266/525/1183 2267/524/1183
f 2466/608/1182 2467/609/1182 2182/609/1182 2183/608/1182
f 2436/578/373 2437/579/373 2212/579/373 2213/578/373
f 2381/523/373 2382/524/373 2267/524/373 2268/523/373
f 2431/573/373 2432/574/373 2217/574/373 2218/573/373
f 2344/488/373 2345/489/373 2304/489/373 2305/488/373
f 2421/563/373 2422/564/373 2227/564/373 2228/563/373
f 2463/605/373 2464/606/373 2185/606/373 2186/605/373
f 2367/509/373 2368/510/373 2281/510/373 2282/509/373
f 2348/494/373 2349/495/373 2300/495/373 2301/494/373
f 2395/537/1184 2396/538/1184 2253/538/1184 2254/537/1184
f 2409/551/1183 2410/552/1183 2239/552/1183 2240/551/1183
f 2358/500/373 2359/501/373 2290/501/373 2291/500/373
f 2441/583/373 2442/584/373 2207/584/373 2208/583/373
f 2404/546/1180 2405/547/1180 2244/547/1180 2245/546/1180
f 2359/501/373 2360/502/373 2289/502/373 2290/501/373
f 2354/462/373 2355/497/373 2294/497/373 2295/462/373
f 2446/588/373 2447/589/373 2202/589/373 2203/588/373
f 2326/470/373 2327/471/373 2322/471/373 2323/470/373
f 2468/610/1185 2469/464/1185 2180/464/1185 2181/610/1185
f 2392/534/373 2393/535/373 2256/535/373 2257/534/373
f 2461/603/373 2462/604/373 2187/604/373 2188/603/373
f 2410/552/1180 2411/553/1180 2238/553/1180 2239/552/1180
f 2419/561/1180 2420/562/1180 2229/562/1180 2230/561/1180
f 2393/535/373 2394/536/373 2255/536/373 2256/535/373
f 2471/611/1181 2472/466/1181 2177/466/1181 2178/611/1181
f 2451/593/373 2452/594/373 2197/594/373 2198/593/373
f 2416/558/373 2417/559/373 2232/559/373 2233/558/373
f 2407/549/373 2408/550/373 2241/550/373 2242/549/373
f 2426/568/373 2427/569/373 2222/569/373 2223/568/373
f 2362/504/373 2363/505/373 2286/505/373 2287/504/373
f 2337/481/1182 2338/482/1182 2311/482/1182 2312/481/1182
f 2376/518/373 2377/519/373 2272/519/373 2273/518/373
f 2388/530/373 2389/531/373 2260/531/373 2261/530/373
f 2346/490/373 2347/493/373 2302/493/373 2303/490/373
f 2357/499/373 2358/500/373 2291/500/373 2292/499/373
f 2332/476/373 2333/477/373 2316/477/373 2317/476/373
f 2379/521/373 2380/522/373 2269/522/373 2270/521/373
f 2396/538/1180 2397/539/1180 2252/539/1180 2253/538/1180
f 2447/589/373 2448/590/373 2201/590/373 2202/589/373
f 2336/480/373 2337/481/373 2312/481/373 2313/480/373
f 2340/484/373 2341/485/373 2308/485/373 2309/484/373
f 2420/562/1180 2421/563/1180 2228/563/1180 2229/562/1180
f 2450/592/373 2451/593/373 2198/593/373 2199/592/373
f 2349/495/373 2350/492/373 2299/492/373 2300/495/373
f 2405/547/1183 2406/548/1183 2243/548/1183 2244/547/1183
f 2460/602/1182 2461/603/1182 2188/603/1182 2189/602/1182
f 2430/572/1180 2431/573/1180 2218/573/1180 2219/572/1180
f 2439/581/1180 2440/582/1180 2209/582/1180 2210/581/1180
f 2417/559/373 2418/560/373 2231/560/373 2232/559/373
f 2429/571/1180 2430/572/1180 2219/572/1180 2220/571/1180
f 2375/517/373 2376/518/373 2273/518/373 2274/517/373
f 2412/554/1180 2413/555/1180 2236/555/1180 2237/554/1180
f 2459/601/373 2460/602/373 2189/602/373 2190/601/373
f 2366/508/373 2367/509/373 2282/509/373 2283/508/373
f 2377/519/373 2378/520/373 2271/520/373 2272/519/373
f 2391/533/1180 2392/534/1180 2257/534/1180 2258/533/1180
f 2335/479/373 2336/480/373 2313/480/373 2314/479/373
f 2378/520/373 2379/521/373 2270/521/373 2271/520/373
f 2325/469/1185 2326/470/1185 2323/470/1185 2324/469/1185
f 2456/598/373 2457/599/373 2192/599/373 2193/598/373
f 2345/489/373 2346/490/373 2303/490/373 2304/489/373
f 2384/526/373 2385/527/373 2264/527/373 2265/526/373
f 2434/576/373 2435/577/373 2214/577/373 2215/576/373
f 2424/566/373 2425/567/373 2224/567/373 2225/566/373
f 2464/606/1181 2465/607/1181 2184/607/1181 2185/606/1181
f 2437/579/373 2438/580/373 2211/580/373 2212/579/373
f 2438/580/373 2439/581/373 2210/581/373 2211/580/373
f 2442/584/373 2443/585/373 2206/585/373 2207/584/373
f 2473/465/373 2474/612/373 2175/612/373 2176/465/373
f 2350/492/373 2351/491/373 2298/491/373 2299/492/373
f 2355/497/373 2356/498/373 2293/498/373 2294/497/373
f 2403/545/1183 2404/546/1183 2245/546/1183 2246/545/1183
f 2373/515/373 2374/516/373 2275/516/373 2276/515/373
f 2389/531/373 2390/532/373 2259/532/373 2260/531/373
f 2374/516/373 2375/517/373 2274/517/373 2275/516/373
f 2415/557/373 2416/558/373 2233/558/373 2234/557/373
f 2427/569/373 2428/570/373 2221/570/373 2222/569/373
f 2365/507/373 2366/508/373 2283/508/373 2284/507/373
f 2448/590/373 2449/591/373 2200/591/373 2201/590/373
f 2452/594/373 2453/595/373 2196/595/373 2197/594/373
f 2470/463/373 2471/611/373 2178/611/373 2179/463/373
f 2356/498/373 2357/499/373 2292/499/373 2293/498/373
f 2328/472/373 2329/473/373 2320/473/373 2321/472/373
f 2333/477/373 2334/478/373 2315/478/373 2316/477/373
f 2380/522/373 2381/523/373 2268/523/373 2269/522/373
f 2406/548/1183 2407/549/1183 2242/549/1183 2243/548/1183
f 2467/609/1186 2468/610/1186 2181/610/1186 2182/609/1186
f 2457/599/1182 2458/600/1182 2191/600/1182 2192/599/1182
f 2401/543/1183 2402/544/1183 2247/544/1183 2248/543/1183
f 2387/529/1184 2388/530/1184 2261/530/1184 2262/529/1184
f 2342/486/1181 2343/487/1181 2306/487/1181 2307/486/1181
f 2472/466/373 2473/465/373 2176/465/373 2177/466/373
f 2418/560/373 2419/561/373 2230/561/373 2231/560/373
f 2390/532/1183 2391/533/1183 2258/533/1183 2259/532/1183
f 2353/461/373 2354/462/373 2295/462/373 2296/461/373
f 2330/474/373 2331/475/373 2318/475/373 2319/474/373
f 2413/555/373 2414/556/373 2235/556/373 2236/555/373
f 2360/502/373 2361/503/373 2288/503/373 2289/502/373
f 2435/577/1180 2436/578/1180 2213/578/1180 2214/577/1180
f 2343/487/373 2344/488/373 2305/488/373 2306/487/373
f 2425/567/1180 2426/568/1180 2223/568/1180 2224/567/1180
f 2363/505/373 2364/506/373 2285/506/373 2286/505/373
f 2371/513/373 2372/514/373 2277/514/373 2278/513/373
f 2455/597/373 2456/598/373 2193/598/373 2194/597/373
f 2399/541/1183 2400/542/1183 2249/542/1183 2250/541/1183
f 2400/542/1180 2401/543/1180 2248/543/1180 2249/542/1180
f 2394/536/1180 2395/537/1180 2254/537/1180 2255/536/1180
f 2331/475/373 2332/476/373 2317/476/373 2318/475/373
f 2449/591/373 2450/592/373 2199/592/373 2200/591/373
f 2370/512/373 2371/513/373 2278/513/373 2279/512/373
f 2352/496/373 2353/461/373 2296/461/373 2297/496/373
f 2458/600/1181 2459/601/1181 2190/601/1181 2191/600/1181
f 2414/556/1180 2415/557/1180 2234/557/1180 2235/556/1180
f 2364/506/373 2365/507/373 2284/507/373 2285/506/373
f 2334/478/373 2335/479/373 2314/479/373 2315/478/373
f 2428/570/1180 2429/571/1180 2220/571/1180 2221/570/1180
f 2444/586/373 2445/587/373 2204/587/373 2205/586/373
f 2445/587/1180 2446/588/1180 2203/588/1180 2204/587/1180
f 2338/482/373 2339/483/373 2310/483/373 2311/482/373
f 2465/607/1182 2466/608/1182 2183/608/1182 2184/607/1182
f 2327/471/373 2328/472/373 2321/472/373 2322/471/373
f 2351/491/373 2352/496/373 2297/496/373 2298/491/373
f 2398/540/1180 2399/541/1180 2250/541/1180 2251/540/1180
f 2411/553/373 2412/554/373 2237/554/373 2238/553/373
f 2385/527/373 2386/528/373 2263/528/373 2264/527/373
f 2433/575/373 2434/576/373 2215/576/373 2216/575/373
f 2341/485/373 2342/486/373 2307/486/373 2308/485/373
f 2423/565/373 2424/566/373 2225/566/373 2226/565/373
f 2386/528/373 2387/529/373 2262/529/373 2263/528/373
f 2422/564/1180 2423/565/1180 2226/565/1180 2227/564/1180
f 2347/493/373 2348/494/373 2301/494/373 2302/493/373
f 2596/499/1187 2595/500/1187 2358/500/1187 2357/499/1187
f 1978/576/1188 1979/577/1188 2518/577/1188 2519/576/1188
f 2613/484/1189 2612/485/1189 2341/485/1189 2340/484/1189
f 2579/516/1190 2578/517/1190 2375/517/1190 2374/516/1190
f 2493/602/1191 2492/603/1191 2461/603/1191 2460/602/1191
f 2510/585/1192 2509/586/1192 2444/586/1192 2443/585/1192
f 2527/568/1193 2526/569/1193 2427/569/1193 2426/568/1193
f 2544/551/1194 2543/552/1194 2410/552/1194 2409/551/1194
f 2561/534/1195 2560/535/1195 2393/535/1195 2392/534/1195
f 2578/517/1196 2577/518/1196 2376/518/1196 2375/517/1196
f 2595/500/1197 2594/501/1197 2359/501/1197 2358/500/1197
f 2612/485/1198 2611/486/1198 2342/486/1198 2341/485/1198
f 2481/466/1199 2480/465/1199 2473/465/1199 2472/466/1199
f 2492/603/1200 2491/604/1200 2462/604/1200 2461/603/1200
f 2509/586/1201 2508/587/1201 2445/587/1201 2444/586/1201
f 2526/569/1202 2525/570/1202 2428/570/1202 2427/569/1202
f 2543/552/1203 2542/553/1203 2411/553/1203 2410/552/1203
f 2560/535/1204 2559/536/1204 2394/536/1204 2393/535/1204
f 2577/518/1205 2576/519/1205 2377/519/1205 2376/518/1205
f 2594/501/1206 2593/502/1206 2360/502/1206 2359/501/1206
f 2611/486/1207 2610/487/1207 2343/487/1207 2342/486/1207
f 2628/469/1208 2627/470/1208 2326/470/1208 2325/469/1208
f 2491/604/1209 2490/605/1209 2463/605/1209 2462/604/1209
f 2508/587/1210 2507/588/1210 2446/588/1210 2445/587/1210
f 2525/570/1211 2524/571/1211 2429/571/1211 2428/570/1211
f 2490/605/1212 2489/606/1212 2464/606/1212 2463/605/1212
f 2559/536/1213 2558/537/1213 2395/537/1213 2394/536/1213
f 2576/519/1214 2575/520/1214 2378/520/1214 2377/519/1214
f 2489/606/1215 2488/607/1215 2465/607/1215 2464/606/1215
f 2610/487/1216 2609/488/1216 2344/488/1216 2343/487/1216
f 2625/472/1217 2624/473/1217 2329/473/1217 2328/472/1217
f 2542/553/1218 2541/554/1218 2412/554/1218 2411/553/1218
f 2506/589/1219 2505/590/1219 2448/590/1219 2447/589/1219
f 2524/571/1220 2523/572/1220 2430/572/1220 2429/571/1220
f 2541/554/1221 2540/555/1221 2413/555/1221 2412/554/1221
f 2558/537/1222 2557/538/1222 2396/538/1222 2395/537/1222
f 2575/520/1223 2574/521/1223 2379/521/1223 2378/520/1223
f 2540/555/1224 2539/556/1224 2414/556/1224 2413/555/1224
f 2609/488/1225 2608/489/1225 2345/489/1225 2344/488/1225
f 2478/468/1226 2477/467/1226 2476/467/1226 2475/468/1226
f 2505/590/1227 2504/591/1227 2449/591/1227 2448/590/1227
f 2523/572/1228 2522/573/1228 2431/573/1228 2430/572/1228
f 2557/538/1229 2556/539/1229 2397/539/1229 2396/538/1229
f 2574/521/1230 2573/522/1230 2380/522/1230 2379/521/1230
f 2593/502/1231 2592/503/1231 2361/503/1231 2360/502/1231
f 2608/489/1232 2607/490/1232 2346/490/1232 2345/489/1232
f 2627/470/1233 2626/471/1233 2327/471/1233 2326/470/1233
f 2592/503/1234 2591/504/1234 2362/504/1234 2361/503/1234
f 2504/591/1235 2503/592/1235 2450/592/1235 2449/591/1235
f 2522/573/1236 2521/574/1236 2432/574/1236 2431/573/1236
f 2591/504/1237 2590/505/1237 2363/505/1237 2362/504/1237
f 2556/539/1238 2555/540/1238 2398/540/1238 2397/539/1238
f 2573/522/1239 2572/523/1239 2381/523/1239 2380/522/1239
f 2210/581/1240 2209/582/1240 2665/582/1240 2666/581/1240
f 2603/492/1241 2602/491/1241 2351/491/1241 2350/492/1241
f 2624/473/1242 2623/474/1242 2330/474/1242 2329/473/1242
f 2539/556/1243 2538/557/1243 2415/557/1243 2414/556/1243
f 2503/592/1244 2502/593/1244 2451/593/1244 2450/592/1244
f 2521/574/1245 2520/575/1245 2433/575/1245 2432/574/1245
f 2590/505/1246 2589/506/1246 2364/506/1246 2363/505/1246
f 2555/540/1247 2554/541/1247 2399/541/1247 2398/540/1247
f 2572/523/1248 2571/524/1248 2382/524/1248 2381/523/1248
f 2487/608/1249 2486/609/1249 2467/609/1249 2466/608/1249
f 2607/490/1250 2606/493/1250 2347/493/1250 2346/490/1250
f 2623/474/1251 2622/475/1251 2331/475/1251 2330/474/1251
f 2538/557/1252 2537/558/1252 2416/558/1252 2415/557/1252
f 2507/588/1253 2506/589/1253 2447/589/1253 2446/588/1253
f 2520/575/1254 2519/576/1254 2434/576/1254 2433/575/1254
f 2589/506/1255 2588/507/1255 2365/507/1255 2364/506/1255
f 2554/541/1256 2553/542/1256 2400/542/1256 2399/541/1256
f 2571/524/1257 2570/525/1257 2383/525/1257 2382/524/1257
f 2486/609/1258 2485/610/1258 2468/610/1258 2467/609/1258
f 2606/493/1259 2605/494/1259 2348/494/1259 2347/493/1259
f 2622/475/1260 2621/476/1260 2332/476/1260 2331/475/1260
f 2537/558/1261 2536/559/1261 2417/559/1261 2416/558/1261
f 2502/593/1262 2501/594/1262 2452/594/1262 2451/593/1262
f 2519/576/1263 2518/577/1263 2435/577/1263 2434/576/1263
f 2588/507/1264 2587/508/1264 2366/508/1264 2365/507/1264
f 2553/542/1265 2552/543/1265 2401/543/1265 2400/542/1265
f 2570/525/1266 2569/526/1266 2384/526/1266 2383/525/1266
f 2483/463/1267 2482/611/1267 2471/611/1267 2470/463/1267
f 2605/494/1268 2604/495/1268 2349/495/1268 2348/494/1268
f 2621/476/1269 2620/477/1269 2333/477/1269 2332/476/1269
f 2536/559/1270 2535/560/1270 2418/560/1270 2417/559/1270
f 2501/594/1271 2500/595/1271 2453/595/1271 2452/594/1271
f 2518/577/1272 2517/578/1272 2436/578/1272 2435/577/1272
f 2587/508/1273 2586/509/1273 2367/509/1273 2366/508/1273
f 2552/543/1274 2551/544/1274 2402/544/1274 2401/543/1274
f 2569/526/1275 2568/527/1275 2385/527/1275 2384/526/1275
f 2480/465/1276 2479/612/1276 2474/612/1276 2473/465/1276
f 2604/495/1277 2603/492/1277 2350/492/1277 2349/495/1277
f 2620/477/1278 2619/478/1278 2334/478/1278 2333/477/1278
f 2535/560/1279 2534/561/1279 2419/561/1279 2418/560/1279
f 2500/595/1280 2499/596/1280 2454/596/1280 2453/595/1280
f 2517/578/1281 2516/579/1281 2437/579/1281 2436/578/1281
f 2586/509/1282 2585/510/1282 2368/510/1282 2367/509/1282
f 2551/544/1283 2550/545/1283 2403/545/1283 2402/544/1283
f 2568/527/1284 2567/528/1284 2386/528/1284 2385/527/1284
f 2485/610/1285 2484/464/1285 2469/464/1285 2468/610/1285
f 2602/491/1286 2601/496/1286 2352/496/1286 2351/491/1286
f 2619/478/1287 2618/479/1287 2335/479/1287 2334/478/1287
f 2534/561/1288 2533/562/1288 2420/562/1288 2419/561/1288
f 2499/596/1289 2498/597/1289 2455/597/1289 2454/596/1289
f 2516/579/1290 2515/580/1290 2438/580/1290 2437/579/1290
f 2585/510/1291 2584/511/1291 2369/511/1291 2368/510/1291
f 2550/545/1292 2549/546/1292 2404/546/1292 2403/545/1292
f 2567/528/1293 2566/529/1293 2387/529/1293 2386/528/1293
f 2482/611/1294 2481/466/1294 2472/466/1294 2471/611/1294
f 2601/496/1295 2600/461/1295 2353/461/1295 2352/496/1295
f 2618/479/1296 2617/480/1296 2336/480/1296 2335/479/1296
f 2533/562/1297 2532/563/1297 2421/563/1297 2420/562/1297
f 2498/597/1298 2497/598/1298 2456/598/1298 2455/597/1298
f 2515/580/1299 2514/581/1299 2439/581/1299 2438/580/1299
f 2584/511/1300 2583/512/1300 2370/512/1300 2369/511/1300
f 2549/546/1301 2548/547/1301 2405/547/1301 2404/546/1301
f 2566/529/1302 2565/530/1302 2388/530/1302 2387/529/1302
f 2479/612/1303 2478/468/1303 2475/468/1303 2474/612/1303
f 2600/461/1304 2599/462/1304 2354/462/1304 2353/461/1304
f 2617/480/1305 2616/481/1305 2337/481/1305 2336/480/1305
f 2582/513/1306 2581/514/1306 2372/514/1306 2371/513/1306
f 2497/598/1307 2496/599/1307 2457/599/1307 2456/598/1307
f 2514/581/1308 2513/582/1308 2440/582/1308 2439/581/1308
f 2532/563/1309 2531/564/1309 2422/564/1309 2421/563/1309
f 2548/547/1310 2547/548/1310 2406/548/1310 2405/547/1310
f 2565/530/1311 2564/531/1311 2389/531/1311 2388/530/1311
f 2583/512/1312 2582/513/1312 2371/513/1312 2370/512/1312
f 2599/462/1313 2598/497/1313 2355/497/1313 2354/462/1313
f 2616/481/1314 2615/482/1314 2338/482/1314 2337/481/1314
f 2484/464/1315 2483/463/1315 2470/463/1315 2469/464/1315
f 2496/599/1316 2495/600/1316 2458/600/1316 2457/599/1316
f 2513/582/1317 2512/583/1317 2441/583/1317 2440/582/1317
f 2531/564/1318 2530/565/1318 2423/565/1318 2422/564/1318
f 2547/548/1319 2546/549/1319 2407/549/1319 2406/548/1319
f 2564/531/1320 2563/532/1320 2390/532/1320 2389/531/1320
f 2477/467/1321 2628/469/1321 2325/469/1321 2476/467/1321
f 2598/497/1322 2597/498/1322 2356/498/1322 2355/497/1322
f 2615/482/1323 2614/483/1323 2339/483/1323 2338/482/1323
f 2530/565/1324 2529/566/1324 2424/566/1324 2423/565/1324
f 2495/600/1325 2494/601/1325 2459/601/1325 2458/600/1325
f 2512/583/1326 2511/584/1326 2442/584/1326 2441/583/1326
f 2581/514/1327 2580/515/1327 2373/515/1327 2372/514/1327
f 2546/549/1328 2545/550/1328 2408/550/1328 2407/549/1328
f 2563/532/1329 2562/533/1329 2391/533/1329 2390/532/1329
f 2626/471/1330 2625/472/1330 2328/472/1330 2327/471/1330
f 2597/498/1331 2596/499/1331 2357/499/1331 2356/498/1331
f 2614/483/1332 2613/484/1332 2340/484/1332 2339/483/1332
f 2529/566/1333 2528/567/1333 2425/567/1333 2424/566/1333
f 2494/601/1334 2493/602/1334 2460/602/1334 2459/601/1334
f 2511/584/1335 2510/585/1335 2443/585/1335 2442/584/1335
f 2580/515/1336 2579/516/1336 2374/516/1336 2373/515/1336
f 2545/550/1337 2544/551/1337 2409/551/1337 2408/550/1337
f 2562/533/1338 2561/534/1338 2392/534/1338 2391/533/1338
f 2528/567/1339 2527/568/1339 2426/568/1339 2425/567/1339
f 2488/607/1340 2487/608/1340 2466/608/1340 2465/607/1340
f 1995/593/1341 1996/594/1341 2501/594/1341 2502/593/1341
f 1960/558/1342 1961/559/1342 2536/559/1342 2537/558/1342
f 1875/475/1343 1876/476/1343 2621/476/1343 2622/475/1343
f 1891/493/1344 1892/494/1344 2605/494/1344 2606/493/1344
f 2011/609/1345 2012/610/1345 2485/610/1345 2486/609/1345
f 1926/524/1346 1927/525/1346 2570/525/1346 2571/524/1346
f 1943/541/1347 1944/542/1347 2553/542/1347 2554/541/1347
f 1908/506/1348 1909/507/1348 2588/507/1348 2589/506/1348
f 1977/575/1349 1978/576/1349 2519/576/1349 2520/575/1349
f 1994/592/1350 1995/593/1350 2502/593/1350 2503/592/1350
f 1907/505/1351 1908/506/1351 2589/506/1351 2590/505/1351
f 1874/474/1352 1875/475/1352 2622/475/1352 2623/474/1352
f 1890/490/1353 1891/493/1353 2606/493/1353 2607/490/1353
f 1906/504/1354 1907/505/1354 2590/505/1354 2591/504/1354
f 1925/523/1355 1926/524/1355 2571/524/1355 2572/523/1355
f 1942/540/1356 1943/541/1356 2554/541/1356 2555/540/1356
f 1959/557/1357 1960/558/1357 2537/558/1357 2538/557/1357
f 1976/574/1358 1977/575/1358 2520/575/1358 2521/574/1358
f 1993/591/1359 1994/592/1359 2503/592/1359 2504/591/1359
f 1958/556/1360 1959/557/1360 2538/557/1360 2539/556/1360
f 1873/473/1361 1874/474/1361 2623/474/1361 2624/473/1361
f 1894/492/1362 1895/491/1362 2602/491/1362 2603/492/1362
f 1957/555/1363 1958/556/1363 2539/556/1363 2540/555/1363
f 1924/522/1364 1925/523/1364 2572/523/1364 2573/522/1364
f 1941/539/1365 1942/540/1365 2555/540/1365 2556/539/1365
f 1975/573/1366 1976/574/1366 2521/574/1366 2522/573/1366
f 1992/590/1367 1993/591/1367 2504/591/1367 2505/590/1367
f 1872/472/1368 1873/473/1368 2624/473/1368 2625/472/1368
f 1889/489/1369 1890/490/1369 2607/490/1369 2608/489/1369
f 2010/608/1370 2011/609/1370 2486/609/1370 2487/608/1370
f 1923/521/1371 1924/522/1371 2573/522/1371 2574/521/1371
f 1940/538/1372 1941/539/1372 2556/539/1372 2557/538/1372
f 2009/607/1373 2010/608/1373 2487/608/1373 2488/607/1373
f 1974/572/1374 1975/573/1374 2522/573/1374 2523/572/1374
f 1991/589/1375 1992/590/1375 2505/590/1375 2506/589/1375
f 2008/606/1376 2009/607/1376 2488/607/1376 2489/606/1376
f 1871/471/1377 1872/472/1377 2625/472/1377 2626/471/1377
f 1888/488/1378 1889/489/1378 2608/489/1378 2609/488/1378
f 2372/514/373 2373/515/373 2276/515/373 2277/514/373
f 1922/520/1379 1923/521/1379 2574/521/1379 2575/520/1379
f 1939/537/1380 1940/538/1380 2557/538/1380 2558/537/1380
f 1956/554/1381 1957/555/1381 2540/555/1381 2541/554/1381
f 1973/571/1382 1974/572/1382 2523/572/1382 2524/571/1382
f 1990/588/1383 1991/589/1383 2506/589/1383 2507/588/1383
f 2007/605/1384 2008/606/1384 2489/606/1384 2490/605/1384
f 1870/470/1385 1871/471/1385 2626/471/1385 2627/470/1385
f 1887/487/1386 1888/488/1386 2609/488/1386 2610/487/1386
f 1904/502/1387 1905/503/1387 2592/503/1387 2593/502/1387
f 1921/519/1388 1922/520/1388 2575/520/1388 2576/519/1388
f 1938/536/1389 1939/537/1389 2558/537/1389 2559/536/1389
f 1955/553/1390 1956/554/1390 2541/554/1390 2542/553/1390
f 1972/570/1391 1973/571/1391 2524/571/1391 2525/570/1391
f 1989/587/1392 1990/588/1392 2507/588/1392 2508/587/1392
f 2006/604/1393 2007/605/1393 2490/605/1393 2491/604/1393
f 1869/469/1394 1870/470/1394 2627/470/1394 2628/469/1394
f 1886/486/1395 1887/487/1395 2610/487/1395 2611/486/1395
f 1903/501/1396 1904/502/1396 2593/502/1396 2594/501/1396
f 1920/518/1397 1921/519/1397 2576/519/1397 2577/518/1397
f 1937/535/1398 1938/536/1398 2559/536/1398 2560/535/1398
f 1954/552/1399 1955/553/1399 2542/553/1399 2543/552/1399
f 1971/569/1400 1972/570/1400 2525/570/1400 2526/569/1400
f 1988/586/1401 1989/587/1401 2508/587/1401 2509/586/1401
f 2005/603/1402 2006/604/1402 2491/604/1402 2492/603/1402
f 2020/467/1403 1869/469/1403 2628/469/1403 2477/467/1403
f 1885/485/1404 1886/486/1404 2611/486/1404 2612/485/1404
f 1902/500/1405 1903/501/1405 2594/501/1405 2595/500/1405
f 1919/517/1406 1920/518/1406 2577/518/1406 2578/517/1406
f 1936/534/1407 1937/535/1407 2560/535/1407 2561/534/1407
f 1953/551/1408 1954/552/1408 2543/552/1408 2544/551/1408
f 1970/568/1409 1971/569/1409 2526/569/1409 2527/568/1409
f 1987/585/1410 1988/586/1410 2509/586/1410 2510/585/1410
f 2004/602/1411 2005/603/1411 2492/603/1411 2493/602/1411
f 2019/468/1412 2020/467/1412 2477/467/1412 2478/468/1412
f 1884/484/1413 1885/485/1413 2612/485/1413 2613/484/1413
f 1901/499/1414 1902/500/1414 2595/500/1414 2596/499/1414
f 1918/516/1415 1919/517/1415 2578/517/1415 2579/516/1415
f 1935/533/1416 1936/534/1416 2561/534/1416 2562/533/1416
f 1952/550/1417 1953/551/1417 2544/551/1417 2545/550/1417
f 1969/567/1418 1970/568/1418 2527/568/1418 2528/567/1418
f 1986/584/1419 1987/585/1419 2510/585/1419 2511/584/1419
f 2003/601/1420 2004/602/1420 2493/602/1420 2494/601/1420
f 2016/466/1421 2017/465/1421 2480/465/1421 2481/466/1421
f 1883/483/1422 1884/484/1422 2613/484/1422 2614/483/1422
f 1900/498/1423 1901/499/1423 2596/499/1423 2597/498/1423
f 1917/515/1424 1918/516/1424 2579/516/1424 2580/515/1424
f 1934/532/1425 1935/533/1425 2562/533/1425 2563/532/1425
f 1951/549/1426 1952/550/1426 2545/550/1426 2546/549/1426
f 1968/566/1427 1969/567/1427 2528/567/1427 2529/566/1427
f 1985/583/1428 1986/584/1428 2511/584/1428 2512/583/1428
f 2002/600/1429 2003/601/1429 2494/601/1429 2495/600/1429
f 2013/464/1430 2014/463/1430 2483/463/1430 2484/464/1430
f 1882/482/1431 1883/483/1431 2614/483/1431 2615/482/1431
f 1899/497/1432 1900/498/1432 2597/498/1432 2598/497/1432
f 1916/514/1433 1917/515/1433 2580/515/1433 2581/514/1433
f 1933/531/1434 1934/532/1434 2563/532/1434 2564/531/1434
f 1950/548/1435 1951/549/1435 2546/549/1435 2547/548/1435
f 1967/565/1436 1968/566/1436 2529/566/1436 2530/565/1436
f 1984/582/1437 1985/583/1437 2512/583/1437 2513/582/1437
f 2001/599/1438 2002/600/1438 2495/600/1438 2496/599/1438
f 1915/513/1439 1916/514/1439 2581/514/1439 2582/513/1439
f 1881/481/1440 1882/482/1440 2615/482/1440 2616/481/1440
f 1898/462/1441 1899/497/1441 2598/497/1441 2599/462/1441
f 1966/564/1442 1967/565/1442 2530/565/1442 2531/564/1442
f 1932/530/1443 1933/531/1443 2564/531/1443 2565/530/1443
f 1999/597/1444 2000/598/1444 2497/598/1444 2498/597/1444
f 1914/512/1445 1915/513/1445 2582/513/1445 2583/512/1445
f 1983/581/1446 1984/582/1446 2513/582/1446 2514/581/1446
f 1949/547/1447 1950/548/1447 2547/548/1447 2548/547/1447
f 1965/563/1448 1966/564/1448 2531/564/1448 2532/563/1448
f 1880/480/1449 1881/481/1449 2616/481/1449 2617/480/1449
f 2000/598/1450 2001/599/1450 2496/599/1450 2497/598/1450
f 2018/612/1451 2019/468/1451 2478/468/1451 2479/612/1451
f 1931/529/1452 1932/530/1452 2565/530/1452 2566/529/1452
f 1897/461/1453 1898/462/1453 2599/462/1453 2600/461/1453
f 1913/511/1454 1914/512/1454 2583/512/1454 2584/511/1454
f 1982/580/1455 1983/581/1455 2514/581/1455 2515/580/1455
f 1948/546/1456 1949/547/1456 2548/547/1456 2549/546/1456
f 1964/562/1457 1965/563/1457 2532/563/1457 2533/562/1457
f 1879/479/1458 1880/480/1458 2617/480/1458 2618/479/1458
f 1896/496/1459 1897/461/1459 2600/461/1459 2601/496/1459
f 2015/611/1460 2016/466/1460 2481/466/1460 2482/611/1460
f 1930/528/1461 1931/529/1461 2566/529/1461 2567/528/1461
f 1947/545/1462 1948/546/1462 2549/546/1462 2550/545/1462
f 1912/510/1463 1913/511/1463 2584/511/1463 2585/510/1463
f 1981/579/1464 1982/580/1464 2515/580/1464 2516/579/1464
f 1998/596/1465 1999/597/1465 2498/597/1465 2499/596/1465
f 1963/561/1466 1964/562/1466 2533/562/1466 2534/561/1466
f 1878/478/1467 1879/479/1467 2618/479/1467 2619/478/1467
f 1895/491/1468 1896/496/1468 2601/496/1468 2602/491/1468
f 2012/610/1469 2013/464/1469 2484/464/1469 2485/610/1469
f 1929/527/1470 1930/528/1470 2567/528/1470 2568/527/1470
f 1946/544/1471 1947/545/1471 2550/545/1471 2551/544/1471
f 1911/509/1472 1912/510/1472 2585/510/1472 2586/509/1472
f 1980/578/1473 1981/579/1473 2516/579/1473 2517/578/1473
f 1997/595/1474 1998/596/1474 2499/596/1474 2500/595/1474
f 1962/560/1475 1963/561/1475 2534/561/1475 2535/560/1475
f 1877/477/1476 1878/478/1476 2619/478/1476 2620/477/1476
f 1893/495/1477 1894/492/1477 2603/492/1477 2604/495/1477
f 2017/465/1478 2018/612/1478 2479/612/1478 2480/465/1478
f 1928/526/1479 1929/527/1479 2568/527/1479 2569/526/1479
f 1945/543/1480 1946/544/1480 2551/544/1480 2552/543/1480
f 1910/508/1481 1911/509/1481 2586/509/1481 2587/508/1481
f 1979/577/1482 1980/578/1482 2517/578/1482 2518/577/1482
f 1996/594/1483 1997/595/1483 2500/595/1483 2501/594/1483
f 1961/559/1484 1962/560/1484 2535/560/1484 2536/559/1484
f 1876/476/1485 1877/477/1485 2620/477/1485 2621/476/1485
f 1892/494/1486 1893/495/1486 2604/495/1486 2605/494/1486
f 2014/463/1487 2015/611/1487 2482/611/1487 2483/463/1487
f 1927/525/1488 1928/526/1488 2569/526/1488 2570/525/1488
f 1944/542/1489 1945/543/1489 2552/543/1489 2553/542/1489
f 1909/507/1490 1910/508/1490 2587/508/1490 2588/507/1490
f 2475/468/373 2476/467/373 2173/467/373 2174/468/373
f 2722/525/258 2721/526/258 2873/526/258 2874/525/258
f 2197/594/1491 2196/595/1491 2652/595/1491 2653/594/1491
f 2255/536/359 2254/537/359 2710/537/359 2711/536/359
f 2214/577/278 2213/578/278 2669/578/278 2670/577/278
f 2241/550/350 2240/551/350 2696/551/350 2697/550/350
f 2218/573/264 2217/574/264 2673/574/264 2674/573/264
f 2237/554/347 2236/555/347 2692/555/347 2693/554/347
f 2304/489/354 2303/490/354 2759/490/354 2760/489/354
f 2236/555/391 2235/556/391 2691/556/391 2692/555/391
f 2222/569/255 2221/570/255 2677/570/255 2678/569/255
f 2203/588/375 2202/589/375 2658/589/375 2659/588/375
f 2259/532/362 2258/533/362 2714/533/362 2715/532/362
f 2226/565/405 2225/566/405 2681/566/405 2682/565/405
f 2251/540/356 2250/541/356 2706/541/356 2707/540/356
f 2230/561/303 2229/562/303 2685/562/303 2686/561/303
f 2245/546/393 2244/547/393 2700/547/393 2701/546/393
f 2308/485/351 2307/486/351 2763/486/351 2764/485/351
f 2253/538/871 2252/539/871 2708/539/871 2709/538/871
f 2240/551/385 2239/552/385 2695/552/385 2696/551/385
f 2234/557/291 2233/558/291 2689/558/291 2690/557/291
f 2200/591/355 2199/592/355 2655/592/355 2656/591/355
f 2257/534/273 2256/535/273 2712/535/273 2713/534/273
f 2263/528/365 2262/529/365 2718/529/365 2719/528/365
f 2238/553/279 2237/554/279 2693/554/279 2694/553/279
f 2261/530/285 2260/531/285 2716/531/285 2717/530/285
f 2242/549/265 2241/550/265 2697/550/265 2698/549/265
f 2247/544/353 2246/545/353 2702/545/353 2703/544/353
f 2312/481/348 2311/482/348 2767/482/348 2768/481/348
f 2265/526/297 2264/527/297 2720/527/297 2721/526/297
f 2244/547/379 2243/548/379 2699/548/379 2700/547/379
f 2246/545/326 2245/546/326 2701/546/326 2702/545/326
f 2202/589/315 2201/590/315 2657/590/315 2658/589/315
f 2269/522/1492 2268/523/1492 2724/523/1492 2725/522/1492
f 2267/524/368 2266/525/368 2722/525/368 2723/524/368
f 2250/541/271 2249/542/271 2705/542/271 2706/541/271
f 2277/514/262 2276/515/262 2732/515/262 2733/514/262
f 2180/464/318 2179/463/318 2635/463/318 2636/464/318
f 2254/537/332 2253/538/332 2709/538/332 2710/537/332
f 2316/477/345 2315/478/345 2771/478/345 2772/477/345
f 2173/467/401 2324/469/401 2780/469/401 2629/467/401
f 2248/543/369 2247/544/369 2703/544/369 2704/543/369
f 2258/533/317 2257/534/317 2713/534/317 2714/533/317
f 2205/586/331 2204/587/331 2660/587/331 2661/586/331
f 2271/520/372 2270/521/372 2726/521/372 2727/520/372
f 2275/516/378 2274/517/378 2730/517/378 2731/516/378
f 2262/529/304 2261/530/304 2717/530/304 2718/529/304
f 2281/510/276 2280/511/276 2736/511/276 2737/510/276
f 2176/465/272 2175/612/272 2631/612/272 2632/465/272
f 2266/525/292 2265/526/292 2721/526/292 2722/525/292
f 2320/473/340 2319/474/340 2775/474/340 2776/473/340
f 2283/508/390 2282/509/390 2738/509/390 2739/508/390
f 2252/539/339 2251/540/339 2707/540/339 2708/539/339
f 2270/521/280 2269/522/280 2725/522/280 2726/521/280
f 2215/576/295 2214/577/295 2670/577/295 2671/576/295
f 2285/506/1493 2284/507/1493 2740/507/1493 2741/506/1493
f 2279/512/384 2278/513/384 2734/513/384 2735/512/384
f 2276/515/380 2275/516/380 2731/516/380 2732/515/380
f 2213/578/283 2212/579/283 2668/579/283 2669/578/283
f 2287/504/396 2286/505/396 2742/505/396 2743/504/396
f 2280/511/374 2279/512/374 2735/512/374 2736/511/374
f 2184/607/367 2183/608/367 2639/608/367 2640/607/367
f 2289/502/300 2288/503/300 2744/503/300 2745/502/300
f 2256/535/333 2255/536/333 2711/536/333 2712/535/333
f 2274/517/267 2273/518/267 2729/518/267 2730/517/267
f 2324/469/334 2323/470/334 2779/470/334 2780/469/334
f 2291/500/402 2290/501/402 2746/501/402 2747/500/402
f 2273/518/323 2272/519/323 2728/519/323 2729/518/323
f 2286/505/1494 2285/506/1494 2741/506/1494 2742/505/1494
f 2207/584/381 2206/585/381 2662/585/381 2663/584/381
f 2293/498/313 2292/499/313 2748/499/313 2749/498/313
f 2290/501/289 2289/502/289 2745/502/289 2746/501/289
f 2188/603/364 2187/604/364 2643/604/364 2644/603/364
f 2295/462/408 2294/497/408 2750/497/408 2751/462/408
f 2260/531/404 2259/532/404 2715/532/404 2716/531/404
f 2294/497/277 2293/498/277 2749/498/277 2750/497/277
f 2297/496/327 2296/461/327 2752/461/327 2753/496/327
f 2175/612/388 2174/468/388 2630/468/388 2631/612/388
f 2298/491/263 2297/496/263 2753/496/263 2754/491/263
f 2209/582/1495 2208/583/1495 2664/583/1495 2665/582/1495
f 2300/495/357 2299/492/357 2755/492/357 2756/495/357
f 2303/490/343 2302/493/343 2758/493/343 2759/490/343
f 2192/599/361 2191/600/361 2647/600/361 2648/599/361
f 2302/493/324 2301/494/324 2757/494/324 2758/493/324
f 2264/527/398 2263/528/398 2719/528/398 2720/527/398
f 2306/487/311 2305/488/311 2761/488/311 2762/487/311
f 2299/492/337 2298/491/337 2754/491/337 2755/492/337
f 2181/610/371 2180/464/371 2636/464/371 2637/610/371
f 2310/483/298 2309/484/298 2765/484/298 2766/483/298
f 2211/580/387 2210/581/387 2666/581/387 2667/580/387
f 2305/488/307 2304/489/307 2760/489/307 2761/488/307
f 2314/479/286 2313/480/286 2769/480/286 2770/479/286
f 2315/478/389 2314/479/389 2770/479/389 2771/478/389
f 2268/523/392 2267/524/392 2723/524/392 2724/523/392
f 2318/475/274 2317/476/274 2773/476/274 2774/475/274
f 2196/595/358 2195/596/358 2651/596/358 2652/595/358
f 2307/486/377 2306/487/377 2762/487/377 2763/486/377
f 2179/463/376 2178/611/376 2634/611/376 2635/463/376
f 2174/468/284 2173/467/284 2629/467/284 2630/468/284
f 2309/484/259 2308/485/259 2764/485/259 2765/484/259
f 2177/466/382 2176/465/382 2632/465/382 2633/466/382
f 2311/482/1496 2310/483/1496 2766/483/1496 2767/482/1496
f 2272/519/386 2271/520/386 2727/520/386 2728/519/386
f 2217/574/399 2216/575/399 2672/575/399 2673/574/399
f 2313/480/275 2312/481/275 2768/481/275 2769/480/275
f 2183/608/394 2182/609/394 2638/609/394 2639/608/394
f 2199/592/341 2198/593/341 2654/593/341 2655/592/341
f 2317/476/287 2316/477/287 2772/477/287 2773/476/287
f 2319/474/395 2318/475/395 2774/475/395 2775/474/395
f 2278/513/328 2277/514/328 2733/514/328 2734/513/328
f 2219/572/308 2218/573/308 2674/573/308 2675/572/308
f 2323/470/321 2322/471/321 2778/471/321 2779/470/321
f 2185/606/296 2184/607/296 2640/607/296 2641/606/296
f 2204/587/352 2203/588/352 2659/588/352 2660/587/352
f 2321/472/299 2320/473/299 2776/473/299 2777/472/299
f 2223/568/316 2222/569/316 2678/569/316 2679/568/316
f 2282/509/314 2281/510/314 2737/510/314 2738/509/314
f 2221/570/312 2220/571/312 2676/571/312 2677/570/312
f 2227/564/330 2226/565/330 2682/565/330 2683/564/330
f 2187/604/400 2186/605/400 2642/605/400 2643/604/400
f 2208/583/349 2207/584/349 2663/584/349 2664/583/349
f 2231/560/269 2230/561/269 2686/561/269 2687/560/269
f 2235/556/1497 2234/557/1497 2690/557/1497 2691/556/1497
f 2284/507/370 2283/508/370 2739/508/370 2740/507/370
f 2225/566/325 2224/567/325 2680/567/325 2681/566/325
f 2239/552/294 2238/553/294 2694/553/294 2695/552/294
f 2189/602/309 2188/603/309 2644/603/309 2645/602/309
f 2212/579/346 2211/580/346 2667/580/346 2668/579/346
f 2243/548/306 2242/549/306 2698/549/306 2699/548/306
f 2249/542/320 2248/543/320 2704/543/320 2705/542/320
f 2288/503/366 2287/504/366 2743/504/366 2744/503/366
f 2216/575/342 2215/576/342 2671/576/342 2672/575/342
f 2229/562/338 2228/563/338 2684/563/338 2685/562/338
f 2322/471/257 2321/472/257 2777/472/257 2778/471/257
f 2191/600/866 2190/601/866 2646/601/866 2647/600/866
f 2178/611/102 2177/466/102 2633/466/102 2634/611/102
f 2220/571/336 2219/572/336 2675/572/336 2676/571/336
f 2182/609/305 2181/610/305 2637/610/305 2638/609/305
f 2292/499/363 2291/500/363 2747/500/363 2748/499/363
f 2233/558/344 2232/559/344 2688/559/344 2689/558/344
f 2186/605/293 2185/606/293 2641/606/293 2642/605/293
f 2193/598/335 2192/599/335 2648/599/335 2649/598/335
f 2224/567/868 2223/568/868 2679/568/868 2680/567/868
f 2190/601/281 2189/602/281 2645/602/281 2646/601/281
f 2194/597/268 2193/598/268 2649/598/268 2650/597/268
f 2296/461/360 2295/462/360 2751/462/360 2752/461/360
f 2228/563/403 2227/564/403 2683/564/403 2684/563/403
f 2198/593/1498 2197/594/1498 2653/594/1498 2654/593/1498
f 2195/596/261 2194/597/261 2650/597/261 2651/596/261
f 2201/590/319 2200/591/319 2656/591/319 2657/590/319
f 2206/585/302 2205/586/302 2661/586/302 2662/585/302
f 2301/494/1499 2300/495/1499 2756/495/1499 2757/494/1499
f 2232/559/397 2231/560/397 2687/560/397 2688/559/397
f 2899/500/1500 2898/501/1500 3050/501/1500 3051/500/1500
f 2739/508/260 2738/509/260 2890/509/260 2891/508/260
f 2724/523/258 2723/524/258 2875/524/258 2876/523/258
f 2726/521/258 2725/522/258 2877/522/258 2878/521/258
f 2741/506/258 2740/507/258 2892/507/258 2893/506/258
f 2635/463/258 2634/611/258 2786/611/258 2787/463/258
f 2732/515/258 2731/516/258 2883/516/258 2884/515/258
f 2743/504/258 2742/505/258 2894/505/258 2895/504/258
f 2728/519/258 2727/520/258 2879/520/258 2880/519/258
f 2736/511/258 2735/512/258 2887/512/258 2888/511/258
f 2745/502/258 2744/503/258 2896/503/258 2897/502/258
f 2639/608/258 2638/609/258 2790/609/258 2791/608/258
f 2730/517/258 2729/518/258 2881/518/258 2882/517/258
f 2747/500/258 2746/501/258 2898/501/258 2899/500/258
f 2734/513/258 2733/514/258 2885/514/258 2886/513/258
f 2742/505/260 2741/506/260 2893/506/260 2894/505/260
f 2749/498/258 2748/499/258 2900/499/258 2901/498/258
f 2641/606/258 2640/607/258 2792/607/258 2793/606/258
f 2746/501/258 2745/502/258 2897/502/258 2898/501/258
f 2751/462/260 2750/497/260 2902/497/260 2903/462/260
f 2738/509/260 2737/510/260 2889/510/260 2890/509/260
f 2750/497/258 2749/498/258 2901/498/258 2902/497/258
f 2753/496/258 2752/461/258 2904/461/258 2905/496/258
f 2643/604/1501 2642/605/1501 2794/605/1501 2795/604/1501
f 2754/491/258 2753/496/258 2905/496/258 2906/491/258
f 2756/495/258 2755/492/258 2907/492/258 2908/495/258
f 2740/507/258 2739/508/258 2891/508/258 2892/507/258
f 2759/490/260 2758/493/260 2910/493/260 2911/490/260
f 2758/493/258 2757/494/258 2909/494/258 2910/493/258
f 2645/602/258 2644/603/258 2796/603/258 2797/602/258
f 2762/487/258 2761/488/258 2913/488/258 2914/487/258
f 2755/492/258 2754/491/258 2906/491/258 2907/492/258
f 2744/503/260 2743/504/260 2895/504/260 2896/503/260
f 2766/483/258 2765/484/258 2917/484/258 2918/483/258
f 2761/488/258 2760/489/258 2912/489/258 2913/488/258
f 2647/600/260 2646/601/260 2798/601/260 2799/600/260
f 2770/479/260 2769/480/260 2921/480/260 2922/479/260
f 2771/478/258 2770/479/258 2922/479/258 2923/478/258
f 2748/499/258 2747/500/258 2899/500/258 2900/499/258
f 2774/475/258 2773/476/258 2925/476/258 2926/475/258
f 2763/486/260 2762/487/260 2914/487/260 2915/486/260
f 2649/598/260 2648/599/260 2800/599/260 2801/598/260
f 2630/468/1502 2629/467/1502 2781/467/1502 2782/468/1502
f 2765/484/260 2764/485/260 2916/485/260 2917/484/260
f 2752/461/258 2751/462/258 2903/462/258 2904/461/258
f 2633/466/258 2632/465/258 2784/465/258 2785/466/258
f 2767/482/260 2766/483/260 2918/483/260 2919/482/260
f 2651/596/258 2650/597/258 2802/597/258 2803/596/258
f 2697/550/1503 2696/551/1503 2848/551/1503 2849/550/1503
f 2769/480/258 2768/481/258 2920/481/258 2921/480/258
f 2757/494/258 2756/495/258 2908/495/258 2909/494/258
f 2693/554/258 2692/555/258 2844/555/258 2845/554/258
f 2773/476/258 2772/477/258 2924/477/258 2925/476/258
f 2653/594/258 2652/595/258 2804/595/258 2805/594/258
f 2701/546/258 2700/547/258 2852/547/258 2853/546/258
f 2775/474/258 2774/475/258 2926/475/258 2927/474/258
f 2760/489/258 2759/490/258 2911/490/258 2912/489/258
f 2703/544/258 2702/545/258 2854/545/258 2855/544/258
f 2779/470/1501 2778/471/1501 2930/471/1501 2931/470/1501
f 2659/588/258 2658/589/258 2810/589/258 2811/588/258
f 2636/464/258 2635/463/258 2787/463/258 2788/464/258
f 2777/472/258 2776/473/258 2928/473/258 2929/472/258
f 2764/485/1504 2763/486/1504 2915/486/1504 2916/485/1504
f 2632/465/260 2631/612/260 2783/612/260 2784/465/260
f 2679/568/258 2678/569/258 2830/569/258 2831/568/258
f 2656/591/258 2655/592/258 2807/592/258 2808/591/258
f 2640/607/258 2639/608/258 2791/608/258 2792/607/258
f 2683/564/258 2682/565/258 2834/565/258 2835/564/258
f 2768/481/260 2767/482/260 2919/482/260 2920/481/260
f 2644/603/258 2643/604/258 2795/604/258 2796/603/258
f 2687/560/1503 2686/561/1503 2838/561/1503 2839/560/1503
f 2658/589/258 2657/590/258 2809/590/258 2810/589/258
f 2648/599/258 2647/600/258 2799/600/258 2800/599/258
f 2691/556/258 2690/557/258 2842/557/258 2843/556/258
f 2772/477/258 2771/478/258 2923/478/258 2924/477/258
f 2652/595/258 2651/596/258 2803/596/258 2804/595/258
f 2695/552/258 2694/553/258 2846/553/258 2847/552/258
f 2661/586/258 2660/587/258 2812/587/258 2813/586/258
f 2655/592/1501 2654/593/1501 2806/593/1501 2807/592/1501
f 2699/548/258 2698/549/258 2850/549/258 2851/548/258
f 2776/473/260 2775/474/260 2927/474/260 2928/473/260
f 2660/587/258 2659/588/258 2811/588/258 2812/587/258
f 2705/542/258 2704/543/258 2856/543/258 2857/542/258
f 2671/576/258 2670/577/258 2822/577/258 2823/576/258
f 2664/583/258 2663/584/258 2815/584/258 2816/583/258
f 2778/471/260 2777/472/260 2929/472/260 2930/471/260
f 2669/578/258 2668/579/258 2820/579/258 2821/578/258
f 2668/579/258 2667/580/258 2819/580/258 2820/579/258
f 2634/611/258 2633/466/258 2785/466/258 2786/611/258
f 2780/469/258 2779/470/258 2931/470/258 2932/469/258
f 2672/575/258 2671/576/258 2823/576/258 2824/575/258
f 2638/609/260 2637/610/260 2789/610/260 2790/609/260
f 2663/584/258 2662/585/258 2814/585/258 2815/584/258
f 2676/571/258 2675/572/258 2827/572/258 2828/571/258
f 2642/605/258 2641/606/258 2793/606/258 2794/605/258
f 2665/582/258 2664/583/258 2816/583/258 2817/582/258
f 2680/567/258 2679/568/258 2831/568/258 2832/567/258
f 2646/601/258 2645/602/258 2797/602/258 2798/601/258
f 2667/580/258 2666/581/258 2818/581/258 2819/580/258
f 2684/563/258 2683/564/258 2835/564/258 2836/563/258
f 2650/597/258 2649/598/258 2801/598/258 2802/597/258
f 2673/574/258 2672/575/258 2824/575/258 2825/574/258
f 2688/559/258 2687/560/258 2839/560/258 2840/559/258
f 2654/593/258 2653/594/258 2805/594/258 2806/593/258
f 2675/572/258 2674/573/258 2826/573/258 2827/572/258
f 2711/536/258 2710/537/258 2862/537/258 2863/536/258
f 2657/590/258 2656/591/258 2808/591/258 2809/590/258
f 2677/570/258 2676/571/258 2828/571/258 2829/570/258
f 2692/555/1505 2691/556/1505 2843/556/1505 2844/555/1505
f 2662/585/258 2661/586/258 2813/586/258 2814/585/258
f 2681/566/258 2680/567/258 2832/567/258 2833/566/258
f 2715/532/258 2714/533/258 2866/533/258 2867/532/258
f 2666/581/258 2665/582/258 2817/582/258 2818/581/258
f 2685/562/258 2684/563/258 2836/563/258 2837/562/258
f 2696/551/1506 2695/552/1506 2847/552/1506 2848/551/1506
f 2670/577/258 2669/578/258 2821/578/258 2822/577/258
f 2689/558/258 2688/559/258 2840/559/258 2841/558/258
f 2719/528/1506 2718/529/1506 2870/529/1506 2871/528/1506
f 2674/573/258 2673/574/258 2825/574/258 2826/573/258
f 2700/547/258 2699/548/258 2851/548/258 2852/547/258
f 2678/569/258 2677/570/258 2829/570/258 2830/569/258
f 2723/524/260 2722/525/260 2874/525/260 2875/524/260
f 2682/565/258 2681/566/258 2833/566/258 2834/565/258
f 2707/540/1506 2706/541/1506 2858/541/1506 2859/540/1506
f 2704/543/258 2703/544/258 2855/544/258 2856/543/258
f 2686/561/258 2685/562/258 2837/562/258 2838/561/258
f 2709/538/258 2708/539/258 2860/539/258 2861/538/258
f 2731/516/260 2730/517/260 2882/517/260 2883/516/260
f 2690/557/1506 2689/558/1506 2841/558/1506 2842/557/1506
f 2713/534/258 2712/535/258 2864/535/258 2865/534/258
f 2708/539/258 2707/540/258 2859/540/258 2860/539/258
f 2694/553/258 2693/554/258 2845/554/258 2846/553/258
f 2717/530/258 2716/531/258 2868/531/258 2869/530/258
f 2735/512/258 2734/513/258 2886/513/258 2887/512/258
f 2698/549/258 2697/550/258 2849/550/258 2850/549/258
f 2721/526/1506 2720/527/1506 2872/527/1506 2873/526/1506
f 2712/535/258 2711/536/258 2863/536/258 2864/535/258
f 2702/545/1506 2701/546/1506 2853/546/1506 2854/545/1506
f 2725/522/1506 2724/523/1506 2876/523/1506 2877/522/1506
f 2729/518/258 2728/519/258 2880/519/258 2881/518/258
f 2706/541/258 2705/542/258 2857/542/258 2858/541/258
f 2733/514/260 2732/515/260 2884/515/260 2885/514/260
f 2716/531/1506 2715/532/1506 2867/532/1506 2868/531/1506
f 2710/537/1506 2709/538/1506 2861/538/1506 2862/537/1506
f 2629/467/1507 2780/469/1507 2932/469/1507 2781/467/1507
f 2631/612/258 2630/468/258 2782/468/258 2783/612/258
f 2714/533/258 2713/534/258 2865/534/258 2866/533/258
f 2727/520/258 2726/521/258 2878/521/258 2879/520/258
f 2720/527/258 2719/528/258 2871/528/258 2872/527/258
f 2718/529/258 2717/530/258 2869/530/258 2870/529/258
f 2737/510/258 2736/511/258 2888/511/258 2889/510/258
f 2637/610/258 2636/464/258 2788/464/258 2789/610/258
f 3023/528/1508 3022/529/1508 3174/529/1508 3175/528/1508
f 2886/513/1509 2885/514/1509 3037/514/1509 3038/513/1509
f 2894/505/1510 2893/506/1510 3045/506/1510 3046/505/1510
f 2901/498/1511 2900/499/1511 3052/499/1511 3053/498/1511
f 2793/606/1512 2792/607/1512 2944/607/1512 2945/606/1512
f 2898/501/1513 2897/502/1513 3049/502/1513 3050/501/1513
f 2903/462/1514 2902/497/1514 3054/497/1514 3055/462/1514
f 2890/509/1515 2889/510/1515 3041/510/1515 3042/509/1515
f 2902/497/1516 2901/498/1516 3053/498/1516 3054/497/1516
f 2905/496/1517 2904/461/1517 3056/461/1517 3057/496/1517
f 2795/604/1518 2794/605/1518 2946/605/1518 2947/604/1518
f 2906/491/1519 2905/496/1519 3057/496/1519 3058/491/1519
f 2908/495/1520 2907/492/1520 3059/492/1520 3060/495/1520
f 2892/507/1521 2891/508/1521 3043/508/1521 3044/507/1521
f 2911/490/1522 2910/493/1522 3062/493/1522 3063/490/1522
f 2910/493/1523 2909/494/1523 3061/494/1523 3062/493/1523
f 2797/602/1524 2796/603/1524 2948/603/1524 2949/602/1524
f 2914/487/1525 2913/488/1525 3065/488/1525 3066/487/1525
f 2907/492/1526 2906/491/1526 3058/491/1526 3059/492/1526
f 2896/503/1527 2895/504/1527 3047/504/1527 3048/503/1527
f 2918/483/1528 2917/484/1528 3069/484/1528 3070/483/1528
f 2913/488/1529 2912/489/1529 3064/489/1529 3065/488/1529
f 2799/600/1530 2798/601/1530 2950/601/1530 2951/600/1530
f 2922/479/1531 2921/480/1531 3073/480/1531 3074/479/1531
f 2923/478/1532 2922/479/1532 3074/479/1532 3075/478/1532
f 2900/499/1533 2899/500/1533 3051/500/1533 3052/499/1533
f 2926/475/1534 2925/476/1534 3077/476/1534 3078/475/1534
f 2915/486/1535 2914/487/1535 3066/487/1535 3067/486/1535
f 2801/598/1536 2800/599/1536 2952/599/1536 2953/598/1536
f 2782/468/1537 2781/467/1537 2933/467/1537 2934/468/1537
f 2917/484/1538 2916/485/1538 3068/485/1538 3069/484/1538
f 2904/461/1539 2903/462/1539 3055/462/1539 3056/461/1539
f 2785/466/1540 2784/465/1540 2936/465/1540 2937/466/1540
f 2919/482/1541 2918/483/1541 3070/483/1541 3071/482/1541
f 2803/596/1542 2802/597/1542 2954/597/1542 2955/596/1542
f 2849/550/1543 2848/551/1543 3000/551/1543 3001/550/1543
f 2921/480/1544 2920/481/1544 3072/481/1544 3073/480/1544
f 2909/494/1545 2908/495/1545 3060/495/1545 3061/494/1545
f 2845/554/1546 2844/555/1546 2996/555/1546 2997/554/1546
f 2925/476/1547 2924/477/1547 3076/477/1547 3077/476/1547
f 2805/594/1548 2804/595/1548 2956/595/1548 2957/594/1548
f 2853/546/1549 2852/547/1549 3004/547/1549 3005/546/1549
f 2927/474/1550 2926/475/1550 3078/475/1550 3079/474/1550
f 2912/489/1551 2911/490/1551 3063/490/1551 3064/489/1551
f 2855/544/1552 2854/545/1552 3006/545/1552 3007/544/1552
f 2931/470/1553 2930/471/1553 3082/471/1553 3083/470/1553
f 2811/588/1554 2810/589/1554 2962/589/1554 2963/588/1554
f 2788/464/1555 2787/463/1555 2939/463/1555 2940/464/1555
f 2929/472/1556 2928/473/1556 3080/473/1556 3081/472/1556
f 2916/485/1557 2915/486/1557 3067/486/1557 3068/485/1557
f 2784/465/1558 2783/612/1558 2935/612/1558 2936/465/1558
f 2831/568/1559 2830/569/1559 2982/569/1559 2983/568/1559
f 2808/591/1560 2807/592/1560 2959/592/1560 2960/591/1560
f 2792/607/1561 2791/608/1561 2943/608/1561 2944/607/1561
f 2835/564/1562 2834/565/1562 2986/565/1562 2987/564/1562
f 2920/481/1563 2919/482/1563 3071/482/1563 3072/481/1563
f 2796/603/1564 2795/604/1564 2947/604/1564 2948/603/1564
f 2839/560/1565 2838/561/1565 2990/561/1565 2991/560/1565
f 2810/589/1566 2809/590/1566 2961/590/1566 2962/589/1566
f 2800/599/1567 2799/600/1567 2951/600/1567 2952/599/1567
f 2843/556/1568 2842/557/1568 2994/557/1568 2995/556/1568
f 2924/477/1569 2923/478/1569 3075/478/1569 3076/477/1569
f 2804/595/1570 2803/596/1570 2955/596/1570 2956/595/1570
f 2847/552/1571 2846/553/1571 2998/553/1571 2999/552/1571
f 2813/586/1572 2812/587/1572 2964/587/1572 2965/586/1572
f 2807/592/1573 2806/593/1573 2958/593/1573 2959/592/1573
f 2851/548/1574 2850/549/1574 3002/549/1574 3003/548/1574
f 2928/473/1575 2927/474/1575 3079/474/1575 3080/473/1575
f 2812/587/1576 2811/588/1576 2963/588/1576 2964/587/1576
f 2857/542/1577 2856/543/1577 3008/543/1577 3009/542/1577
f 2823/576/1578 2822/577/1578 2974/577/1578 2975/576/1578
f 2816/583/1579 2815/584/1579 2967/584/1579 2968/583/1579
f 2930/471/1580 2929/472/1580 3081/472/1580 3082/471/1580
f 2821/578/1581 2820/579/1581 2972/579/1581 2973/578/1581
f 2820/579/1582 2819/580/1582 2971/580/1582 2972/579/1582
f 2786/611/1583 2785/466/1583 2937/466/1583 2938/611/1583
f 2932/469/1584 2931/470/1584 3083/470/1584 3084/469/1584
f 2824/575/1585 2823/576/1585 2975/576/1585 2976/575/1585
f 2790/609/1586 2789/610/1586 2941/610/1586 2942/609/1586
f 2815/584/1587 2814/585/1587 2966/585/1587 2967/584/1587
f 2828/571/1588 2827/572/1588 2979/572/1588 2980/571/1588
f 2794/605/1589 2793/606/1589 2945/606/1589 2946/605/1589
f 2817/582/1590 2816/583/1590 2968/583/1590 2969/582/1590
f 2832/567/1591 2831/568/1591 2983/568/1591 2984/567/1591
f 2798/601/1592 2797/602/1592 2949/602/1592 2950/601/1592
f 2819/580/1593 2818/581/1593 2970/581/1593 2971/580/1593
f 2836/563/1594 2835/564/1594 2987/564/1594 2988/563/1594
f 2802/597/1595 2801/598/1595 2953/598/1595 2954/597/1595
f 2825/574/1596 2824/575/1596 2976/575/1596 2977/574/1596
f 2840/559/1597 2839/560/1597 2991/560/1597 2992/559/1597
f 2806/593/1598 2805/594/1598 2957/594/1598 2958/593/1598
f 2827/572/1599 2826/573/1599 2978/573/1599 2979/572/1599
f 2863/536/1600 2862/537/1600 3014/537/1600 3015/536/1600
f 2809/590/1601 2808/591/1601 2960/591/1601 2961/590/1601
f 2829/570/1602 2828/571/1602 2980/571/1602 2981/570/1602
f 2844/555/1603 2843/556/1603 2995/556/1603 2996/555/1603
f 2814/585/1604 2813/586/1604 2965/586/1604 2966/585/1604
f 2833/566/1605 2832/567/1605 2984/567/1605 2985/566/1605
f 2867/532/1606 2866/533/1606 3018/533/1606 3019/532/1606
f 2818/581/1607 2817/582/1607 2969/582/1607 2970/581/1607
f 2837/562/1608 2836/563/1608 2988/563/1608 2989/562/1608
f 2848/551/1609 2847/552/1609 2999/552/1609 3000/551/1609
f 2822/577/1610 2821/578/1610 2973/578/1610 2974/577/1610
f 2841/558/1611 2840/559/1611 2992/559/1611 2993/558/1611
f 2871/528/1612 2870/529/1612 3022/529/1612 3023/528/1612
f 2826/573/1613 2825/574/1613 2977/574/1613 2978/573/1613
f 2852/547/1614 2851/548/1614 3003/548/1614 3004/547/1614
f 2830/569/1615 2829/570/1615 2981/570/1615 2982/569/1615
f 2875/524/1616 2874/525/1616 3026/525/1616 3027/524/1616
f 2834/565/1617 2833/566/1617 2985/566/1617 2986/565/1617
f 2859/540/1618 2858/541/1618 3010/541/1618 3011/540/1618
f 2856/543/1619 2855/544/1619 3007/544/1619 3008/543/1619
f 2838/561/1620 2837/562/1620 2989/562/1620 2990/561/1620
f 2861/538/1621 2860/539/1621 3012/539/1621 3013/538/1621
f 2883/516/1622 2882/517/1622 3034/517/1622 3035/516/1622
f 2842/557/1623 2841/558/1623 2993/558/1623 2994/557/1623
f 2865/534/1624 2864/535/1624 3016/535/1624 3017/534/1624
f 2860/539/1625 2859/540/1625 3011/540/1625 3012/539/1625
f 2846/553/1626 2845/554/1626 2997/554/1626 2998/553/1626
f 2869/530/1627 2868/531/1627 3020/531/1627 3021/530/1627
f 2887/512/1628 2886/513/1628 3038/513/1628 3039/512/1628
f 2850/549/1629 2849/550/1629 3001/550/1629 3002/549/1629
f 2873/526/1630 2872/527/1630 3024/527/1630 3025/526/1630
f 2864/535/1631 2863/536/1631 3015/536/1631 3016/535/1631
f 2854/545/1632 2853/546/1632 3005/546/1632 3006/545/1632
f 2877/522/1633 2876/523/1633 3028/523/1633 3029/522/1633
f 2881/518/1634 2880/519/1634 3032/519/1634 3033/518/1634
f 2858/541/1635 2857/542/1635 3009/542/1635 3010/541/1635
f 2885/514/1636 2884/515/1636 3036/515/1636 3037/514/1636
f 2868/531/1637 2867/532/1637 3019/532/1637 3020/531/1637
f 2862/537/1638 2861/538/1638 3013/538/1638 3014/537/1638
f 2781/467/1639 2932/469/1639 3084/469/1639 2933/467/1639
f 2783/612/1640 2782/468/1640 2934/468/1640 2935/612/1640
f 2866/533/1641 2865/534/1641 3017/534/1641 3018/533/1641
f 2879/520/1642 2878/521/1642 3030/521/1642 3031/520/1642
f 2872/527/1643 2871/528/1643 3023/528/1643 3024/527/1643
f 2870/529/1644 2869/530/1644 3021/530/1644 3022/529/1644
f 2889/510/1645 2888/511/1645 3040/511/1645 3041/510/1645
f 2789/610/1646 2788/464/1646 2940/464/1646 2941/610/1646
f 2874/525/1647 2873/526/1647 3025/526/1647 3026/525/1647
f 2891/508/1648 2890/509/1648 3042/509/1648 3043/508/1648
f 2876/523/1649 2875/524/1649 3027/524/1649 3028/523/1649
f 2878/521/1650 2877/522/1650 3029/522/1650 3030/521/1650
f 2893/506/1651 2892/507/1651 3044/507/1651 3045/506/1651
f 2787/463/1652 2786/611/1652 2938/611/1652 2939/463/1652
f 2884/515/1653 2883/516/1653 3035/516/1653 3036/515/1653
f 2895/504/1654 2894/505/1654 3046/505/1654 3047/504/1654
f 2880/519/1655 2879/520/1655 3031/520/1655 3032/519/1655
f 2888/511/1656 2887/512/1656 3039/512/1656 3040/511/1656
f 2897/502/1657 2896/503/1657 3048/503/1657 3049/502/1657
f 2791/608/1658 2790/609/1658 2942/609/1658 2943/608/1658
f 2882/517/1659 2881/518/1659 3033/518/1659 3034/517/1659
f 3091/463/373 3090/611/373 3089/466/373 3088/465/373 3087/612/373 3086/468/373 3085/467/373 3236/469/373 3235/470/373 3234/471/373 3233/472/373 3232/473/373 3231/474/373 3230/475/373 3229/476/373 3228/477/373 3227/478/373 3226/479/373 3225/480/373 3224/481/373 3223/482/373 3222/483/373 3221/484/373 3220/485/373 3219/486/373 3218/487/373 3217/488/373 3216/489/373 3215/490/373 3214/493/373 3213/494/373 3212/495/373 3211/492/373 3210/491/373 3209/496/373 3208/461/373 3207/462/373 3206/497/373 3205/498/373 3204/499/373 3203/500/373 3202/501/373 3201/502/373 3200/503/373 3199/504/373 3198/505/373 3197/506/373 3196/507/373 3195/508/373 3194/509/373 3193/510/373 3192/511/373 3191/512/373 3190/513/373 3189/514/373 3188/515/373 3187/516/373 3186/517/373 3185/518/373 3184/519/373 3183/520/373 3182/521/373 3181/522/373 3180/523/373 3179/524/373 3178/525/373 3177/526/373 3176/527/373 3175/528/373 3174/529/373 3173/530/373 3172/531/373 3171/532/373 3170/533/373 3169/534/373 3168/535/373 3167/536/373 3166/537/373 3165/538/373 3164/539/373 3163/540/373 3162/541/373 3161/542/373 3160/543/373 3159/544/373 3158/545/373 3157/546/373 3156/547/373 3155/548/373 3154/549/373 3153/550/373 3152/551/373 3151/552/373 3150/553/373 3149/554/373 3148/555/373 3147/556/373 3146/557/373 3145/558/373 3144/559/373 3143/560/373 3142/561/373 3141/562/373 3140/563/373 3139/564/373 3138/565/373 3137/566/373 3136/567/373 3135/568/373 3134/569/373 3133/570/373 3132/571/373 3131/572/373 3130/573/373 3129/574/373 3128/575/373 3127/576/373 3126/577/373 3125/578/373 3124/579/373 3123/580/373 3122/581/373 3121/582/373 3120/583/373 3119/584/373 3118/585/373 3117/586/373 3116/587/373 3115/588/373 3114/589/373 3113/590/373 3112/591/373 3111/592/373 3110/593/373 3109/594/373 3108/595/373 3107/596/373 3106/597/373 3105/598/373 3104/599/373 3103/600/373 3102/601/373 3101/602/373 3100/603/373 3099/604/373 3098/605/373 3097/606/373 3096/607/373 3095/608/373 3094/609/373 3093/610/373 3092/464/373
f 2978/573/1660 2977/574/1660 3129/574/1660 3130/573/1660
f 3004/547/1661 3003/548/1661 3155/548/1661 3156/547/1661
f 2982/569/1662 2981/570/1662 3133/570/1662 3134/569/1662
f 3027/524/1663 3026/525/1663 3178/525/1663 3179/524/1663
f 2986/565/1664 2985/566/1664 3137/566/1664 3138/565/1664
f 3011/540/1665 3010/541/1665 3162/541/1665 3163/540/1665
f 3008/543/1666 3007/544/1666 3159/544/1666 3160/543/1666
f 2990/561/1667 2989/562/1667 3141/562/1667 3142/561/1667
f 3013/538/1668 3012/539/1668 3164/539/1668 3165/538/1668
f 3035/516/1669 3034/517/1669 3186/517/1669 3187/516/1669
f 2994/557/1670 2993/558/1670 3145/558/1670 3146/557/1670
f 3017/534/1671 3016/535/1671 3168/535/1671 3169/534/1671
f 3012/539/1672 3011/540/1672 3163/540/1672 3164/539/1672
f 2998/553/1673 2997/554/1673 3149/554/1673 3150/553/1673
f 3021/530/1674 3020/531/1674 3172/531/1674 3173/530/1674
f 3039/512/1675 3038/513/1675 3190/513/1675 3191/512/1675
f 3002/549/1676 3001/550/1676 3153/550/1676 3154/549/1676
f 3025/526/1677 3024/527/1677 3176/527/1677 3177/526/1677
f 3016/535/1678 3015/536/1678 3167/536/1678 3168/535/1678
f 3006/545/1679 3005/546/1679 3157/546/1679 3158/545/1679
f 3029/522/1680 3028/523/1680 3180/523/1680 3181/522/1680
f 3033/518/1681 3032/519/1681 3184/519/1681 3185/518/1681
f 3010/541/1682 3009/542/1682 3161/542/1682 3162/541/1682
f 3037/514/1683 3036/515/1683 3188/515/1683 3189/514/1683
f 3020/531/1684 3019/532/1684 3171/532/1684 3172/531/1684
f 3014/537/1685 3013/538/1685 3165/538/1685 3166/537/1685
f 2933/467/1686 3084/469/1686 3236/469/1686 3085/467/1686
f 2935/612/1687 2934/468/1687 3086/468/1687 3087/612/1687
f 3018/533/1688 3017/534/1688 3169/534/1688 3170/533/1688
f 3031/520/1689 3030/521/1689 3182/521/1689 3183/520/1689
f 3024/527/1690 3023/528/1690 3175/528/1690 3176/527/1690
f 3022/529/1691 3021/530/1691 3173/530/1691 3174/529/1691
f 3041/510/1692 3040/511/1692 3192/511/1692 3193/510/1692
f 2941/610/1693 2940/464/1693 3092/464/1693 3093/610/1693
f 3026/525/1694 3025/526/1694 3177/526/1694 3178/525/1694
f 3043/508/1695 3042/509/1695 3194/509/1695 3195/508/1695
f 3028/523/1696 3027/524/1696 3179/524/1696 3180/523/1696
f 3030/521/1697 3029/522/1697 3181/522/1697 3182/521/1697
f 3045/506/1698 3044/507/1698 3196/507/1698 3197/506/1698
f 2939/463/1699 2938/611/1699 3090/611/1699 3091/463/1699
f 3036/515/1700 3035/516/1700 3187/516/1700 3188/515/1700
f 3047/504/1701 3046/505/1701 3198/505/1701 3199/504/1701
f 3032/519/1702 3031/520/1702 3183/520/1702 3184/519/1702
f 3040/511/1703 3039/512/1703 3191/512/1703 3192/511/1703
f 3049/502/1704 3048/503/1704 3200/503/1704 3201/502/1704
f 2943/608/1705 2942/609/1705 3094/609/1705 3095/608/1705
f 3034/517/1706 3033/518/1706 3185/518/1706 3186/517/1706
f 3051/500/1707 3050/501/1707 3202/501/1707 3203/500/1707
f 3038/513/1708 3037/514/1708 3189/514/1708 3190/513/1708
f 3046/505/1709 3045/506/1709 3197/506/1709 3198/505/1709
f 3053/498/1710 3052/499/1710 3204/499/1710 3205/498/1710
f 2945/606/1711 2944/607/1711 3096/607/1711 3097/606/1711
f 3050/501/1712 3049/502/1712 3201/502/1712 3202/501/1712
f 3055/462/1713 3054/497/1713 3206/497/1713 3207/462/1713
f 3042/509/1714 3041/510/1714 3193/510/1714 3194/509/1714
f 3054/497/1715 3053/498/1715 3205/498/1715 3206/497/1715
f 3057/496/1716 3056/461/1716 3208/461/1716 3209/496/1716
f 2947/604/1717 2946/605/1717 3098/605/1717 3099/604/1717
f 3058/491/1718 3057/496/1718 3209/496/1718 3210/491/1718
f 3060/495/1719 3059/492/1719 3211/492/1719 3212/495/1719
f 3044/507/1720 3043/508/1720 3195/508/1720 3196/507/1720
f 3063/490/1721 3062/493/1721 3214/493/1721 3215/490/1721
f 3062/493/1722 3061/494/1722 3213/494/1722 3214/493/1722
f 2949/602/1723 2948/603/1723 3100/603/1723 3101/602/1723
f 3066/487/1724 3065/488/1724 3217/488/1724 3218/487/1724
f 3059/492/1725 3058/491/1725 3210/491/1725 3211/492/1725
f 3048/503/1726 3047/504/1726 3199/504/1726 3200/503/1726
f 3070/483/1727 3069/484/1727 3221/484/1727 3222/483/1727
f 3065/488/1728 3064/489/1728 3216/489/1728 3217/488/1728
f 2951/600/1729 2950/601/1729 3102/601/1729 3103/600/1729
f 3074/479/1730 3073/480/1730 3225/480/1730 3226/479/1730
f 3075/478/1731 3074/479/1731 3226/479/1731 3227/478/1731
f 3052/499/1732 3051/500/1732 3203/500/1732 3204/499/1732
f 3078/475/1733 3077/476/1733 3229/476/1733 3230/475/1733
f 3067/486/1734 3066/487/1734 3218/487/1734 3219/486/1734
f 2953/598/1735 2952/599/1735 3104/599/1735 3105/598/1735
f 2934/468/1736 2933/467/1736 3085/467/1736 3086/468/1736
f 3069/484/1737 3068/485/1737 3220/485/1737 3221/484/1737
f 3056/461/1738 3055/462/1738 3207/462/1738 3208/461/1738
f 2937/466/1739 2936/465/1739 3088/465/1739 3089/466/1739
f 3071/482/1740 3070/483/1740 3222/483/1740 3223/482/1740
f 2955/596/1741 2954/597/1741 3106/597/1741 3107/596/1741
f 3001/550/1742 3000/551/1742 3152/551/1742 3153/550/1742
f 3073/480/1743 3072/481/1743 3224/481/1743 3225/480/1743
f 3061/494/1744 3060/495/1744 3212/495/1744 3213/494/1744
f 2997/554/1745 2996/555/1745 3148/555/1745 3149/554/1745
f 3077/476/1746 3076/477/1746 3228/477/1746 3229/476/1746
f 2957/594/1747 2956/595/1747 3108/595/1747 3109/594/1747
f 3005/546/1748 3004/547/1748 3156/547/1748 3157/546/1748
f 3079/474/1749 3078/475/1749 3230/475/1749 3231/474/1749
f 3064/489/1750 3063/490/1750 3215/490/1750 3216/489/1750
f 3007/544/1751 3006/545/1751 3158/545/1751 3159/544/1751
f 3083/470/1752 3082/471/1752 3234/471/1752 3235/470/1752
f 2963/588/1753 2962/589/1753 3114/589/1753 3115/588/1753
f 2940/464/1754 2939/463/1754 3091/463/1754 3092/464/1754
f 3081/472/1755 3080/473/1755 3232/473/1755 3233/472/1755
f 3068/485/1756 3067/486/1756 3219/486/1756 3220/485/1756
f 2936/465/1757 2935/612/1757 3087/612/1757 3088/465/1757
f 2983/568/1758 2982/569/1758 3134/569/1758 3135/568/1758
f 2960/591/1759 2959/592/1759 3111/592/1759 3112/591/1759
f 2944/607/1760 2943/608/1760 3095/608/1760 3096/607/1760
f 2987/564/1761 2986/565/1761 3138/565/1761 3139/564/1761
f 3072/481/1762 3071/482/1762 3223/482/1762 3224/481/1762
f 2948/603/1763 2947/604/1763 3099/604/1763 3100/603/1763
f 2991/560/1764 2990/561/1764 3142/561/1764 3143/560/1764
f 2962/589/1765 2961/590/1765 3113/590/1765 3114/589/1765
f 2952/599/1766 2951/600/1766 3103/600/1766 3104/599/1766
f 2995/556/1767 2994/557/1767 3146/557/1767 3147/556/1767
f 3076/477/1768 3075/478/1768 3227/478/1768 3228/477/1768
f 2956/595/1769 2955/596/1769 3107/596/1769 3108/595/1769
f 2999/552/1770 2998/553/1770 3150/553/1770 3151/552/1770
f 2965/586/1771 2964/587/1771 3116/587/1771 3117/586/1771
f 2959/592/1772 2958/593/1772 3110/593/1772 3111/592/1772
f 3003/548/1773 3002/549/1773 3154/549/1773 3155/548/1773
f 3080/473/1774 3079/474/1774 3231/474/1774 3232/473/1774
f 2964/587/1775 2963/588/1775 3115/588/1775 3116/587/1775
f 3009/542/1776 3008/543/1776 3160/543/1776 3161/542/1776
f 2975/576/1777 2974/577/1777 3126/577/1777 3127/576/1777
f 2968/583/1778 2967/584/1778 3119/584/1778 3120/583/1778
f 3082/471/1779 3081/472/1779 3233/472/1779 3234/471/1779
f 2973/578/1780 2972/579/1780 3124/579/1780 3125/578/1780
f 2972/579/1781 2971/580/1781 3123/580/1781 3124/579/1781
f 2938/611/1782 2937/466/1782 3089/466/1782 3090/611/1782
f 3084/469/1783 3083/470/1783 3235/470/1783 3236/469/1783
f 2976/575/1784 2975/576/1784 3127/576/1784 3128/575/1784
f 2942/609/1785 2941/610/1785 3093/610/1785 3094/609/1785
f 2967/584/1786 2966/585/1786 3118/585/1786 3119/584/1786
f 2980/571/1787 2979/572/1787 3131/572/1787 3132/571/1787
f 2946/605/1788 2945/606/1788 3097/606/1788 3098/605/1788
f 2969/582/1789 2968/583/1789 3120/583/1789 3121/582/1789
f 2984/567/1790 2983/568/1790 3135/568/1790 3136/567/1790
f 2950/601/1791 2949/602/1791 3101/602/1791 3102/601/1791
f 2971/580/1792 2970/581/1792 3122/581/1792 3123/580/1792
f 2988/563/1793 2987/564/1793 3139/564/1793 3140/563/1793
f 2954/597/1794 2953/598/1794 3105/598/1794 3106/597/1794
f 2977/574/1795 2976/575/1795 3128/575/1795 3129/574/1795
f 2992/559/1796 2991/560/1796 3143/560/1796 3144/559/1796
f 2958/593/1797 2957/594/1797 3109/594/1797 3110/593/1797
f 2979/572/1798 2978/573/1798 3130/573/1798 3131/572/1798
f 3015/536/1799 3014/537/1799 3166/537/1799 3167/536/1799
f 2961/590/1800 2960/591/1800 3112/591/1800 3113/590/1800
f 2981/570/1801 2980/571/1801 3132/571/1801 3133/570/1801
f 2996/555/1802 2995/556/1802 3147/556/1802 3148/555/1802
f 2966/585/1803 2965/586/1803 3117/586/1803 3118/585/1803
f 2985/566/1804 2984/567/1804 3136/567/1804 3137/566/1804
f 3019/532/1805 3018/533/1805 3170/533/1805 3171/532/1805
f 2970/581/1806 2969/582/1806 3121/582/1806 3122/581/1806
f 2989/562/1807 2988/563/1807 3140/563/1807 3141/562/1807
f 3000/551/1808 2999/552/1808 3151/552/1808 3152/551/1808
f 2974/577/1809 2973/578/1809 3125/578/1809 3126/577/1809
f 2993/558/1810 2992/559/1810 3144/559/1810 3145/558/1810
f 844/255/373 843/277/373 3275/277/373 3276/255/373
f 873/187/373 872/201/373 3304/201/373 3305/187/373
f 850/299/373 849/219/373 3281/219/373 3282/299/373
f 861/263/373 860/235/373 3292/235/373 3293/263/373
f 949/184/373 948/185/373 3380/185/373 3381/184/373
f 839/257/373 838/270/373 3270/270/373 3271/257/373
f 856/190/373 855/191/373 3287/191/373 3288/190/373
f 938/282/373 937/246/373 3369/246/373 3370/282/373
f 941/261/373 940/237/373 3372/237/373 3373/261/373
f 854/293/373 853/172/373 3285/172/373 3286/293/373
f 862/262/373 861/263/373 3293/263/373 3294/262/373
f 870/215/373 869/216/373 3301/216/373 3302/215/373
f 868/232/373 867/233/373 3299/233/373 3300/232/373
f 855/191/373 854/293/373 3286/293/373 3287/191/373
f 952/2/373 951/3/373 3383/3/373 3384/2/373
f 874/186/373 873/187/373 3305/187/373 3306/186/373
f 907/158/373 906/229/373 3338/229/373 3339/158/373
f 860/235/373 859/236/373 3291/236/373 3292/235/373
f 880/203/373 879/204/373 3311/204/373 3312/203/373
f 869/216/373 868/232/373 3300/232/373 3301/216/373
f 906/229/373 905/297/373 3337/297/373 3338/229/373
f 886/252/373 885/306/373 3317/306/373 3318/252/373
f 849/219/373 848/220/373 3280/220/373 3281/219/373
f 807/162/373 806/178/373 3238/178/373 3239/162/373
f 955/248/373 954/205/373 3386/205/373 3387/248/373
f 892/227/373 891/228/373 3323/228/373 3324/227/373
f 942/260/373 941/261/373 3373/261/373 3374/260/373
f 866/244/373 865/245/373 3297/245/373 3298/244/373
f 898/194/373 897/302/373 3329/302/373 3330/194/373
f 904/240/373 903/182/373 3335/182/373 3336/240/373
f 840/256/373 839/257/373 3271/257/373 3272/256/373
f 843/277/373 842/242/373 3274/242/373 3275/277/373
f 945/231/373 944/265/373 3376/265/373 3377/231/373
f 833/287/373 832/174/373 3264/174/373 3265/287/373
f 910/163/373 909/164/373 3341/164/373 3342/163/373
f 937/246/373 936/192/373 3368/192/373 3369/246/373
f 872/201/373 871/202/373 3303/202/373 3304/201/373
f 916/223/373 915/224/373 3347/224/373 3348/223/373
f 876/160/373 875/169/373 3307/169/373 3308/160/373
f 922/226/373 921/195/373 3353/195/373 3354/226/373
f 837/271/373 836/221/373 3268/221/373 3269/271/373
f 901/301/373 900/268/373 3332/268/373 3333/301/373
f 933/272/373 932/273/373 3364/273/373 3365/272/373
f 928/291/373 927/259/373 3359/259/373 3360/291/373
f 912/176/373 911/177/373 3343/177/373 3344/176/373
f 878/300/373 877/159/373 3309/159/373 3310/300/373
f 934/171/373 933/272/373 3365/272/373 3366/171/373
f 810/296/1180 809/275/1180 3241/275/1180 3242/296/1180
f 940/237/373 939/238/373 3371/238/373 3372/237/373
f 831/175/373 830/234/373 3262/234/373 3263/175/373
f 935/170/373 934/171/373 3366/171/373 3367/170/373
f 946/230/373 945/231/373 3377/231/373 3378/230/373
f 863/254/373 862/262/373 3294/262/373 3295/254/373
f 884/288/373 883/289/373 3315/289/373 3316/288/373
f 950/294/373 949/184/373 3381/184/373 3382/294/373
f 948/185/373 947/285/373 3379/285/373 3380/185/373
f 953/206/373 952/2/373 3384/2/373 3385/206/373
f 846/199/373 845/200/373 3277/200/373 3278/199/373
f 825/168/373 824/286/373 3256/286/373 3257/168/373
f 927/259/373 926/197/373 3358/197/373 3359/259/373
f 827/274/373 826/167/373 3258/167/373 3259/274/373
f 956/247/373 955/248/373 3387/248/373 3388/247/373
f 929/295/373 928/291/373 3360/291/373 3361/295/373
f 890/267/373 889/305/373 3321/305/373 3322/267/373
f 943/266/373 942/260/373 3374/260/373 3375/266/373
f 895/218/373 894/239/373 3326/239/373 3327/218/373
f 882/307/373 881/214/373 3313/214/373 3314/307/373
f 939/238/373 938/282/373 3370/282/373 3371/238/373
f 819/209/373 818/210/373 3250/210/373 3251/209/373
f 918/276/373 917/241/373 3349/241/373 3350/276/373
f 921/195/373 920/196/373 3352/196/373 3353/195/373
f 931/279/373 930/280/373 3362/280/373 3363/279/373
f 816/212/373 815/249/373 3247/249/373 3248/212/373
f 896/217/373 895/218/373 3327/218/373 3328/217/373
f 925/198/373 924/278/373 3356/278/373 3357/198/373
f 919/258/373 918/276/373 3350/276/373 3351/258/373
f 813/251/373 812/207/373 3244/207/373 3245/251/373
f 885/306/373 884/288/373 3316/288/373 3317/306/373
f 915/224/373 914/269/373 3346/269/373 3347/224/373
f 857/284/373 856/190/373 3288/190/373 3289/284/373
f 902/183/373 901/301/373 3333/301/373 3334/183/373
f 909/164/373 908/157/373 3340/157/373 3341/164/373
f 951/3/373 950/294/373 3382/294/373 3383/3/373
f 903/182/373 902/183/373 3334/183/373 3335/182/373
f 852/173/373 851/298/373 3283/298/373 3284/173/373
f 805/179/373 956/304/373 3388/304/373 3237/179/373
f 911/177/373 910/163/373 3342/163/373 3343/177/373
f 821/165/373 820/166/373 3252/166/373 3253/165/373
f 897/302/373 896/217/373 3328/217/373 3329/302/373
f 923/225/373 922/226/373 3354/226/373 3355/225/373
f 908/157/373 907/158/373 3339/158/373 3340/157/373
f 891/228/373 890/267/373 3322/267/373 3323/228/373
f 889/305/373 888/180/373 3320/180/373 3321/305/373
f 888/180/373 887/181/373 3319/181/373 3320/180/373
f 883/289/373 882/307/373 3314/307/373 3315/289/373
f 924/278/373 923/225/373 3355/225/373 3356/278/373
f 905/297/373 904/240/373 3336/240/373 3337/297/373
f 877/159/373 876/160/373 3308/160/373 3309/159/373
f 806/178/1180 805/179/1180 3237/179/1180 3238/178/1180
f 822/213/373 821/165/373 3253/165/373 3254/213/373
f 914/269/373 913/292/373 3345/292/373 3346/269/373
f 871/202/373 870/215/373 3302/215/373 3303/202/373
f 865/245/373 864/253/373 3296/253/373 3297/245/373
f 812/207/373 811/208/373 3243/208/373 3244/207/373
f 899/193/373 898/194/373 3330/194/373 3331/193/373
f 859/236/373 858/283/373 3290/283/373 3291/236/373
f 851/298/373 850/299/373 3282/299/373 3283/298/373
f 920/196/373 919/258/373 3351/258/373 3352/196/373
f 853/172/373 852/173/373 3284/173/373 3285/172/373
f 954/205/373 953/206/373 3385/206/373 3386/205/373
f 818/210/373 817/211/373 3249/211/373 3250/210/373
f 847/290/373 846/199/373 3278/199/373 3279/290/373
f 858/283/373 857/284/373 3289/284/373 3290/283/373
f 893/303/373 892/227/373 3324/227/373 3325/303/373
f 815/249/373 814/281/373 3246/281/373 3247/249/373
f 830/234/373 829/188/373 3261/188/373 3262/234/373
f 841/243/373 840/256/373 3272/256/373 3273/243/373
f 917/241/373 916/223/373 3348/223/373 3349/241/373
f 835/222/373 834/264/373 3266/264/373 3267/222/373
f 824/286/373 823/250/373 3255/250/373 3256/286/373
f 881/214/373 880/203/373 3312/203/373 3313/214/373
f 894/239/373 893/303/373 3325/303/373 3326/239/373
f 829/188/373 828/189/373 3260/189/373 3261/188/373
f 930/280/373 929/295/373 3361/295/373 3362/280/373
f 887/181/1180 886/252/1180 3318/252/1180 3319/181/1180
f 823/250/373 822/213/373 3254/213/373 3255/250/373
f 817/211/373 816/212/373 3248/212/373 3249/211/373
f 828/189/373 827/274/373 3259/274/373 3260/189/373
f 811/208/373 810/296/373 3242/296/373 3243/208/373
f 932/273/373 931/279/373 3363/279/373 3364/273/373
f 834/264/373 833/287/373 3265/287/373 3266/264/373
f 879/204/373 878/300/373 3310/300/373 3311/204/373
f 926/197/373 925/198/373 3357/198/373 3358/197/373
f 845/200/373 844/255/373 3276/255/373 3277/200/373
f 947/285/373 946/230/373 3378/230/373 3379/285/373
f 836/221/373 835/222/373 3267/222/373 3268/221/373
f 808/161/373 807/162/373 3239/162/373 3240/161/373
f 864/253/373 863/254/373 3295/254/373 3296/253/373
f 814/281/373 813/251/373 3245/251/373 3246/281/373
f 875/169/373 874/186/373 3306/186/373 3307/169/373
f 809/275/373 808/161/373 3240/161/373 3241/275/373
f 936/192/373 935/170/373 3367/170/373 3368/192/373
f 820/166/373 819/209/373 3251/209/373 3252/166/373
f 913/292/373 912/176/373 3344/176/373 3345/292/373
f 842/242/373 841/243/373 3273/243/373 3274/242/373
f 826/167/373 825/168/373 3257/168/373 3258/167/373
f 900/268/373 899/193/373 3331/193/373 3332/268/373
f 832/174/373 831/175/373 3263/175/373 3264/174/373
f 867/233/373 866/244/373 3298/244/373 3299/233/373
f 944/265/373 943/266/373 3375/266/373 3376/265/373
f 838/270/373 837/271/373 3269/271/373 3270/270/373
f 3353/195/1811 3352/196/1811 3504/196/1811 3505/195/1811
f 3383/3/1812 3382/294/1812 3534/294/1812 3535/3/1812
f 3282/299/1813 3281/219/1813 3433/219/1813 3434/299/1813
f 3317/306/1814 3316/288/1814 3468/288/1814 3469/306/1814
f 3284/173/1815 3283/298/1815 3435/298/1815 3436/173/1815
f 3288/190/1816 3287/191/1816 3439/191/1816 3440/190/1816
f 3343/177/1817 3342/163/1817 3494/163/1817 3495/177/1817
f 3283/298/1818 3282/299/1818 3434/299/1818 3435/298/1818
f 3294/262/1819 3293/263/1819 3445/263/1819 3446/262/1819
f 3337/297/1820 3336/240/1820 3488/240/1820 3489/297/1820
f 3386/205/1821 3385/206/1821 3537/206/1821 3538/205/1821
f 3300/232/1822 3299/233/1822 3451/233/1822 3452/232/1822
f 3331/193/1823 3330/194/1823 3482/194/1823 3483/193/1823
f 3290/283/1824 3289/284/1824 3441/284/1824 3442/283/1824
f 3306/186/1825 3305/187/1825 3457/187/1825 3458/186/1825
f 3325/303/1826 3324/227/1826 3476/227/1826 3477/303/1826
f 3277/200/1827 3276/255/1827 3428/255/1827 3429/200/1827
f 3312/203/1828 3311/204/1828 3463/204/1828 3464/203/1828
f 3319/181/1829 3318/252/1829 3470/252/1829 3471/181/1829
f 3379/285/1830 3378/230/1830 3530/230/1830 3531/285/1830
f 3318/252/1831 3317/306/1831 3469/306/1831 3470/252/1831
f 3311/204/1832 3310/300/1832 3462/300/1832 3463/204/1832
f 3296/253/1833 3295/254/1833 3447/254/1833 3448/253/1833
f 3324/227/1834 3323/228/1834 3475/228/1834 3476/227/1834
f 3307/169/1835 3306/186/1835 3458/186/1835 3459/169/1835
f 3271/257/1836 3270/270/1836 3422/270/1836 3423/257/1836
f 3330/194/1837 3329/302/1837 3481/302/1837 3482/194/1837
f 3299/233/1838 3298/244/1838 3450/244/1838 3451/233/1838
f 3373/261/1839 3372/237/1839 3524/237/1839 3525/261/1839
f 3336/240/1840 3335/182/1840 3487/182/1840 3488/240/1840
f 3293/263/1841 3292/235/1841 3444/235/1841 3445/263/1841
f 3302/215/1842 3301/216/1842 3453/216/1842 3454/215/1842
f 3342/163/1843 3341/164/1843 3493/164/1843 3494/163/1843
f 3287/191/1844 3286/293/1844 3438/293/1844 3439/191/1844
f 3265/287/1845 3264/174/1845 3416/174/1845 3417/287/1845
f 3348/223/1846 3347/224/1846 3499/224/1846 3500/223/1846
f 3281/219/1847 3280/220/1847 3432/220/1847 3433/219/1847
f 3369/246/1848 3368/192/1848 3520/192/1848 3521/246/1848
f 3354/226/1849 3353/195/1849 3505/195/1849 3506/226/1849
f 3275/277/1850 3274/242/1850 3426/242/1850 3427/277/1850
f 3308/160/1851 3307/169/1851 3459/169/1851 3460/160/1851
f 3360/291/1852 3359/259/1852 3511/259/1852 3512/291/1852
f 3269/271/1853 3268/221/1853 3420/221/1853 3421/271/1853
f 3259/274/1854 3258/167/1854 3410/167/1854 3411/274/1854
f 3366/171/1855 3365/272/1855 3517/272/1855 3518/171/1855
f 3263/175/1856 3262/234/1856 3414/234/1856 3415/175/1856
f 3361/295/1857 3360/291/1857 3512/291/1857 3513/295/1857
f 3372/237/1858 3371/238/1858 3523/238/1858 3524/237/1858
f 3257/168/1859 3256/286/1859 3408/286/1859 3409/168/1859
f 3314/307/1860 3313/214/1860 3465/214/1860 3466/307/1860
f 3378/230/1861 3377/231/1861 3529/231/1861 3530/230/1861
f 3251/209/1862 3250/210/1862 3402/210/1862 3403/209/1862
f 3253/165/1863 3252/166/1863 3404/166/1863 3405/165/1863
f 3382/294/1864 3381/184/1864 3533/184/1864 3534/294/1864
f 3245/251/1865 3244/207/1865 3396/207/1865 3397/251/1865
f 3355/225/1866 3354/226/1866 3506/226/1866 3507/225/1866
f 3385/206/1867 3384/2/1867 3536/2/1867 3537/206/1867
f 3237/179/1868 3388/304/1868 3540/304/1868 3389/179/1868
f 3320/180/1869 3319/181/1869 3471/181/1869 3472/180/1869
f 3388/247/1870 3387/248/1870 3539/248/1870 3540/247/1870
f 3238/178/1871 3237/179/1871 3389/179/1871 3390/178/1871
f 3247/249/1872 3246/281/1872 3398/281/1872 3399/249/1872
f 3375/266/1873 3374/260/1873 3526/260/1873 3527/266/1873
f 3244/207/1874 3243/208/1874 3395/208/1874 3396/207/1874
f 3349/241/1875 3348/223/1875 3500/223/1875 3501/241/1875
f 3371/238/1876 3370/282/1876 3522/282/1876 3523/238/1876
f 3250/210/1877 3249/211/1877 3401/211/1877 3402/210/1877
f 3326/239/1878 3325/303/1878 3477/303/1878 3478/239/1878
f 3363/279/1879 3362/280/1879 3514/280/1879 3515/279/1879
f 3256/286/1880 3255/250/1880 3407/250/1880 3408/286/1880
f 3241/275/1881 3240/161/1881 3392/161/1881 3393/275/1881
f 3357/198/1882 3356/278/1882 3508/278/1882 3509/198/1882
f 3260/189/1883 3259/274/1883 3411/274/1883 3412/189/1883
f 3345/292/1884 3344/176/1884 3496/176/1884 3497/292/1884
f 3351/258/1885 3350/276/1885 3502/276/1885 3503/258/1885
f 3268/221/1886 3267/222/1886 3419/222/1886 3420/221/1886
f 3332/268/1887 3331/193/1887 3483/193/1887 3484/268/1887
f 3347/224/1888 3346/269/1888 3498/269/1888 3499/224/1888
f 3274/242/1889 3273/243/1889 3425/243/1889 3426/242/1889
f 3339/158/1890 3338/229/1890 3490/229/1890 3491/158/1890
f 3341/164/1891 3340/157/1891 3492/157/1891 3493/164/1891
f 3280/220/1892 3279/290/1892 3431/290/1892 3432/220/1892
f 3338/229/1893 3337/297/1893 3489/297/1893 3490/229/1893
f 3335/182/1894 3334/183/1894 3486/183/1894 3487/182/1894
f 3286/293/1895 3285/172/1895 3437/172/1895 3438/293/1895
f 3239/162/1896 3238/178/1896 3390/178/1896 3391/162/1896
f 3329/302/1897 3328/217/1897 3480/217/1897 3481/302/1897
f 3292/235/1898 3291/236/1898 3443/236/1898 3444/235/1898
f 3333/301/1899 3332/268/1899 3484/268/1899 3485/301/1899
f 3323/228/1900 3322/267/1900 3474/267/1900 3475/228/1900
f 3298/244/1901 3297/245/1901 3449/245/1901 3450/244/1901
f 3344/176/1902 3343/177/1902 3495/177/1902 3496/176/1902
f 3315/289/1903 3314/307/1903 3466/307/1903 3467/289/1903
f 3304/201/1904 3303/202/1904 3455/202/1904 3456/201/1904
f 3242/296/1905 3241/275/1905 3393/275/1905 3394/296/1905
f 3309/159/1906 3308/160/1906 3460/160/1906 3461/159/1906
f 3310/300/1907 3309/159/1907 3461/159/1907 3462/300/1907
f 3327/218/1908 3326/239/1908 3478/239/1908 3479/218/1908
f 3303/202/1909 3302/215/1909 3454/215/1909 3455/202/1909
f 3316/288/1910 3315/289/1910 3467/289/1910 3468/288/1910
f 3350/276/1911 3349/241/1911 3501/241/1911 3502/276/1911
f 3297/245/1912 3296/253/1912 3448/253/1912 3449/245/1912
f 3322/267/1913 3321/305/1913 3473/305/1913 3474/267/1913
f 3248/212/1914 3247/249/1914 3399/249/1914 3400/212/1914
f 3291/236/1915 3290/283/1915 3442/283/1915 3443/236/1915
f 3328/217/1916 3327/218/1916 3479/218/1916 3480/217/1916
f 3321/305/1917 3320/180/1917 3472/180/1917 3473/305/1917
f 3285/172/1918 3284/173/1918 3436/173/1918 3437/172/1918
f 3334/183/1919 3333/301/1919 3485/301/1919 3486/183/1919
f 3356/278/1920 3355/225/1920 3507/225/1920 3508/278/1920
f 3279/290/1921 3278/199/1921 3430/199/1921 3431/290/1921
f 3340/157/1922 3339/158/1922 3491/158/1922 3492/157/1922
f 3254/213/1923 3253/165/1923 3405/165/1923 3406/213/1923
f 3273/243/1924 3272/256/1924 3424/256/1924 3425/243/1924
f 3346/269/1925 3345/292/1925 3497/292/1925 3498/269/1925
f 3313/214/1926 3312/203/1926 3464/203/1926 3465/214/1926
f 3267/222/1927 3266/264/1927 3418/264/1927 3419/222/1927
f 3352/196/1928 3351/258/1928 3503/258/1928 3504/196/1928
f 3362/280/1929 3361/295/1929 3513/295/1929 3514/280/1929
f 3261/188/1930 3260/189/1930 3412/189/1930 3413/188/1930
f 3262/234/1931 3261/188/1931 3413/188/1931 3414/234/1931
f 3364/273/1932 3363/279/1932 3515/279/1932 3516/273/1932
f 3255/250/1933 3254/213/1933 3406/213/1933 3407/250/1933
f 3305/187/1934 3304/201/1934 3456/201/1934 3457/187/1934
f 3358/197/1935 3357/198/1935 3509/198/1935 3510/197/1935
f 3249/211/1936 3248/212/1936 3400/212/1936 3401/211/1936
f 3370/282/1937 3369/246/1937 3521/246/1937 3522/282/1937
f 3368/192/1938 3367/170/1938 3519/170/1938 3520/192/1938
f 3243/208/1939 3242/296/1939 3394/296/1939 3395/208/1939
f 3376/265/1940 3375/266/1940 3527/266/1940 3528/265/1940
f 3266/264/1941 3265/287/1941 3417/287/1941 3418/264/1941
f 3381/184/1942 3380/185/1942 3532/185/1942 3533/184/1942
f 3301/216/1943 3300/232/1943 3452/232/1943 3453/216/1943
f 3240/161/1944 3239/162/1944 3391/162/1944 3392/161/1944
f 3384/2/1945 3383/3/1945 3535/3/1945 3536/2/1945
f 3374/260/1946 3373/261/1946 3525/261/1946 3526/260/1946
f 3246/281/1947 3245/251/1947 3397/251/1947 3398/281/1947
f 3387/248/1948 3386/205/1948 3538/205/1948 3539/248/1948
f 3272/256/1949 3271/257/1949 3423/257/1949 3424/256/1949
f 3252/166/1950 3251/209/1950 3403/209/1950 3404/166/1950
f 3377/231/1951 3376/265/1951 3528/265/1951 3529/231/1951
f 3295/254/1952 3294/262/1952 3446/262/1952 3447/254/1952
f 3258/167/1953 3257/168/1953 3409/168/1953 3410/167/1953
f 3365/272/1954 3364/273/1954 3516/273/1954 3517/272/1954
f 3380/185/1955 3379/285/1955 3531/285/1955 3532/185/1955
f 3264/174/1956 3263/175/1956 3415/175/1956 3416/174/1956
f 3367/170/1957 3366/171/1957 3518/171/1957 3519/170/1957
f 3278/199/1958 3277/200/1958 3429/200/1958 3430/199/1958
f 3270/270/1959 3269/271/1959 3421/271/1959 3422/270/1959
f 3359/259/1960 3358/197/1960 3510/197/1960 3511/259/1960
f 3289/284/1961 3288/190/1961 3440/190/1961 3441/284/1961
f 3276/255/1962 3275/277/1962 3427/277/1962 3428/255/1962
f 3442/283/386 3441/284/386 3593/284/386 3594/283/386
f 3458/186/333 3457/187/333 3609/187/333 3610/186/333
f 3477/303/347 3476/227/347 3628/227/347 3629/303/347
f 3429/200/288 3428/255/288 3580/255/288 3581/200/288
f 3464/203/271 3463/204/271 3615/204/271 3616/203/271
f 3471/181/306 3470/252/306 3622/252/306 3623/181/306
f 3531/285/394 3530/230/394 3682/230/394 3683/285/394
f 3470/252/379 3469/306/379 3621/306/379 3622/252/379
f 3463/204/356 3462/300/356 3614/300/356 3615/204/356
f 3448/253/292 3447/254/292 3599/254/292 3600/253/292
f 3476/227/279 3475/228/279 3627/228/279 3628/227/279
f 3459/169/359 3458/186/359 3610/186/359 3611/169/359
f 3423/257/402 3422/270/402 3574/270/402 3575/257/402
f 3482/194/397 3481/302/397 3633/302/397 3634/194/397
f 3451/233/365 3450/244/365 3602/244/365 3603/233/365
f 3525/261/309 3524/237/309 3676/237/309 3677/261/309
f 3488/240/405 3487/182/405 3639/182/405 3640/240/405
f 3445/263/310 3444/235/310 3596/235/310 3597/263/310
f 3454/215/404 3453/216/404 3605/216/404 3606/215/404
f 3494/163/336 3493/164/336 3645/164/336 3646/163/336
f 3439/191/378 3438/293/378 3590/293/378 3591/191/378
f 3417/287/872 3416/174/872 3568/174/872 3569/287/872
f 3500/223/278 3499/224/278 3651/224/278 3652/223/278
f 3433/219/276 3432/220/276 3584/220/276 3585/219/276
f 3521/246/335 3520/192/335 3672/192/335 3673/246/335
f 3506/226/349 3505/195/349 3657/195/349 3658/226/349
f 3427/277/396 3426/242/396 3578/242/396 3579/277/396
f 3460/160/332 3459/169/332 3611/169/332 3612/160/332
f 3512/291/315 3511/259/315 3663/259/315 3664/291/315
f 3421/271/313 3420/221/313 3572/221/313 3573/271/313
f 3411/274/343 3410/167/343 3562/167/343 3563/274/343
f 3518/171/358 3517/272/358 3669/272/358 3670/171/358
f 3415/175/337 3414/234/337 3566/234/337 3567/175/337
f 3513/295/319 3512/291/319 3664/291/319 3665/295/319
f 3524/237/281 3523/238/281 3675/238/281 3676/237/281
f 3409/168/307 3408/286/307 3560/286/307 3561/168/307
f 3466/307/369 3465/214/369 3617/214/369 3618/307/369
f 3530/230/367 3529/231/367 3681/231/367 3682/230/367
f 3403/209/383 3402/210/383 3554/210/383 3555/209/383
f 3405/165/259 3404/166/259 3556/166/259 3557/165/259
f 3534/294/318 3533/184/318 3685/184/318 3686/294/318
f 3397/251/287 3396/207/287 3548/207/287 3549/251/287
f 3507/225/381 3506/226/381 3658/226/381 3659/225/381
f 3537/206/1177 3536/2/1177 3688/2/1177 3689/206/1177
f 3389/179/401 3540/304/401 3692/304/401 3541/179/401
f 3472/180/265 3471/181/265 3623/181/265 3624/180/265
f 3540/247/284 3539/248/284 3691/248/284 3692/247/284
f 3390/178/334 3389/179/334 3541/179/334 3542/178/334
f 3399/249/389 3398/281/389 3550/281/389 3551/249/389
f 3527/266/400 3526/260/400 3678/260/400 3679/266/400
f 3396/207/274 3395/208/274 3547/208/274 3548/207/274
f 3501/241/283 3500/223/283 3652/223/283 3653/241/283
f 3523/238/322 3522/282/322 3674/282/322 3675/238/322
f 3402/210/348 3401/211/348 3553/211/348 3554/210/348
f 3478/239/391 3477/303/391 3629/303/391 3630/239/391
f 3515/279/341 3514/280/341 3666/280/341 3667/279/341
f 3408/286/311 3407/250/311 3559/250/311 3560/286/311
f 3393/275/299 3392/161/299 3544/161/299 3545/275/299
f 3509/198/331 3508/278/331 3660/278/331 3661/198/331
f 3412/189/324 3411/274/324 3563/274/324 3564/189/324
f 3497/292/399 3496/176/399 3648/176/399 3649/292/399
f 3503/258/387 3502/276/387 3654/276/387 3655/258/387
f 3420/221/277 3419/222/277 3571/222/277 3572/221/277
f 3484/268/303 3483/193/303 3635/193/303 3636/268/303
f 3499/224/295 3498/269/295 3650/269/295 3651/224/295
f 3426/242/366 3425/243/366 3577/243/366 3578/242/366
f 3491/158/316 3490/229/316 3642/229/316 3643/158/316
f 3493/164/312 3492/157/312 3644/157/312 3645/164/312
f 3432/220/314 3431/290/314 3583/290/314 3584/220/314
f 3490/229/868 3489/297/868 3641/297/868 3642/229/868
f 3487/182/330 3486/183/330 3638/183/330 3639/182/330
f 3438/293/380 3437/172/380 3589/172/380 3590/293/380
f 3391/162/321 3390/178/321 3542/178/321 3543/162/321
f 3481/302/344 3480/217/344 3632/217/344 3633/302/344
f 3444/235/280 3443/236/280 3595/236/280 3596/235/280
f 3485/301/338 3484/268/338 3636/268/338 3637/301/338
f 3475/228/294 3474/267/294 3626/267/294 3627/228/294
f 3450/244/398 3449/245/398 3601/245/398 3602/244/398
f 3496/176/264 3495/177/264 3647/177/264 3648/176/264
f 3467/289/353 3466/307/353 3618/307/353 3619/289/353
f 3456/201/317 3455/202/317 3607/202/317 3608/201/317
f 3394/296/340 3393/275/340 3545/275/340 3546/296/340
f 3461/159/256 3460/160/256 3612/160/256 3613/159/256
f 3462/300/339 3461/159/339 3613/159/339 3614/300/339
f 3479/218/282 3478/239/282 3630/239/282 3631/218/282
f 3455/202/362 3454/215/362 3606/215/362 3607/202/362
f 3468/288/326 3467/289/326 3619/289/326 3620/288/326
f 3502/276/346 3501/241/346 3653/241/346 3654/276/346
f 3449/245/297 3448/253/297 3600/253/297 3601/245/297
f 3474/267/385 3473/305/385 3625/305/385 3626/267/385
f 3400/212/286 3399/249/286 3551/249/286 3552/212/286
f 3443/236/372 3442/283/372 3594/283/372 3595/236/372
f 3480/217/291 3479/218/291 3631/218/291 3632/217/291
f 3473/305/350 3472/180/350 3624/180/350 3625/305/350
f 3437/172/262 3436/173/262 3588/173/262 3589/172/262
f 3486/183/403 3485/301/403 3637/301/403 3638/183/403
f 3508/278/302 3507/225/302 3659/225/302 3660/278/302
f 3431/290/390 3430/199/390 3582/199/390 3583/290/390
f 3492/157/255 3491/158/255 3643/158/255 3644/157/255
f 3406/213/351 3405/165/351 3557/165/351 3558/213/351
f 3425/243/300 3424/256/300 3576/256/300 3577/243/300
f 3498/269/342 3497/292/342 3649/292/342 3650/269/342
f 3465/214/320 3464/203/320 3616/203/320 3617/214/320
f 3419/222/408 3418/264/408 3570/264/408 3571/222/408
f 3504/196/290 3503/258/290 3655/258/290 3656/196/290
f 3514/280/355 3513/295/355 3665/295/355 3666/280/355
f 3413/188/266 3412/189/266 3564/189/266 3565/188/266
f 3414/234/357 3413/188/357 3565/188/357 3566/234/357
f 3516/273/329 3515/279/329 3667/279/329 3668/273/329
f 3407/250/377 3406/213/377 3558/213/377 3559/250/377
f 3457/187/273 3456/201/273 3608/201/273 3609/187/273
f 3510/197/352 3509/198/352 3661/198/352 3662/197/352
f 3401/211/275 3400/212/275 3552/212/275 3553/211/275
f 3522/282/361 3521/246/361 3673/246/361 3674/282/361
f 3520/192/268 3519/170/268 3671/170/268 3672/192/268
f 3395/208/395 3394/296/395 3546/296/395 3547/208/395
f 3528/265/293 3527/266/293 3679/266/293 3680/265/293
f 3418/264/360 3417/287/360 3569/287/360 3570/264/360
f 3533/184/371 3532/185/371 3684/185/371 3685/184/371
f 3453/216/285 3452/232/285 3604/232/285 3605/216/285
f 3392/161/257 3391/162/257 3543/162/257 3544/161/257
f 3536/2/102 3535/3/102 3687/3/102 3688/2/102
f 3526/260/364 3525/261/364 3677/261/364 3678/260/364
f 3398/281/345 3397/251/345 3549/251/345 3550/281/345
f 3539/248/388 3538/205/388 3690/205/388 3691/248/388
f 3424/256/289 3423/257/289 3575/257/289 3576/256/289
f 3404/166/298 3403/209/298 3555/209/298 3556/166/298
f 3529/231/296 3528/265/296 3680/265/296 3681/231/296
f 3447/254/368 3446/262/368 3598/262/368 3599/254/368
f 3410/167/354 3409/168/354 3561/168/354 3562/167/354
f 3517/272/406 3516/273/406 3668/273/406 3669/272/406
f 3532/185/305 3531/285/305 3683/285/305 3684/185/305
f 3416/174/263 3415/175/263 3567/175/263 3568/174/263
f 3519/170/261 3518/171/261 3670/171/261 3671/170/261
f 3430/199/370 3429/200/370 3581/200/370 3582/199/370
f 3422/270/363 3421/271/363 3573/271/363 3574/270/363
f 3511/259/375 3510/197/375 3662/197/375 3663/259/375
f 3441/284/323 3440/190/323 3592/190/323 3593/284/323
f 3428/255/301 3427/277/301 3579/277/301 3580/255/301
f 3505/195/270 3504/196/270 3656/196/270 3657/195/270
f 3535/3/376 3534/294/376 3686/294/376 3687/3/376
f 3434/299/374 3433/219/374 3585/219/374 3586/299/374
f 3469/306/393 3468/288/393 3620/288/393 3621/306/393
f 3436/173/328 3435/298/328 3587/298/328 3588/173/328
f 3440/190/267 3439/191/267 3591/191/267 3592/190/267
f 3495/177/308 3494/163/308 3646/163/308 3647/177/308
f 3435/298/384 3434/299/384 3586/299/384 3587/298/384
f 3446/262/392 3445/263/392 3597/263/392 3598/262/392
f 3489/297/325 3488/240/325 3640/240/325 3641/297/325
f 3538/205/272 3537/206/272 3689/206/272 3690/205/272
f 3452/232/304 3451/233/304 3603/233/304 3604/232/304
f 3483/193/269 3482/194/269 3634/194/269 3635/193/269
o Plane.002
v -4.638189 1.138911 0.028817
v -4.147060 1.019066 0.046484
v -4.594640 1.301440 -0.079293
v -4.103511 1.181595 -0.061626
v -4.601843 1.390469 -0.133349
v -4.139692 1.278388 -0.115681
v -4.688942 1.065412 0.082872
v -4.226791 0.953331 0.100539
v -4.629795 1.170239 0.079295
v -4.144542 1.028464 0.061628
v -4.586246 1.332768 -0.028815
v -4.100993 1.190993 -0.046482
v -4.593449 1.421797 -0.082870
v -4.137174 1.287787 -0.100538
v -4.680548 1.096740 0.133351
v -4.224273 0.962729 0.115683
vn -0.0997 -0.5324 -0.8406
vn -0.0942 -0.5170 -0.8508
vn -0.1026 -0.5483 -0.8300
vn 0.1799 0.5109 0.8406
vn 0.1853 0.5261 0.8300
vn 0.1769 0.4948 0.8508
vn 0.9659 -0.2588 -0.0000
vn -0.9659 0.2588 -0.0000
vn -0.8626 0.4814 -0.1553
vn -0.2177 -0.8126 0.5406
vn -0.9878 0.0144 0.1553
vn 0.7162 -0.6400 0.2781
vn 0.9403 0.1962 -0.2781
vn 0.2177 0.8126 -0.5406
vt 0.000000 0.000000
vt 0.000000 1.000000
vt 1.000000 1.000000
vt 1.000000 0.000000
s 0
usemtl Material.001
f 3693/613/1963 3695/614/1963 3696/615/1963 3694/616/1963
f 3695/614/1964 3697/614/1964 3698/615/1964 3696/615/1964
f 3694/616/1965 3700/616/1965 3699/613/1965 3693/613/1965
f 3701/613/1966 3702/616/1966 3704/615/1966 3703/614/1966
f 3703/614/1967 3704/615/1967 3706/615/1967 3705/614/1967
f 3702/616/1968 3701/613/1968 3707/613/1968 3708/616/1968
f 3694/616/1969 3696/615/1969 3704/615/1969 3702/616/1969
f 3695/614/1970 3693/613/1970 3701/613/1970 3703/614/1970
f 3693/613/1971 3699/613/1971 3707/613/1971 3701/613/1971
f 3699/613/1972 3700/616/1972 3708/616/1972 3707/613/1972
f 3697/614/1973 3695/614/1973 3703/614/1973 3705/614/1973
f 3700/616/1974 3694/616/1974 3702/616/1974 3708/616/1974
f 3696/615/1975 3698/615/1975 3706/615/1975 3704/615/1975
f 3698/615/1976 3697/614/1976 3705/614/1976 3706/615/1976
o Plane.003
v -4.486149 1.137266 0.040213
v -4.469592 1.132458 0.040443
v -4.093022 1.062404 0.021298
v -4.092973 1.062408 0.021288
v -4.421126 1.250032 -0.040585
v -4.437009 1.254057 -0.040441
v -4.503090 1.142307 0.039902
v -4.100601 1.062052 0.022778
v -4.406495 1.246196 -0.040637
v -4.519996 1.147458 0.039516
v -4.109931 1.062055 0.024327
v -4.393476 1.242644 -0.040597
v -4.536451 1.152591 0.039067
v -4.120780 1.062412 0.025910
v -4.348969 1.230212 -0.040284
v -4.552050 1.157581 0.038564
v -4.132881 1.063115 0.027486
v -4.335991 1.226512 -0.040145
v -4.566409 1.162305 0.038020
v -4.145938 1.064147 0.029016
v -4.321482 1.222234 -0.039903
v -4.852694 1.306099 -0.003614
v -4.579175 1.166645 0.037449
v -4.159628 1.065483 0.030464
v -4.305801 1.217484 -0.039563
v -4.075823 1.126413 -0.021286
v -4.627091 1.183261 0.035105
v -4.173614 1.067088 0.031793
v -4.289332 1.212380 -0.039134
v -4.756185 1.303691 -0.018168
v -4.639743 1.187844 0.034365
v -4.187551 1.068925 0.032971
v -4.272482 1.207046 -0.038626
v -4.742877 1.303537 -0.020285
v -4.653763 1.193290 0.033316
v -4.201098 1.070947 0.033969
v -4.255665 1.201614 -0.038051
v -4.727964 1.303014 -0.022441
v -4.668806 1.199465 0.031986
v -4.213920 1.073105 0.034762
v -4.239296 1.196218 -0.037424
v -4.711813 1.302137 -0.024583
v -4.684502 1.206217 0.030406
v -4.225303 1.075141 0.035392
v -4.223778 1.190991 -0.036761
v -4.694823 1.300927 -0.026657
v -4.700464 1.213378 0.028616
v -4.238558 1.077585 0.036079
v -4.209492 1.186062 -0.036077
v -4.677411 1.299414 -0.028614
v -4.716300 1.220774 0.026659
v -4.253395 1.080459 0.036763
v -4.196790 1.181551 -0.035390
v -4.660007 1.297635 -0.030404
v -4.731619 1.228221 0.024585
v -4.269448 1.083691 0.037426
v -4.185915 1.177622 -0.034760
v -4.643038 1.295634 -0.031984
v -4.746044 1.235537 0.022443
v -4.286322 1.087203 0.038053
v -4.173732 1.173080 -0.033967
v -4.626923 1.293460 -0.033314
v -4.759221 1.242541 0.020287
v -4.303601 1.090907 0.038627
v -4.160989 1.168058 -0.032970
v -4.612058 1.291167 -0.034363
v -4.770823 1.249061 0.018170
v -4.320861 1.094713 0.039135
v -4.148000 1.162680 -0.031792
v -4.598809 1.288810 -0.035104
v -4.337675 1.098527 0.039565
v -4.135085 1.157077 -0.030462
v -4.549005 1.279242 -0.037447
v -4.353631 1.102254 0.039905
v -4.122561 1.151389 -0.029015
v -4.535779 1.276618 -0.038018
v -4.368334 1.105803 0.040147
v -4.110738 1.145754 -0.027484
v -4.520982 1.273529 -0.038562
v -4.381424 1.109088 0.040286
v -4.099906 1.140313 -0.025908
v -4.504978 1.270051 -0.039065
v -4.426184 1.120576 0.040599
v -4.090332 1.135198 -0.024326
v -4.488160 1.266269 -0.039514
v -4.439235 1.124009 0.040639
v -4.082252 1.130535 -0.022776
v -4.470944 1.262277 -0.039900
v -4.453824 1.128003 0.040586
v -4.075863 1.126440 -0.021297
v -4.453753 1.258172 -0.040211
v -4.793350 1.317260 0.037809
v -4.694403 1.306425 0.069706
v -4.772810 1.318882 0.049317
v -4.746794 1.317392 0.059419
v -4.719261 1.313018 0.066579
v -4.096025 1.155388 0.022687
v -4.133917 1.164721 0.064444
v -4.103270 1.162351 0.035355
v -4.113014 1.166570 0.047739
v -4.123776 1.167402 0.057954
v -4.138934 1.145998 0.076898
v -4.111163 1.098896 0.060264
v -4.132232 1.135847 0.078943
v -4.124600 1.123331 0.076501
v -4.117202 1.110355 0.069941
v -4.550577 1.294230 0.053356
v -4.571032 1.300865 0.007332
v -4.551330 1.299839 0.046551
v -4.555482 1.303070 0.035415
v -4.562400 1.303430 0.021643
v -4.672816 1.305735 0.066543
v -4.708122 1.314837 0.025209
v -4.675822 1.311655 0.060206
v -4.683587 1.315463 0.050126
v -4.694930 1.316581 0.037836
v -4.560639 1.296019 0.053919
v -4.582668 1.303030 0.008232
v -4.561677 1.301686 0.047149
v -4.566227 1.305009 0.036089
v -4.573598 1.305481 0.022423
v -4.572048 1.297780 0.054724
v -4.595704 1.305145 0.009432
v -4.573358 1.303496 0.047994
v -4.578313 1.306904 0.037024
v -4.586160 1.307482 0.023483
v -4.584528 1.299464 0.055754
v -4.609817 1.307155 0.010901
v -4.586088 1.305222 0.049069
v -4.591442 1.308706 0.038197
v -4.599774 1.309385 0.024794
v -4.597730 1.301021 0.056983
v -4.624651 1.309013 0.012604
v -4.599528 1.306816 0.050344
v -4.605276 1.310369 0.039579
v -4.614098 1.311141 0.026327
v -4.611299 1.302408 0.058379
v -4.639836 1.310673 0.014503
v -4.613329 1.308234 0.051789
v -4.619465 1.311851 0.041137
v -4.628773 1.312708 0.028044
v -4.624873 1.303587 0.059904
v -4.654992 1.312097 0.016553
v -4.627132 1.309442 0.053367
v -4.633650 1.313115 0.042833
v -4.643433 1.314047 0.029905
v -4.638092 1.304528 0.061518
v -4.669744 1.313250 0.018707
v -4.640583 1.310408 0.055036
v -4.647472 1.314130 0.044624
v -4.657713 1.315128 0.031867
v -4.650599 1.305207 0.063177
v -4.683731 1.314105 0.020910
v -4.653329 1.311107 0.056753
v -4.660584 1.314870 0.046465
v -4.671260 1.315922 0.033879
v -4.662045 1.305608 0.064831
v -4.696620 1.314640 0.023102
v -4.665033 1.311523 0.058470
v -4.672654 1.315317 0.048306
v -4.683746 1.316411 0.035886
v -4.388254 1.257750 0.049003
v -4.388250 1.259355 0.001466
v -4.386854 1.262837 0.042070
v -4.386362 1.264929 0.030602
v -4.386852 1.263706 0.016343
v -4.510829 1.286594 0.051485
v -4.526775 1.292279 0.005040
v -4.511209 1.292125 0.044647
v -4.514373 1.295147 0.033420
v -4.519839 1.295201 0.019511
v -4.398442 1.260530 0.048972
v -4.399879 1.262530 0.001438
v -4.397221 1.265666 0.042039
v -4.397066 1.267850 0.030571
v -4.397999 1.266749 0.016314
v -4.409941 1.263545 0.049013
v -4.412943 1.265964 0.001504
v -4.408903 1.268729 0.042083
v -4.409109 1.271010 0.030620
v -4.410527 1.270039 0.016371
v -4.422472 1.266721 0.049126
v -4.427122 1.269571 0.001664
v -4.421613 1.271952 0.042200
v -4.422194 1.274330 0.030748
v -4.424129 1.273494 0.016513
v -4.435708 1.269974 0.049308
v -4.442062 1.273263 0.001915
v -4.435027 1.275250 0.042387
v -4.435996 1.277728 0.030951
v -4.438466 1.277030 0.016739
v -4.449310 1.273221 0.049554
v -4.457394 1.276949 0.002253
v -4.448807 1.278542 0.042642
v -4.450167 1.281119 0.031225
v -4.453182 1.280560 0.017043
v -4.462932 1.276380 0.049859
v -4.472737 1.280539 0.002673
v -4.462606 1.281745 0.042956
v -4.464355 1.284419 0.031565
v -4.467913 1.283995 0.017420
v -4.476226 1.279370 0.050215
v -4.487710 1.283946 0.003170
v -4.476077 1.284777 0.043324
v -4.478208 1.287545 0.031964
v -4.482292 1.287253 0.017863
v -4.488853 1.282114 0.050611
v -4.501939 1.287087 0.003735
v -4.488880 1.287563 0.043735
v -4.491376 1.290422 0.032412
v -4.495962 1.290254 0.018366
v -4.500482 1.284541 0.051039
v -4.515070 1.289887 0.004361
v -4.500688 1.290032 0.044180
v -4.503532 1.292976 0.032901
v -4.508583 1.292925 0.018918
v -4.232551 1.209399 0.053118
v -4.212873 1.205238 0.006926
v -4.229149 1.213887 0.046303
v -4.224215 1.214672 0.035132
v -4.218499 1.211635 0.021304
v -4.352707 1.247822 0.049253
v -4.348495 1.248253 0.001752
v -4.350969 1.252815 0.042323
v -4.349558 1.254650 0.030863
v -4.348690 1.253048 0.016616
v -4.242550 1.212950 0.052577
v -4.224135 1.209169 0.006151
v -4.239294 1.217484 0.045742
v -4.234651 1.218358 0.034519
v -4.229328 1.215438 0.020616
v -4.253798 1.216831 0.052039
v -4.236829 1.213490 0.005403
v -4.250707 1.221418 0.045185
v -4.246397 1.222394 0.033915
v -4.241524 1.219610 0.019946
v -4.266059 1.220961 0.051515
v -4.250639 1.218091 0.004694
v -4.263133 1.225600 0.044645
v -4.259175 1.226683 0.033334
v -4.254788 1.224047 0.019306
v -4.279015 1.225232 0.051019
v -4.265222 1.222856 0.004037
v -4.276256 1.229922 0.044135
v -4.272666 1.231118 0.032789
v -4.268791 1.228637 0.018709
v -4.292335 1.229534 0.050564
v -4.280215 1.227664 0.003443
v -4.289744 1.234276 0.043668
v -4.286531 1.235586 0.032291
v -4.283185 1.233264 0.018166
v -4.305682 1.233759 0.050161
v -4.295247 1.232393 0.002922
v -4.303260 1.238552 0.043255
v -4.300426 1.239976 0.031853
v -4.297613 1.237813 0.017690
v -4.318716 1.237799 0.049821
v -4.309946 1.236926 0.002485
v -4.316464 1.242643 0.042907
v -4.314006 1.244179 0.031483
v -4.311718 1.242171 0.017289
v -4.331106 1.241552 0.049553
v -4.323947 1.241149 0.002140
v -4.329024 1.246446 0.042631
v -4.326932 1.248088 0.031190
v -4.325150 1.246228 0.016972
v -4.342529 1.244920 0.049362
v -4.336904 1.244956 0.001893
v -4.340620 1.249864 0.042435
v -4.338881 1.251608 0.030982
v -4.337576 1.249884 0.016746
v -4.137493 1.165681 0.064442
v -4.107158 1.158206 0.022341
v -4.132763 1.169803 0.057924
v -4.125338 1.169830 0.047634
v -4.116346 1.165757 0.035139
v -4.224035 1.206322 0.053611
v -4.203259 1.201845 0.007678
v -4.220492 1.210766 0.046820
v -4.215301 1.211475 0.035705
v -4.209249 1.208343 0.021961
v -4.145175 1.170606 0.062664
v -4.112702 1.161721 0.020892
v -4.139494 1.174115 0.056353
v -4.131328 1.173659 0.046198
v -4.121920 1.169307 0.033746
v -4.150856 1.173884 0.061574
v -4.119674 1.165665 0.019268
v -4.145514 1.177582 0.055176
v -4.137712 1.177319 0.044890
v -4.128638 1.173134 0.032281
v -4.157914 1.177655 0.060407
v -4.127945 1.169981 0.017562
v -4.152849 1.181493 0.053938
v -4.145374 1.181383 0.043524
v -4.136630 1.177340 0.030750
v -4.166110 1.181772 0.059215
v -4.137335 1.174581 0.015840
v -4.161280 1.185720 0.052684
v -4.154115 1.185740 0.042148
v -4.145707 1.181828 0.029210
v -4.175160 1.186086 0.058043
v -4.147624 1.179363 0.014157
v -4.170549 1.190128 0.051458
v -4.163697 1.190270 0.040805
v -4.155647 1.186490 0.027706
v -4.184805 1.190467 0.056928
v -4.158561 1.184210 0.012556
v -4.180407 1.194597 0.050292
v -4.173875 1.194858 0.039530
v -4.166203 1.191211 0.026278
v -4.194776 1.194792 0.055902
v -4.169875 1.189000 0.011076
v -4.190591 1.199005 0.049220
v -4.184389 1.199384 0.038355
v -4.177114 1.195871 0.024960
v -4.204801 1.198943 0.054993
v -4.181286 1.193613 0.009750
v -4.200833 1.203238 0.048269
v -4.194972 1.203734 0.037310
v -4.188107 1.200354 0.023784
v -4.214606 1.202807 0.054225
v -4.192507 1.197931 0.008608
v -4.210865 1.207184 0.047464
v -4.205352 1.207794 0.036420
v -4.198906 1.204545 0.022776
v -4.564527 1.242169 0.087986
v -4.596240 1.206834 0.069854
v -4.568796 1.234657 0.089907
v -4.576323 1.225304 0.087136
v -4.585959 1.215534 0.080094
v -4.674767 1.292555 0.075048
v -4.721399 1.266463 0.057031
v -4.681627 1.286438 0.076791
v -4.692898 1.279331 0.073979
v -4.706864 1.272317 0.067040
v -4.574135 1.245651 0.087423
v -4.607332 1.211044 0.069386
v -4.578675 1.238251 0.089342
v -4.586578 1.229076 0.086588
v -4.596641 1.219522 0.079581
v -4.584896 1.249831 0.086618
v -4.619606 1.216030 0.068666
v -4.589691 1.242547 0.088533
v -4.597971 1.233565 0.085794
v -4.608476 1.224254 0.078818
v -4.596546 1.254613 0.085588
v -4.632757 1.221665 0.067712
v -4.601573 1.247442 0.087498
v -4.610219 1.238662 0.084772
v -4.621170 1.229611 0.077824
v -4.608757 1.259865 0.084359
v -4.646456 1.227808 0.066547
v -4.614003 1.252808 0.086264
v -4.623010 1.244237 0.083547
v -4.634406 1.235459 0.076624
v -4.621202 1.265448 0.082963
v -4.660363 1.234309 0.065203
v -4.626658 1.258506 0.084861
v -4.636017 1.250150 0.082152
v -4.647852 1.241653 0.075249
v -4.633547 1.271214 0.081438
v -4.674131 1.241007 0.063716
v -4.639211 1.264388 0.083326
v -4.648913 1.256251 0.080621
v -4.661175 1.248041 0.073735
v -4.645465 1.277008 0.079824
v -4.687423 1.247738 0.062122
v -4.651338 1.270304 0.081700
v -4.661374 1.262387 0.078994
v -4.674045 1.254463 0.072120
v -4.656636 1.282673 0.078165
v -4.699918 1.254334 0.060458
v -4.662723 1.276098 0.080024
v -4.673085 1.268403 0.077312
v -4.686147 1.260760 0.070441
v -4.666749 1.288050 0.076511
v -4.711327 1.260629 0.058755
v -4.673065 1.281614 0.078344
v -4.683755 1.274143 0.075613
v -4.697190 1.266774 0.068734
v -4.405711 1.192600 0.092339
v -4.417466 1.150320 0.073992
v -4.407876 1.184382 0.094257
v -4.410870 1.173461 0.091443
v -4.414238 1.161500 0.084327
v -4.526286 1.228908 0.089857
v -4.553674 1.191914 0.071781
v -4.530198 1.221260 0.091783
v -4.536777 1.211544 0.089025
v -4.545021 1.201239 0.082001
v -4.415924 1.195287 0.092370
v -4.429122 1.153391 0.074033
v -4.418269 1.187117 0.094289
v -4.421600 1.176286 0.091477
v -4.425411 1.164443 0.084365
v -4.427390 1.198426 0.092329
v -4.442148 1.156972 0.074001
v -4.429916 1.190306 0.094248
v -4.433608 1.179577 0.091439
v -4.437903 1.167871 0.084329
v -4.439830 1.201941 0.092216
v -4.456221 1.160973 0.073899
v -4.442533 1.193873 0.094135
v -4.446598 1.183255 0.091328
v -4.451405 1.171701 0.084222
v -4.452919 1.205741 0.092034
v -4.470992 1.165296 0.073729
v -4.455799 1.197727 0.093954
v -4.460245 1.187227 0.091149
v -4.465580 1.175839 0.084047
v -4.466322 1.209730 0.091788
v -4.486096 1.169836 0.073497
v -4.469378 1.201772 0.093707
v -4.474208 1.191396 0.090906
v -4.480079 1.180181 0.083809
v -4.479699 1.213805 0.091483
v -4.501156 1.174483 0.073213
v -4.482928 1.205904 0.093403
v -4.488140 1.195657 0.090605
v -4.494541 1.184623 0.083516
v -4.492707 1.217863 0.091127
v -4.515799 1.179124 0.072887
v -4.496108 1.210022 0.093049
v -4.501691 1.199906 0.090257
v -4.508605 1.189056 0.083177
v -4.505013 1.221800 0.090731
v -4.529659 1.183647 0.072530
v -4.508586 1.214020 0.092653
v -4.514524 1.204038 0.089869
v -4.521924 1.193372 0.082803
v -4.516299 1.225513 0.090303
v -4.542390 1.187945 0.072156
v -4.520043 1.217797 0.092228
v -4.526317 1.207949 0.089455
v -4.534164 1.197466 0.082407
v -4.246692 1.156622 0.088224
v -4.238282 1.110411 0.070003
v -4.246805 1.147992 0.090135
v -4.245246 1.136179 0.087344
v -4.242254 1.122982 0.080274
v -4.369963 1.183425 0.092089
v -4.377485 1.140063 0.073717
v -4.371787 1.175120 0.094004
v -4.373857 1.163963 0.091185
v -4.375858 1.151652 0.084061
v -4.257127 1.158547 0.088765
v -4.250050 1.112455 0.070483
v -4.257394 1.149935 0.090674
v -4.256142 1.138151 0.087871
v -4.253563 1.124990 0.080780
v -4.268809 1.160809 0.089303
v -4.263246 1.114904 0.070980
v -4.269248 1.152223 0.091212
v -4.268345 1.140483 0.088401
v -4.266237 1.127378 0.081296
v -4.281492 1.163363 0.089827
v -4.277541 1.117692 0.071477
v -4.282103 1.154804 0.091736
v -4.281566 1.143119 0.088919
v -4.279964 1.130087 0.081805
v -4.294847 1.166143 0.090323
v -4.292582 1.120747 0.071957
v -4.295630 1.157614 0.092233
v -4.295475 1.145992 0.089413
v -4.294404 1.133046 0.082293
v -4.308534 1.169077 0.090778
v -4.307994 1.123989 0.072404
v -4.309491 1.160580 0.092689
v -4.309724 1.149028 0.089868
v -4.309198 1.136179 0.082745
v -4.322206 1.172091 0.091181
v -4.323398 1.127335 0.072805
v -4.323336 1.163629 0.093092
v -4.323959 1.152152 0.090271
v -4.323981 1.139407 0.083147
v -4.335514 1.175110 0.091521
v -4.338409 1.130698 0.073145
v -4.336817 1.166684 0.093433
v -4.337825 1.155285 0.090613
v -4.338385 1.142649 0.083488
v -4.348120 1.178055 0.091789
v -4.352658 1.133995 0.073415
v -4.349597 1.169667 0.093703
v -4.350978 1.158348 0.090883
v -4.352053 1.145822 0.083759
v -4.359696 1.180849 0.091980
v -4.365792 1.137143 0.073607
v -4.361349 1.172502 0.093895
v -4.363088 1.161265 0.091076
v -4.364648 1.148849 0.083952
v -4.142510 1.146954 0.076900
v -4.122317 1.101628 0.059975
v -4.141223 1.138231 0.078925
v -4.136933 1.126554 0.076420
v -4.130294 1.113701 0.069766
v -4.237779 1.155029 0.087731
v -4.228202 1.108757 0.069598
v -4.237744 1.146383 0.089646
v -4.235911 1.134553 0.086872
v -4.232561 1.121341 0.079832
v -4.151626 1.146530 0.078678
v -4.128922 1.101189 0.061157
v -4.149211 1.137849 0.080476
v -4.144049 1.126184 0.077777
v -4.136924 1.113311 0.070993
v -4.158185 1.146532 0.079768
v -4.137010 1.100965 0.062306
v -4.156164 1.137834 0.081616
v -4.151431 1.126120 0.078946
v -4.144705 1.113173 0.072165
v -4.166183 1.146795 0.080935
v -4.146426 1.101009 0.063440
v -4.164479 1.138088 0.082811
v -4.160126 1.126329 0.080145
v -4.153787 1.113308 0.073343
v -4.175340 1.147327 0.082127
v -4.156960 1.101343 0.064556
v -4.173902 1.138614 0.084018
v -4.169903 1.126815 0.081343
v -4.163954 1.113728 0.074509
v -4.185334 1.148117 0.083299
v -4.168361 1.101972 0.065636
v -4.184141 1.139403 0.085199
v -4.180497 1.127573 0.082510
v -4.174955 1.114429 0.075640
v -4.195877 1.149145 0.084414
v -4.180353 1.102881 0.066654
v -4.194920 1.140434 0.086320
v -4.191633 1.128583 0.083614
v -4.186518 1.115396 0.076708
v -4.206675 1.150385 0.085440
v -4.192638 1.104048 0.067584
v -4.205950 1.141682 0.087350
v -4.203029 1.129820 0.084628
v -4.198354 1.116605 0.077687
v -4.217432 1.151802 0.086349
v -4.204911 1.105442 0.068399
v -4.216944 1.143113 0.088263
v -4.214393 1.131252 0.085523
v -4.210167 1.118023 0.078548
v -4.227856 1.153358 0.087117
v -4.216865 1.107025 0.069077
v -4.227611 1.144691 0.089033
v -4.225436 1.132841 0.086277
v -4.221663 1.119615 0.079269
v -4.718231 1.217952 -0.071113
v -4.807489 1.264585 -0.043559
v -4.742470 1.226689 -0.069334
v -4.767944 1.238619 -0.063473
v -4.790776 1.251927 -0.054422
v -4.157421 1.077002 -0.076896
v -4.109819 1.103908 -0.060262
v -4.146541 1.082442 -0.078942
v -4.133675 1.089466 -0.076499
v -4.120780 1.097004 -0.069939
v -4.124957 1.047416 -0.022685
v -4.162438 1.058279 -0.064442
v -4.134712 1.045008 -0.035353
v -4.145260 1.046227 -0.047737
v -4.154996 1.050887 -0.057952
v -4.583897 1.253015 -0.069808
v -4.574080 1.206512 -0.087984
v -4.579337 1.240323 -0.080065
v -4.575870 1.227029 -0.087121
v -4.574024 1.215156 -0.089902
v -4.722709 1.264638 -0.056317
v -4.695628 1.218008 -0.074906
v -4.712876 1.252023 -0.066588
v -4.704277 1.238731 -0.073727
v -4.698220 1.226787 -0.076648
v -4.595617 1.254931 -0.069325
v -4.584143 1.208301 -0.087421
v -4.590587 1.242220 -0.079542
v -4.586640 1.228895 -0.086569
v -4.584377 1.216984 -0.089336
v -4.608752 1.256770 -0.068587
v -4.595552 1.210061 -0.086616
v -4.603209 1.244051 -0.078768
v -4.598754 1.230709 -0.085770
v -4.596066 1.218773 -0.088526
v -4.622976 1.258491 -0.067607
v -4.608032 1.211745 -0.085586
v -4.616892 1.245776 -0.077759
v -4.611916 1.232427 -0.084740
v -4.608805 1.220477 -0.087489
v -4.637937 1.260055 -0.066409
v -4.621234 1.213302 -0.084357
v -4.631294 1.247350 -0.076538
v -4.625787 1.234004 -0.083506
v -4.622255 1.222048 -0.086251
v -4.653266 1.261424 -0.065022
v -4.634802 1.214689 -0.082961
v -4.646059 1.248737 -0.075136
v -4.640019 1.235400 -0.082097
v -4.636066 1.223444 -0.084845
v -4.668589 1.262567 -0.063477
v -4.648376 1.215869 -0.081436
v -4.660821 1.249903 -0.073587
v -4.654252 1.236582 -0.080550
v -4.649882 1.224631 -0.083306
v -4.683534 1.263462 -0.061808
v -4.661595 1.216810 -0.079822
v -4.675220 1.250825 -0.071925
v -4.668131 1.237521 -0.078901
v -4.663347 1.225577 -0.081674
v -4.697747 1.264099 -0.060044
v -4.674103 1.217489 -0.078164
v -4.688907 1.251485 -0.070185
v -4.681309 1.238197 -0.077189
v -4.676111 1.226259 -0.079991
v -4.710901 1.264484 -0.058210
v -4.685549 1.217890 -0.076509
v -4.701556 1.251880 -0.068398
v -4.693456 1.238600 -0.075453
v -4.687835 1.226664 -0.078301
v -4.400798 1.212527 -0.073988
v -4.411758 1.170032 -0.092337
v -4.403592 1.201230 -0.084324
v -4.406656 1.189187 -0.091441
v -4.409524 1.178232 -0.094255
v -4.539564 1.244642 -0.071746
v -4.534333 1.198876 -0.089855
v -4.536729 1.232226 -0.081978
v -4.534739 1.219169 -0.089013
v -4.533898 1.207458 -0.091779
v -4.412428 1.215696 -0.074028
v -4.421946 1.172812 -0.092368
v -4.414740 1.204269 -0.084361
v -4.417361 1.192106 -0.091475
v -4.419891 1.181060 -0.094287
v -4.425499 1.219109 -0.073996
v -4.433445 1.175826 -0.092327
v -4.427273 1.207546 -0.084325
v -4.429406 1.195260 -0.091436
v -4.431573 1.184122 -0.094246
v -4.439687 1.222682 -0.073892
v -4.445976 1.179002 -0.092214
v -4.440880 1.210980 -0.084217
v -4.442495 1.198570 -0.091325
v -4.444284 1.187341 -0.094133
v -4.454641 1.226325 -0.073721
v -4.459212 1.182256 -0.092032
v -4.455225 1.214486 -0.084041
v -4.456300 1.201954 -0.091145
v -4.457699 1.190636 -0.093951
v -4.469992 1.229947 -0.073487
v -4.472814 1.185503 -0.091786
v -4.469954 1.217976 -0.083802
v -4.470476 1.205326 -0.090901
v -4.471481 1.193923 -0.093705
v -4.485358 1.233455 -0.073201
v -4.486436 1.188662 -0.091481
v -4.484699 1.221362 -0.083507
v -4.484672 1.208602 -0.090601
v -4.485282 1.197119 -0.093400
v -4.500361 1.236761 -0.072870
v -4.499730 1.191651 -0.091126
v -4.499096 1.224557 -0.083166
v -4.498533 1.211699 -0.090251
v -4.498755 1.200144 -0.093046
v -4.514627 1.239779 -0.072509
v -4.512357 1.194395 -0.090729
v -4.512790 1.227482 -0.082789
v -4.511713 1.214539 -0.089862
v -4.511561 1.202921 -0.092650
v -4.527804 1.242429 -0.072129
v -4.523986 1.196823 -0.090302
v -4.525438 1.230060 -0.082389
v -4.523882 1.217050 -0.089446
v -4.523372 1.205379 -0.092224
v -4.225665 1.157496 -0.070001
v -4.256055 1.121680 -0.088222
v -4.235391 1.148595 -0.080272
v -4.244581 1.138662 -0.087342
v -4.251837 1.129211 -0.090134
v -4.361044 1.201419 -0.073713
v -4.376212 1.160104 -0.092087
v -4.365431 1.190568 -0.084059
v -4.369853 1.178906 -0.091183
v -4.373639 1.168208 -0.094002
v -4.236879 1.161610 -0.070481
v -4.266054 1.125232 -0.088763
v -4.246189 1.152511 -0.080779
v -4.255003 1.142402 -0.087869
v -4.261979 1.132823 -0.090673
v -4.249531 1.166087 -0.070978
v -4.277302 1.129113 -0.089301
v -4.258359 1.156779 -0.081294
v -4.266737 1.146484 -0.088399
v -4.273389 1.136769 -0.091211
v -4.263306 1.170819 -0.071475
v -4.289563 1.133243 -0.089826
v -4.271602 1.161297 -0.081803
v -4.279505 1.150812 -0.088918
v -4.285812 1.140960 -0.091735
v -4.277859 1.175694 -0.071955
v -4.302518 1.137513 -0.090322
v -4.285586 1.165954 -0.082291
v -4.292986 1.155278 -0.089411
v -4.298933 1.145291 -0.092231
v -4.292828 1.180593 -0.072402
v -4.315839 1.141816 -0.090777
v -4.299965 1.170638 -0.082743
v -4.306845 1.159773 -0.089866
v -4.312419 1.149652 -0.092687
v -4.307840 1.185397 -0.072802
v -4.329186 1.146040 -0.091179
v -4.314381 1.175234 -0.083145
v -4.320735 1.164185 -0.090269
v -4.325933 1.153934 -0.093090
v -4.322522 1.189990 -0.073143
v -4.342220 1.150081 -0.091519
v -4.328476 1.179628 -0.083486
v -4.334310 1.168405 -0.090611
v -4.339136 1.158030 -0.093431
v -4.336511 1.194260 -0.073413
v -4.354609 1.153833 -0.091788
v -4.341900 1.183715 -0.083757
v -4.347232 1.172329 -0.090881
v -4.351695 1.161836 -0.093701
v -4.349458 1.198101 -0.073604
v -4.366033 1.157201 -0.091978
v -4.354321 1.187391 -0.083949
v -4.359178 1.175858 -0.091073
v -4.363291 1.165257 -0.093893
v -4.120846 1.107119 -0.059974
v -4.160996 1.077963 -0.076898
v -4.133791 1.100653 -0.069764
v -4.145967 1.092841 -0.076418
v -4.155520 1.084873 -0.078923
v -4.216109 1.153888 -0.069596
v -4.247539 1.118604 -0.087729
v -4.226176 1.145169 -0.079831
v -4.235684 1.135403 -0.086870
v -4.243186 1.126074 -0.089644
v -4.126346 1.110802 -0.061155
v -4.168678 1.082887 -0.078677
v -4.139338 1.104305 -0.070991
v -4.151944 1.096719 -0.077775
v -4.162248 1.089198 -0.080474
v -4.133239 1.115040 -0.062304
v -4.174360 1.086165 -0.079766
v -4.146007 1.108314 -0.072164
v -4.158305 1.100465 -0.078945
v -4.168261 1.092687 -0.081614
v -4.141415 1.119710 -0.063439
v -4.181418 1.089937 -0.080933
v -4.153939 1.112739 -0.073341
v -4.165940 1.104632 -0.080143
v -4.175589 1.096625 -0.082809
v -4.150704 1.124687 -0.064555
v -4.189614 1.094054 -0.082125
v -4.162954 1.117459 -0.074507
v -4.174650 1.109100 -0.081341
v -4.184012 1.100881 -0.084017
v -4.160892 1.129843 -0.065634
v -4.198665 1.098367 -0.083297
v -4.172832 1.122352 -0.075638
v -4.184203 1.113740 -0.082508
v -4.193274 1.105318 -0.085198
v -4.171732 1.135052 -0.066652
v -4.208309 1.102748 -0.084412
v -4.183330 1.127296 -0.076707
v -4.194353 1.118434 -0.083613
v -4.203125 1.109814 -0.086318
v -4.182955 1.140184 -0.067582
v -4.218280 1.107073 -0.085439
v -4.194184 1.132167 -0.077685
v -4.204840 1.123060 -0.084626
v -4.213301 1.114248 -0.087349
v -4.194281 1.145113 -0.068397
v -4.228305 1.111225 -0.086348
v -4.205124 1.136846 -0.078546
v -4.215398 1.127502 -0.085521
v -4.223537 1.118505 -0.088261
v -4.205425 1.149720 -0.069075
v -4.238110 1.115089 -0.087115
v -4.215875 1.141215 -0.079268
v -4.225756 1.131647 -0.086275
v -4.233564 1.122473 -0.089031
v -4.609040 1.158903 -0.007382
v -4.588030 1.154451 -0.053354
v -4.602856 1.152377 -0.021674
v -4.596692 1.149239 -0.035429
v -4.591486 1.149967 -0.046554
v -4.734144 1.214790 -0.025963
v -4.698590 1.205016 -0.066351
v -4.723751 1.206864 -0.038287
v -4.713345 1.202223 -0.050290
v -4.704509 1.201574 -0.060144
v -4.620191 1.162835 -0.008298
v -4.597640 1.157933 -0.053917
v -4.613574 1.156193 -0.022464
v -4.606964 1.152930 -0.036108
v -4.601369 1.153540 -0.047153
v -4.632524 1.167508 -0.009520
v -4.608400 1.162112 -0.054722
v -4.625445 1.160732 -0.023537
v -4.618374 1.157327 -0.037049
v -4.612389 1.157812 -0.047999
v -4.645733 1.172804 -0.011018
v -4.620050 1.166894 -0.055752
v -4.638175 1.165880 -0.024866
v -4.630640 1.162325 -0.038230
v -4.624275 1.162681 -0.049076
v -4.659482 1.178587 -0.012757
v -4.632262 1.172147 -0.056981
v -4.651442 1.171505 -0.026420
v -4.643445 1.167795 -0.039623
v -4.636710 1.168020 -0.050354
v -4.673427 1.184707 -0.014703
v -4.644706 1.177730 -0.058377
v -4.664912 1.177464 -0.028167
v -4.656464 1.173595 -0.041195
v -4.649368 1.173689 -0.051803
v -4.687214 1.191005 -0.016815
v -4.657051 1.183495 -0.059902
v -4.678246 1.183605 -0.030066
v -4.669365 1.179579 -0.042908
v -4.661922 1.179541 -0.053385
v -4.700497 1.197319 -0.019049
v -4.668970 1.189290 -0.061516
v -4.691111 1.189770 -0.032077
v -4.681823 1.185594 -0.044723
v -4.674048 1.185425 -0.055060
v -4.712945 1.203488 -0.021357
v -4.680140 1.194955 -0.063175
v -4.703182 1.195804 -0.034154
v -4.693521 1.191484 -0.046594
v -4.685429 1.191186 -0.056785
v -4.724249 1.209357 -0.023683
v -4.690253 1.200331 -0.064830
v -4.714162 1.201554 -0.036244
v -4.704160 1.197099 -0.048475
v -4.695764 1.196670 -0.058512
v -4.430014 1.103490 -0.001467
v -4.429215 1.104882 -0.049001
v -4.430978 1.099023 -0.016343
v -4.431165 1.097719 -0.030601
v -4.430546 1.099776 -0.042069
v -4.566430 1.144219 -0.005078
v -4.549790 1.141190 -0.051484
v -4.561889 1.138228 -0.019534
v -4.557133 1.135549 -0.033429
v -4.552884 1.136589 -0.044649
v -4.441672 1.106553 -0.001439
v -4.439428 1.107569 -0.048970
v -4.442153 1.101960 -0.016314
v -4.441896 1.100541 -0.030571
v -4.440939 1.102510 -0.042038
v -4.454703 1.110111 -0.001507
v -4.450894 1.110707 -0.049011
v -4.454648 1.105375 -0.016372
v -4.453906 1.103826 -0.030620
v -4.452587 1.105698 -0.042081
v -4.468786 1.114076 -0.001668
v -4.463334 1.114222 -0.049124
v -4.468156 1.109183 -0.016515
v -4.466898 1.107493 -0.030747
v -4.465205 1.109262 -0.042198
v -4.483570 1.118348 -0.001921
v -4.476423 1.118023 -0.049306
v -4.482339 1.113289 -0.016741
v -4.480549 1.111450 -0.030951
v -4.478472 1.113113 -0.042386
v -4.498690 1.122821 -0.002261
v -4.489827 1.122011 -0.049553
v -4.496849 1.117590 -0.017047
v -4.494517 1.115599 -0.031226
v -4.492051 1.117152 -0.042641
v -4.513772 1.127382 -0.002685
v -4.503202 1.126087 -0.049858
v -4.511323 1.121979 -0.017426
v -4.508454 1.119835 -0.031567
v -4.505603 1.121278 -0.042956
v -4.528441 1.131915 -0.003185
v -4.516211 1.130145 -0.050213
v -4.525404 1.126345 -0.017872
v -4.522014 1.124053 -0.031967
v -4.518785 1.125387 -0.043323
v -4.542332 1.136307 -0.003756
v -4.528518 1.134082 -0.050610
v -4.538742 1.130580 -0.018378
v -4.534856 1.128146 -0.032417
v -4.531266 1.129375 -0.043735
v -4.555101 1.140443 -0.004390
v -4.539803 1.137794 -0.051037
v -4.551005 1.134574 -0.018935
v -4.546659 1.132010 -0.032908
v -4.542726 1.133140 -0.044180
v -4.251074 1.062668 -0.006924
v -4.270196 1.068904 -0.053117
v -4.259145 1.059942 -0.021303
v -4.265614 1.060169 -0.035130
v -4.269494 1.063316 -0.046302
v -4.390035 1.093226 -0.001752
v -4.393466 1.095707 -0.049252
v -4.392600 1.089171 -0.016615
v -4.394153 1.088219 -0.030861
v -4.394457 1.090514 -0.042322
v -4.262794 1.064895 -0.006149
v -4.280632 1.070828 -0.052575
v -4.270425 1.062062 -0.020615
v -4.276495 1.062195 -0.034517
v -4.280079 1.065273 -0.045740
v -4.275947 1.067500 -0.005401
v -4.292313 1.073091 -0.052037
v -4.283073 1.064547 -0.019944
v -4.288685 1.064573 -0.033914
v -4.291930 1.067573 -0.045183
v -4.290207 1.070420 -0.004693
v -4.304996 1.075645 -0.051513
v -4.296778 1.067337 -0.019304
v -4.301896 1.067247 -0.033333
v -4.304782 1.070164 -0.044643
v -4.305219 1.073585 -0.004036
v -4.318351 1.078424 -0.051017
v -4.311200 1.070363 -0.018707
v -4.315796 1.070152 -0.032787
v -4.318307 1.072982 -0.044133
v -4.320607 1.076918 -0.003442
v -4.332038 1.081358 -0.050562
v -4.325979 1.073553 -0.018165
v -4.330038 1.073215 -0.032290
v -4.332166 1.075956 -0.043666
v -4.335990 1.080338 -0.002921
v -4.345709 1.084373 -0.050159
v -4.340749 1.076827 -0.017688
v -4.344267 1.076361 -0.031851
v -4.346009 1.079011 -0.043253
v -4.350986 1.083762 -0.002484
v -4.359018 1.087391 -0.049820
v -4.355143 1.080106 -0.017287
v -4.358129 1.079511 -0.031481
v -4.359490 1.082070 -0.042905
v -4.365223 1.087106 -0.002139
v -4.371624 1.090336 -0.049551
v -4.368804 1.083308 -0.016970
v -4.371278 1.082588 -0.031189
v -4.372268 1.085056 -0.042630
v -4.378347 1.090286 -0.001893
v -4.383201 1.093131 -0.049360
v -4.381393 1.086355 -0.016745
v -4.383386 1.085515 -0.030981
v -4.384020 1.087894 -0.042434
v -4.136006 1.050542 -0.022340
v -4.166015 1.059235 -0.064441
v -4.147739 1.048596 -0.035137
v -4.157562 1.049565 -0.047632
v -4.163980 1.053301 -0.057922
v -4.241052 1.060799 -0.007676
v -4.261283 1.067310 -0.053610
v -4.249488 1.058167 -0.021959
v -4.256295 1.058480 -0.035704
v -4.260437 1.061691 -0.046818
v -4.142566 1.050269 -0.020890
v -4.175129 1.058812 -0.062662
v -4.154341 1.048309 -0.033744
v -4.164665 1.049244 -0.046196
v -4.171965 1.052932 -0.056351
v -4.150575 1.050340 -0.019267
v -4.181688 1.058813 -0.061572
v -4.162073 1.048353 -0.032279
v -4.172023 1.049266 -0.044888
v -4.178912 1.052939 -0.055175
v -4.159896 1.050738 -0.017560
v -4.189687 1.059077 -0.060406
v -4.171096 1.048707 -0.030749
v -4.180691 1.049578 -0.043522
v -4.187220 1.053220 -0.053936
v -4.170329 1.051449 -0.015839
v -4.198844 1.059609 -0.059213
v -4.181202 1.049359 -0.029209
v -4.190439 1.050175 -0.042147
v -4.196634 1.053775 -0.052683
v -4.181630 1.052452 -0.014155
v -4.208838 1.060398 -0.058041
v -4.192141 1.050291 -0.027705
v -4.201003 1.051043 -0.040803
v -4.206866 1.054592 -0.051456
v -4.193524 1.053723 -0.012554
v -4.219381 1.061427 -0.056926
v -4.203644 1.051482 -0.026277
v -4.212111 1.052159 -0.039528
v -4.217637 1.055651 -0.050291
v -4.205718 1.055232 -0.011074
v -4.230178 1.062666 -0.055900
v -4.215423 1.052901 -0.024959
v -4.223480 1.053496 -0.038353
v -4.228661 1.056925 -0.049218
v -4.217906 1.056942 -0.009748
v -4.240936 1.064084 -0.054991
v -4.227184 1.054515 -0.023782
v -4.234819 1.055020 -0.037308
v -4.239648 1.058380 -0.048267
v -4.229784 1.058813 -0.008606
v -4.251359 1.065640 -0.054223
v -4.238632 1.056285 -0.022774
v -4.245840 1.056694 -0.036418
v -4.250309 1.059979 -0.047462
vn -0.2457 -0.8048 0.5403
vn -0.2377 -0.8071 0.5404
vn -0.1091 -0.8364 0.5372
vn 0.5842 -0.7296 0.3556
vn 0.2066 0.8156 -0.5405
vn 0.1977 0.8178 -0.5404
vn -0.2533 -0.8025 0.5402
vn 0.1215 -0.8523 0.5087
vn 0.2171 0.8128 -0.5406
vn -0.2609 -0.8002 0.5400
vn 0.0735 -0.8528 0.5170
vn 0.2264 0.8103 -0.5405
vn -0.2689 -0.7977 0.5398
vn 0.0387 -0.8519 0.5223
vn 0.2331 0.8084 -0.5405
vn -0.2778 -0.7949 0.5395
vn 0.0111 -0.8504 0.5260
vn 0.2415 0.8060 -0.5404
vn -0.2883 -0.7914 0.5391
vn -0.0122 -0.8487 0.5287
vn 0.2509 0.8033 -0.5402
vn -0.9532 0.3009 -0.0286
vn -0.2968 -0.7885 0.5387
vn -0.0332 -0.8467 0.5310
vn 0.2588 0.8009 -0.5401
vn 0.8707 0.3397 -0.3556
vn -0.3094 -0.7841 0.5381
vn -0.0531 -0.8445 0.5329
vn 0.2659 0.7986 -0.5399
vn -0.0648 0.8479 -0.5262
vn -0.3314 -0.7760 0.5367
vn -0.0729 -0.8419 0.5346
vn 0.2727 0.7965 -0.5397
vn -0.0645 0.8527 -0.5185
vn -0.3539 -0.7672 0.5350
vn -0.0936 -0.8389 0.5362
vn 0.2794 0.7943 -0.5394
vn -0.0389 0.8519 -0.5222
vn -0.3731 -0.7593 0.5332
vn -0.1119 -0.8359 0.5374
vn 0.2866 0.7919 -0.5392
vn -0.0174 0.8508 -0.5252
vn -0.3903 -0.7518 0.5315
vn -0.1218 -0.8341 0.5379
vn 0.2946 0.7892 -0.5388
vn 0.0018 0.8495 -0.5275
vn -0.4068 -0.7444 0.5296
vn -0.1297 -0.8327 0.5383
vn 0.3040 0.7860 -0.5383
vn 0.0199 0.8480 -0.5296
vn -0.4232 -0.7366 0.5275
vn -0.1395 -0.8308 0.5388
vn 0.3116 0.7833 -0.5379
vn 0.0379 0.8462 -0.5315
vn -0.4405 -0.7282 0.5252
vn -0.1478 -0.8291 0.5392
vn 0.3211 0.7798 -0.5374
vn 0.0566 0.8441 -0.5332
vn -0.4596 -0.7183 0.5222
vn -0.1551 -0.8276 0.5394
vn 0.3384 0.7733 -0.5362
vn 0.0771 0.8413 -0.5350
vn -0.4822 -0.7062 0.5185
vn -0.1621 -0.8261 0.5397
vn 0.3579 0.7656 -0.5346
vn 0.1010 0.8377 -0.5367
vn -0.5518 -0.6596 0.5104
vn -0.1691 -0.8246 0.5399
vn 0.3763 0.7579 -0.5329
vn 0.1241 0.8337 -0.5381
vn -0.1763 -0.8229 0.5401
vn 0.3946 0.7499 -0.5310
vn 0.1372 0.8313 -0.5387
vn -0.1844 -0.8211 0.5402
vn 0.4138 0.7411 -0.5287
vn 0.1460 0.8295 -0.5391
vn -0.1938 -0.8188 0.5404
vn 0.4348 0.7309 -0.5260
vn 0.1569 0.8272 -0.5395
vn -0.2023 -0.8167 0.5405
vn 0.4594 0.7184 -0.5223
vn 0.1660 0.8253 -0.5398
vn -0.2091 -0.8149 0.5405
vn 0.4900 0.7018 -0.5170
vn 0.1742 0.8234 -0.5400
vn -0.2184 -0.8125 0.5406
vn 0.5314 0.6774 -0.5087
vn 0.1819 0.8217 -0.5402
vn -0.2289 -0.8096 0.5405
vn 0.3237 0.7789 -0.5372
vn 0.1896 0.8198 -0.5403
vn -0.4965 0.6282 0.5990
vn 0.0539 0.5521 0.8320
vn -0.3801 0.6383 0.6694
vn -0.2260 0.6280 0.7447
vn -0.0885 0.5995 0.7955
vn 0.7762 0.6305 0.0037
vn 0.2647 0.5909 0.7621
vn 0.7174 0.6823 0.1406
vn 0.6112 0.7145 0.3405
vn 0.4587 0.6911 0.5585
vn 0.2099 0.3863 0.8982
vn 0.4803 -0.4737 0.7381
vn 0.3021 0.1066 0.9473
vn 0.3805 -0.1463 0.9131
vn 0.4410 -0.3493 0.8268
vn 0.1597 0.6557 0.7380
vn 0.1576 0.9358 -0.3153
vn 0.1873 0.8876 0.4208
vn 0.1870 0.9798 0.0714
vn 0.1727 0.9705 -0.1682
vn 0.1291 0.6450 0.7532
vn -0.0087 0.9826 -0.1853
vn 0.0933 0.8681 0.4876
vn 0.0501 0.9814 0.1851
vn 0.0157 0.9991 -0.0383
vn 0.1563 0.6555 0.7388
vn 0.1383 0.9426 -0.3038
vn 0.1769 0.8874 0.4257
vn 0.1717 0.9818 0.0808
vn 0.1549 0.9754 -0.1570
vn 0.1520 0.6547 0.7405
vn 0.1162 0.9500 -0.2899
vn 0.1638 0.8865 0.4328
vn 0.1528 0.9839 0.0930
vn 0.1337 0.9806 -0.1431
vn 0.1484 0.6537 0.7420
vn 0.0975 0.9558 -0.2773
vn 0.1529 0.8851 0.4395
vn 0.1370 0.9851 0.1044
vn 0.1158 0.9847 -0.1303
vn 0.1453 0.6527 0.7436
vn 0.0808 0.9608 -0.2651
vn 0.1433 0.8835 0.4460
vn 0.1231 0.9857 0.1154
vn 0.1000 0.9880 -0.1180
vn 0.1424 0.6516 0.7451
vn 0.0651 0.9653 -0.2527
vn 0.1344 0.8816 0.4525
vn 0.1102 0.9858 0.1264
vn 0.0852 0.9907 -0.1056
vn 0.1396 0.6504 0.7467
vn 0.0496 0.9696 -0.2397
vn 0.1258 0.8794 0.4591
vn 0.0976 0.9856 0.1378
vn 0.0706 0.9932 -0.0927
vn 0.1367 0.6492 0.7482
vn 0.0335 0.9737 -0.2253
vn 0.1170 0.8770 0.4661
vn 0.0846 0.9851 0.1500
vn 0.0556 0.9954 -0.0786
vn 0.1336 0.6480 0.7499
vn 0.0159 0.9778 -0.2087
vn 0.1074 0.8742 0.4735
vn 0.0704 0.9840 0.1635
vn 0.0391 0.9973 -0.0625
vn 0.1300 0.6467 0.7516
vn -0.0045 0.9821 -0.1884
vn 0.0964 0.8711 0.4816
vn 0.0540 0.9824 0.1790
vn 0.0200 0.9989 -0.0434
vn 0.1772 0.6552 0.7344
vn 0.2519 0.9064 -0.3392
vn 0.2414 0.8817 0.4054
vn 0.2656 0.9629 0.0466
vn 0.2620 0.9455 -0.1936
vn 0.1616 0.6558 0.7375
vn 0.1680 0.9323 -0.3203
vn 0.1932 0.8876 0.4181
vn 0.1955 0.9784 0.0665
vn 0.1824 0.9679 -0.1731
vn 0.1757 0.6558 0.7342
vn 0.2431 0.9089 -0.3389
vn 0.2365 0.8831 0.4053
vn 0.2583 0.9649 0.0467
vn 0.2536 0.9478 -0.1933
vn 0.1738 0.6561 0.7344
vn 0.2330 0.9118 -0.3383
vn 0.2308 0.8844 0.4058
vn 0.2499 0.9671 0.0474
vn 0.2441 0.9504 -0.1926
vn 0.1723 0.6563 0.7346
vn 0.2245 0.9142 -0.3373
vn 0.2259 0.8853 0.4064
vn 0.2428 0.9689 0.0484
vn 0.2360 0.9527 -0.1916
vn 0.1708 0.6564 0.7348
vn 0.2168 0.9165 -0.3362
vn 0.2215 0.8861 0.4072
vn 0.2364 0.9704 0.0496
vn 0.2287 0.9547 -0.1903
vn 0.1695 0.6565 0.7350
vn 0.2096 0.9187 -0.3347
vn 0.2174 0.8866 0.4082
vn 0.2304 0.9718 0.0512
vn 0.2219 0.9566 -0.1888
vn 0.1681 0.6565 0.7353
vn 0.2024 0.9210 -0.3329
vn 0.2132 0.8871 0.4094
vn 0.2244 0.9731 0.0530
vn 0.2151 0.9586 -0.1869
vn 0.1667 0.6565 0.7357
vn 0.1949 0.9234 -0.3307
vn 0.2089 0.8874 0.4109
vn 0.2182 0.9743 0.0554
vn 0.2080 0.9606 -0.1845
vn 0.1652 0.6564 0.7361
vn 0.1866 0.9261 -0.3279
vn 0.2042 0.8877 0.4128
vn 0.2113 0.9757 0.0583
vn 0.2002 0.9628 -0.1815
vn 0.1634 0.6563 0.7366
vn 0.1768 0.9293 -0.3243
vn 0.1986 0.8879 0.4150
vn 0.2033 0.9771 0.0620
vn 0.1911 0.9654 -0.1777
vn 0.1902 0.6475 0.7379
vn 0.3349 0.8877 -0.3160
vn 0.2837 0.8621 0.4200
vn 0.3307 0.9412 0.0698
vn 0.3388 0.9255 -0.1693
vn 0.1783 0.6548 0.7344
vn 0.2583 0.9047 -0.3390
vn 0.2448 0.8807 0.4055
vn 0.2708 0.9615 0.0468
vn 0.2680 0.9438 -0.1933
vn 0.1892 0.6488 0.7371
vn 0.3270 0.8893 -0.3198
vn 0.2801 0.8646 0.4171
vn 0.3250 0.9434 0.0657
vn 0.3318 0.9273 -0.1733
vn 0.1879 0.6497 0.7366
vn 0.3180 0.8911 -0.3238
vn 0.2758 0.8671 0.4148
vn 0.3182 0.9460 0.0618
vn 0.3236 0.9294 -0.1775
vn 0.1868 0.6506 0.7361
vn 0.3103 0.8926 -0.3270
vn 0.2721 0.8692 0.4128
vn 0.3124 0.9481 0.0586
vn 0.3166 0.9312 -0.1808
vn 0.1857 0.6513 0.7357
vn 0.3034 0.8941 -0.3295
vn 0.2687 0.8711 0.4112
vn 0.3070 0.9500 0.0560
vn 0.3102 0.9328 -0.1835
vn 0.1847 0.6520 0.7354
vn 0.2968 0.8955 -0.3317
vn 0.2654 0.8727 0.4098
vn 0.3019 0.9518 0.0538
vn 0.3041 0.9344 -0.1858
vn 0.1836 0.6526 0.7351
vn 0.2902 0.8970 -0.3335
vn 0.2619 0.8743 0.4086
vn 0.2966 0.9536 0.0519
vn 0.2979 0.9359 -0.1877
vn 0.1825 0.6532 0.7348
vn 0.2832 0.8986 -0.3352
vn 0.2583 0.8759 0.4075
vn 0.2910 0.9554 0.0503
vn 0.2914 0.9377 -0.1894
vn 0.1812 0.6538 0.7346
vn 0.2754 0.9004 -0.3366
vn 0.2541 0.8775 0.4066
vn 0.2848 0.9574 0.0488
vn 0.2841 0.9396 -0.1910
vn 0.1797 0.6545 0.7344
vn 0.2663 0.9027 -0.3380
vn 0.2492 0.8793 0.4058
vn 0.2773 0.9596 0.0475
vn 0.2755 0.9419 -0.1924
vn 0.2002 0.6299 0.7504
vn 0.4071 0.8702 -0.2775
vn 0.3144 0.8142 0.4881
vn 0.3836 0.9126 0.1418
vn 0.4051 0.9072 -0.1135
vn 0.1914 0.6466 0.7385
vn 0.3434 0.8861 -0.3114
vn 0.2874 0.8595 0.4227
vn 0.3368 0.9386 0.0744
vn 0.3464 0.9236 -0.1645
vn 0.2177 0.6214 0.7527
vn 0.5363 0.8286 -0.1607
vn 0.3718 0.7889 0.4892
vn 0.4745 0.8580 0.1965
vn 0.5190 0.8545 -0.0193
vn 0.2125 0.6259 0.7504
vn 0.5011 0.8432 -0.1949
vn 0.3563 0.8033 0.4772
vn 0.4496 0.8765 0.1720
vn 0.4876 0.8716 -0.0508
vn 0.2088 0.6294 0.7485
vn 0.4741 0.8527 -0.2193
vn 0.3448 0.8138 0.4677
vn 0.4309 0.8892 0.1536
vn 0.4638 0.8829 -0.0737
vn 0.2059 0.6325 0.7467
vn 0.4518 0.8597 -0.2382
vn 0.3355 0.8224 0.4595
vn 0.4155 0.8990 0.1385
vn 0.4441 0.8913 -0.0917
vn 0.2035 0.6352 0.7451
vn 0.4322 0.8653 -0.2538
vn 0.3273 0.8297 0.4521
vn 0.4018 0.9071 0.1254
vn 0.4268 0.8980 -0.1069
vn 0.2011 0.6378 0.7435
vn 0.4141 0.8701 -0.2673
vn 0.3196 0.8364 0.4453
vn 0.3890 0.9142 0.1137
vn 0.4106 0.9038 -0.1203
vn 0.1988 0.6402 0.7420
vn 0.3965 0.8745 -0.2795
vn 0.3119 0.8427 0.4389
vn 0.3763 0.9208 0.1028
vn 0.3947 0.9092 -0.1325
vn 0.1964 0.6426 0.7406
vn 0.3785 0.8786 -0.2911
vn 0.3037 0.8488 0.4328
vn 0.3630 0.9272 0.0924
vn 0.3784 0.9143 -0.1442
vn 0.1937 0.6450 0.7392
vn 0.3591 0.8829 -0.3026
vn 0.2947 0.8550 0.4268
vn 0.3485 0.9337 0.0821
vn 0.3607 0.9196 -0.1557
vn 0.0862 0.3814 0.9204
vn -0.2628 -0.6330 0.7282
vn -0.0456 0.0185 0.9988
vn -0.1608 -0.3179 0.9344
vn -0.2268 -0.5202 0.8234
vn 0.0560 0.4105 0.9101
vn -0.4352 -0.4100 0.8016
vn -0.1306 0.1326 0.9825
vn -0.2877 -0.1278 0.9491
vn -0.3818 -0.3023 0.8734
vn 0.0833 0.3834 0.9198
vn -0.2799 -0.6182 0.7345
vn -0.0538 0.0266 0.9982
vn -0.1732 -0.3049 0.9365
vn -0.2420 -0.5057 0.8281
vn 0.0801 0.3866 0.9187
vn -0.2993 -0.6006 0.7414
vn -0.0637 0.0377 0.9973
vn -0.1882 -0.2882 0.9389
vn -0.2599 -0.4877 0.8335
vn 0.0776 0.3895 0.9177
vn -0.3154 -0.5847 0.7474
vn -0.0716 0.0477 0.9963
vn -0.2003 -0.2731 0.9409
vn -0.2745 -0.4715 0.8381
vn 0.0755 0.3923 0.9167
vn -0.3294 -0.5697 0.7530
vn -0.0783 0.0572 0.9953
vn -0.2105 -0.2588 0.9427
vn -0.2871 -0.4562 0.8423
vn 0.0736 0.3950 0.9158
vn -0.3423 -0.5548 0.7583
vn -0.0842 0.0666 0.9942
vn -0.2198 -0.2447 0.9444
vn -0.2987 -0.4410 0.8464
vn 0.0717 0.3976 0.9148
vn -0.3548 -0.5392 0.7638
vn -0.0898 0.0760 0.9931
vn -0.2286 -0.2303 0.9459
vn -0.3097 -0.4252 0.8504
vn 0.0698 0.4003 0.9137
vn -0.3674 -0.5222 0.7696
vn -0.0955 0.0857 0.9917
vn -0.2375 -0.2149 0.9473
vn -0.3209 -0.4083 0.8546
vn 0.0677 0.4031 0.9126
vn -0.3810 -0.5027 0.7760
vn -0.1017 0.0962 0.9901
vn -0.2471 -0.1980 0.9486
vn -0.3329 -0.3890 0.8590
vn 0.0651 0.4061 0.9115
vn -0.3962 -0.4790 0.7833
vn -0.1090 0.1079 0.9882
vn -0.2581 -0.1782 0.9495
vn -0.3465 -0.3660 0.8637
vn 0.1014 0.3723 0.9226
vn -0.1726 -0.6779 0.7146
vn 0.0019 -0.0121 0.9999
vn -0.0894 -0.3620 0.9279
vn -0.1430 -0.5661 0.8119
vn 0.0878 0.3803 0.9207
vn -0.2533 -0.6399 0.7255
vn -0.0409 0.0141 0.9991
vn -0.1537 -0.3247 0.9332
vn -0.2182 -0.5272 0.8213
vn 0.0998 0.3725 0.9226
vn -0.1814 -0.6753 0.7149
vn -0.0031 -0.0109 0.9999
vn -0.0967 -0.3599 0.9280
vn -0.1514 -0.5636 0.8120
vn 0.0980 0.3732 0.9225
vn -0.1914 -0.6721 0.7153
vn -0.0086 -0.0089 0.9999
vn -0.1049 -0.3570 0.9282
vn -0.1608 -0.5605 0.8124
vn 0.0966 0.3739 0.9224
vn -0.1998 -0.6691 0.7158
vn -0.0132 -0.0069 0.9999
vn -0.1117 -0.3542 0.9285
vn -0.1687 -0.5575 0.8129
vn 0.0953 0.3745 0.9223
vn -0.2072 -0.6661 0.7165
vn -0.0172 -0.0049 0.9998
vn -0.1177 -0.3514 0.9288
vn -0.1757 -0.5544 0.8135
vn 0.0941 0.3752 0.9222
vn -0.2142 -0.6630 0.7174
vn -0.0209 -0.0027 0.9998
vn -0.1233 -0.3483 0.9292
vn -0.1822 -0.5513 0.8142
vn 0.0930 0.3759 0.9220
vn -0.2211 -0.6596 0.7184
vn -0.0246 -0.0003 0.9997
vn -0.1288 -0.3450 0.9297
vn -0.1886 -0.5478 0.8151
vn 0.0918 0.3767 0.9218
vn -0.2283 -0.6557 0.7196
vn -0.0282 0.0024 0.9996
vn -0.1344 -0.3411 0.9304
vn -0.1952 -0.5439 0.8162
vn 0.0905 0.3777 0.9215
vn -0.2361 -0.6512 0.7212
vn -0.0322 0.0056 0.9995
vn -0.1404 -0.3366 0.9311
vn -0.2023 -0.5392 0.8175
vn 0.0890 0.3788 0.9212
vn -0.2452 -0.6456 0.7233
vn -0.0368 0.0094 0.9993
vn -0.1472 -0.3310 0.9321
vn -0.2106 -0.5334 0.8192
vn 0.1167 0.3733 0.9204
vn -0.0854 -0.6809 0.7274
vn 0.0506 -0.0080 0.9987
vn -0.0173 -0.3576 0.9337
vn -0.0607 -0.5655 0.8225
vn 0.1025 0.3721 0.9225
vn -0.1662 -0.6794 0.7147
vn 0.0054 -0.0129 0.9999
vn -0.0841 -0.3632 0.9279
vn -0.1370 -0.5674 0.8119
vn 0.1152 0.3725 0.9208
vn -0.0940 -0.6819 0.7253
vn 0.0457 -0.0100 0.9989
vn -0.0243 -0.3599 0.9327
vn -0.0686 -0.5672 0.8207
vn 0.1135 0.3722 0.9212
vn -0.1037 -0.6829 0.7231
vn 0.0404 -0.0114 0.9991
vn -0.0322 -0.3618 0.9317
vn -0.0778 -0.5686 0.8189
vn 0.1121 0.3719 0.9215
vn -0.1120 -0.6834 0.7214
vn 0.0359 -0.0125 0.9993
vn -0.0390 -0.3632 0.9309
vn -0.0855 -0.5696 0.8175
vn 0.1108 0.3717 0.9217
vn -0.1194 -0.6837 0.7199
vn 0.0317 -0.0133 0.9994
vn -0.0451 -0.3642 0.9302
vn -0.0925 -0.5702 0.8163
vn 0.1096 0.3716 0.9219
vn -0.1264 -0.6837 0.7188
vn 0.0278 -0.0139 0.9995
vn -0.0509 -0.3649 0.9297
vn -0.0991 -0.5705 0.8153
vn 0.1083 0.3715 0.9221
vn -0.1333 -0.6834 0.7177
vn 0.0239 -0.0142 0.9996
vn -0.0568 -0.3652 0.9292
vn -0.1058 -0.5706 0.8144
vn 0.1070 0.3715 0.9223
vn -0.1406 -0.6829 0.7168
vn 0.0197 -0.0143 0.9997
vn -0.0629 -0.3653 0.9288
vn -0.1127 -0.5703 0.8136
vn 0.1056 0.3715 0.9224
vn -0.1486 -0.6821 0.7160
vn 0.0152 -0.0142 0.9998
vn -0.0696 -0.3650 0.9284
vn -0.1203 -0.5697 0.8130
vn 0.1039 0.3716 0.9225
vn -0.1580 -0.6808 0.7153
vn 0.0099 -0.0138 0.9999
vn -0.0774 -0.3642 0.9281
vn -0.1292 -0.5687 0.8124
vn 0.1349 0.3863 0.9124
vn -0.0047 -0.6670 0.7450
vn 0.1113 0.0564 0.9922
vn 0.0576 -0.3039 0.9509
vn 0.0189 -0.5341 0.8452
vn 0.1182 0.3736 0.9200
vn -0.0760 -0.6793 0.7299
vn 0.0554 -0.0061 0.9984
vn -0.0098 -0.3550 0.9348
vn -0.0520 -0.5633 0.8246
vn 0.1544 0.3849 0.9100
vn 0.1543 -0.5968 0.7874
vn 0.1725 0.0451 0.9840
vn 0.1721 -0.2706 0.9472
vn 0.1628 -0.4748 0.8649
vn 0.1475 0.3833 0.9118
vn 0.1093 -0.6190 0.7777
vn 0.1505 0.0355 0.9880
vn 0.1373 -0.2892 0.9474
vn 0.1210 -0.4968 0.8594
vn 0.1425 0.3818 0.9132
vn 0.0757 -0.6340 0.7696
vn 0.1342 0.0278 0.9906
vn 0.1115 -0.3028 0.9465
vn 0.0900 -0.5121 0.8542
vn 0.1384 0.3802 0.9145
vn 0.0486 -0.6450 0.7627
vn 0.1209 0.0212 0.9924
vn 0.0905 -0.3137 0.9452
vn 0.0650 -0.5237 0.8494
vn 0.1347 0.3788 0.9156
vn 0.0253 -0.6535 0.7565
vn 0.1091 0.0152 0.9939
vn 0.0722 -0.3230 0.9436
vn 0.0433 -0.5330 0.8450
vn 0.1314 0.3774 0.9167
vn 0.0040 -0.6605 0.7508
vn 0.0981 0.0098 0.9951
vn 0.0553 -0.3310 0.9420
vn 0.0235 -0.5409 0.8408
vn 0.1281 0.3762 0.9177
vn -0.0164 -0.6664 0.7454
vn 0.0874 0.0049 0.9962
vn 0.0389 -0.3382 0.9403
vn 0.0043 -0.5478 0.8366
vn 0.1247 0.3750 0.9186
vn -0.0369 -0.6716 0.7400
vn 0.0764 0.0005 0.9971
vn 0.0222 -0.3448 0.9384
vn -0.0150 -0.5539 0.8325
vn 0.1210 0.3740 0.9195
vn -0.0586 -0.6762 0.7344
vn 0.0646 -0.0036 0.9979
vn 0.0044 -0.3507 0.9365
vn -0.0356 -0.5595 0.8281
vn -0.2257 -0.4893 -0.8424
vn -0.7171 -0.1913 -0.6702
vn -0.3652 -0.4266 -0.8274
vn -0.4925 -0.3580 -0.7933
vn -0.6261 -0.2715 -0.7309
vn -0.0114 -0.4395 -0.8982
vn 0.6528 0.1701 -0.7381
vn 0.2083 -0.2434 -0.9473
vn 0.4027 -0.0635 -0.9131
vn 0.5565 0.0820 -0.8268
vn 0.3570 -0.9341 -0.0037
vn -0.0662 -0.6441 -0.7621
vn 0.2801 -0.9496 -0.1406
vn 0.1721 -0.9244 -0.3405
vn 0.0517 -0.8279 -0.5585
vn 0.0889 0.6796 -0.7282
vn -0.1161 -0.3732 -0.9205
vn 0.0636 0.5641 -0.8232
vn 0.0197 0.3562 -0.9342
vn -0.0487 0.0072 -0.9988
vn -0.1185 0.6008 -0.7906
vn -0.1501 -0.3840 -0.9110
vn -0.1344 0.4784 -0.8678
vn -0.1505 0.2754 -0.9495
vn -0.1595 -0.0412 -0.9863
vn 0.0666 0.6754 -0.7344
vn -0.1195 -0.3734 -0.9199
vn 0.0431 0.5592 -0.8279
vn 0.0023 0.3512 -0.9363
vn -0.0599 0.0046 -0.9982
vn 0.0410 0.6698 -0.7414
vn -0.1239 -0.3745 -0.9189
vn 0.0186 0.5526 -0.8332
vn -0.0190 0.3444 -0.9386
vn -0.0741 0.0001 -0.9973
vn 0.0192 0.6642 -0.7473
vn -0.1276 -0.3757 -0.9179
vn -0.0022 0.5460 -0.8378
vn -0.0371 0.3376 -0.9405
vn -0.0859 -0.0044 -0.9963
vn -0.0005 0.6582 -0.7529
vn -0.1308 -0.3769 -0.9170
vn -0.0209 0.5392 -0.8419
vn -0.0532 0.3307 -0.9422
vn -0.0965 -0.0089 -0.9953
vn -0.0192 0.6517 -0.7582
vn -0.1338 -0.3780 -0.9161
vn -0.0385 0.5320 -0.8459
vn -0.0683 0.3235 -0.9438
vn -0.1063 -0.0136 -0.9942
vn -0.0378 0.6445 -0.7636
vn -0.1368 -0.3792 -0.9152
vn -0.0561 0.5241 -0.8498
vn -0.0833 0.3159 -0.9451
vn -0.1160 -0.0183 -0.9931
vn -0.0574 0.6362 -0.7694
vn -0.1398 -0.3802 -0.9143
vn -0.0745 0.5153 -0.8538
vn -0.0989 0.3077 -0.9463
vn -0.1259 -0.0232 -0.9918
vn -0.0790 0.6261 -0.7757
vn -0.1431 -0.3812 -0.9133
vn -0.0948 0.5049 -0.8580
vn -0.1160 0.2986 -0.9473
vn -0.1368 -0.0282 -0.9902
vn -0.1043 0.6132 -0.7830
vn -0.1470 -0.3821 -0.9124
vn -0.1187 0.4921 -0.8624
vn -0.1360 0.2879 -0.9479
vn -0.1494 -0.0335 -0.9882
vn 0.1895 0.6734 -0.7146
vn -0.0983 -0.3731 -0.9226
vn 0.1592 0.5617 -0.8119
vn 0.1036 0.3582 -0.9279
vn 0.0077 0.0096 -0.9999
vn 0.1006 0.6809 -0.7254
vn -0.1141 -0.3731 -0.9207
vn 0.0745 0.5658 -0.8211
vn 0.0293 0.3584 -0.9331
vn -0.0424 0.0087 -0.9991
vn 0.1806 0.6756 -0.7148
vn -0.0999 -0.3725 -0.9226
vn 0.1507 0.5638 -0.8120
vn 0.0962 0.3601 -0.9280
vn 0.0028 0.0110 -0.9999
vn 0.1703 0.6778 -0.7153
vn -0.1017 -0.3722 -0.9226
vn 0.1410 0.5658 -0.8124
vn 0.0877 0.3617 -0.9282
vn -0.0030 0.0120 -0.9999
vn 0.1615 0.6793 -0.7158
vn -0.1033 -0.3720 -0.9224
vn 0.1326 0.5671 -0.8129
vn 0.0804 0.3627 -0.9284
vn -0.0079 0.0126 -0.9999
vn 0.1536 0.6804 -0.7165
vn -0.1047 -0.3720 -0.9223
vn 0.1251 0.5680 -0.8135
vn 0.0737 0.3633 -0.9288
vn -0.0125 0.0129 -0.9998
vn 0.1460 0.6812 -0.7174
vn -0.1061 -0.3719 -0.9222
vn 0.1178 0.5685 -0.8142
vn 0.0673 0.3634 -0.9292
vn -0.0168 0.0129 -0.9998
vn 0.1383 0.6818 -0.7184
vn -0.1075 -0.3720 -0.9220
vn 0.1106 0.5687 -0.8151
vn 0.0610 0.3633 -0.9297
vn -0.0211 0.0127 -0.9997
vn 0.1302 0.6820 -0.7196
vn -0.1089 -0.3721 -0.9218
vn 0.1029 0.5686 -0.8161
vn 0.0542 0.3628 -0.9303
vn -0.0256 0.0122 -0.9996
vn 0.1211 0.6820 -0.7212
vn -0.1105 -0.3722 -0.9215
vn 0.0943 0.5682 -0.8175
vn 0.0467 0.3619 -0.9311
vn -0.0307 0.0115 -0.9995
vn 0.1104 0.6817 -0.7233
vn -0.1123 -0.3724 -0.9212
vn 0.0843 0.5674 -0.8191
vn 0.0380 0.3605 -0.9320
vn -0.0366 0.0105 -0.9993
vn 0.2664 0.6324 -0.7274
vn -0.0855 -0.3816 -0.9204
vn 0.2302 0.5201 -0.8225
vn 0.1638 0.3184 -0.9337
vn 0.0478 -0.0184 -0.9987
vn 0.1958 0.6715 -0.7147
vn -0.0973 -0.3735 -0.9225
vn 0.1651 0.5599 -0.8119
vn 0.1087 0.3566 -0.9279
vn 0.0111 0.0084 -0.9999
vn 0.2596 0.6376 -0.7253
vn -0.0865 -0.3802 -0.9208
vn 0.2241 0.5255 -0.8207
vn 0.1589 0.3238 -0.9327
vn 0.0446 -0.0142 -0.9989
vn 0.2516 0.6433 -0.7231
vn -0.0878 -0.3791 -0.9212
vn 0.2170 0.5313 -0.8189
vn 0.1530 0.3294 -0.9317
vn 0.0407 -0.0104 -0.9991
vn 0.2447 0.6479 -0.7214
vn -0.0889 -0.3782 -0.9215
vn 0.2107 0.5360 -0.8175
vn 0.1478 0.3340 -0.9309
vn 0.0373 -0.0071 -0.9993
vn 0.2385 0.6518 -0.7199
vn -0.0899 -0.3773 -0.9217
vn 0.2050 0.5401 -0.8163
vn 0.1430 0.3380 -0.9302
vn 0.0341 -0.0044 -0.9994
vn 0.2324 0.6553 -0.7188
vn -0.0909 -0.3766 -0.9219
vn 0.1994 0.5437 -0.8153
vn 0.1383 0.3415 -0.9297
vn 0.0310 -0.0019 -0.9995
vn 0.2263 0.6585 -0.7177
vn -0.0919 -0.3759 -0.9221
vn 0.1937 0.5470 -0.8144
vn 0.1335 0.3447 -0.9292
vn 0.0278 0.0004 -0.9996
vn 0.2197 0.6617 -0.7168
vn -0.0931 -0.3752 -0.9223
vn 0.1876 0.5503 -0.8136
vn 0.1282 0.3478 -0.9288
vn 0.0243 0.0026 -0.9997
vn 0.2124 0.6650 -0.7160
vn -0.0943 -0.3745 -0.9224
vn 0.1807 0.5536 -0.8130
vn 0.1222 0.3509 -0.9284
vn 0.0203 0.0047 -0.9998
vn 0.2036 0.6686 -0.7153
vn -0.0958 -0.3738 -0.9225
vn 0.1724 0.5571 -0.8124
vn 0.1151 0.3541 -0.9281
vn 0.0155 0.0070 -0.9999
vn 0.3294 0.5800 -0.7450
vn -0.0763 -0.4020 -0.9124
vn 0.2834 0.4531 -0.8452
vn 0.2019 0.2344 -0.9509
vn 0.0682 -0.1045 -0.9922
vn 0.2738 0.6263 -0.7299
vn -0.0844 -0.3827 -0.9200
vn 0.2366 0.5139 -0.8246
vn 0.1690 0.3123 -0.9348
vn 0.0511 -0.0225 -0.9984
vn 0.4320 0.4397 -0.7874
vn -0.0588 -0.4105 -0.9100
vn 0.3784 0.3297 -0.8649
vn 0.2844 0.1483 -0.9472
vn 0.1268 -0.1253 -0.9840
vn 0.4041 0.4815 -0.7777
vn -0.0639 -0.4057 -0.9118
vn 0.3532 0.3697 -0.8594
vn 0.2635 0.1818 -0.9474
vn 0.1126 -0.1060 -0.9880
vn 0.3826 0.5112 -0.7696
vn -0.0675 -0.4018 -0.9132
vn 0.3340 0.3984 -0.8542
vn 0.2480 0.2065 -0.9465
vn 0.1023 -0.0912 -0.9906
vn 0.3646 0.5342 -0.7627
vn -0.0703 -0.3985 -0.9145
vn 0.3181 0.4210 -0.8494
vn 0.2353 0.2264 -0.9452
vn 0.0941 -0.0787 -0.9924
vn 0.3486 0.5533 -0.7565
vn -0.0727 -0.3954 -0.9156
vn 0.3040 0.4399 -0.8450
vn 0.2240 0.2436 -0.9436
vn 0.0869 -0.0677 -0.9939
vn 0.3337 0.5700 -0.7508
vn -0.0749 -0.3926 -0.9167
vn 0.2908 0.4567 -0.8408
vn 0.2134 0.2590 -0.9420
vn 0.0801 -0.0576 -0.9951
vn 0.3190 0.5853 -0.7454
vn -0.0772 -0.3898 -0.9177
vn 0.2776 0.4722 -0.8366
vn 0.2028 0.2735 -0.9403
vn 0.0732 -0.0480 -0.9962
vn 0.3038 0.6000 -0.7400
vn -0.0795 -0.3871 -0.9186
vn 0.2639 0.4872 -0.8325
vn 0.1916 0.2875 -0.9384
vn 0.0659 -0.0386 -0.9971
vn 0.2873 0.6149 -0.7344
vn -0.0822 -0.3844 -0.9195
vn 0.2489 0.5023 -0.8281
vn 0.1791 0.3016 -0.9365
vn 0.0577 -0.0292 -0.9979
vn -0.3314 -0.8893 0.3153
vn -0.1895 -0.6475 -0.7381
vn -0.3356 -0.9269 0.1680
vn -0.3278 -0.9420 -0.0718
vn -0.2814 -0.8622 -0.4213
vn -0.5414 -0.8287 0.1421
vn -0.2164 -0.6197 -0.7544
vn -0.5207 -0.8537 0.0015
vn -0.4728 -0.8554 -0.2118
vn -0.3682 -0.7853 -0.4976
vn -0.3514 -0.8856 0.3037
vn -0.1923 -0.6457 -0.7390
vn -0.3533 -0.9223 0.1567
vn -0.3420 -0.9362 -0.0814
vn -0.2902 -0.8568 -0.4263
vn -0.3743 -0.8808 0.2899
vn -0.1955 -0.6427 -0.7407
vn -0.3743 -0.9162 0.1428
vn -0.3593 -0.9285 -0.0937
vn -0.3011 -0.8493 -0.4336
vn -0.3934 -0.8766 0.2772
vn -0.1981 -0.6400 -0.7424
vn -0.3917 -0.9109 0.1299
vn -0.3734 -0.9217 -0.1053
vn -0.3097 -0.8426 -0.4405
vn -0.4103 -0.8726 0.2650
vn -0.2002 -0.6375 -0.7440
vn -0.4070 -0.9058 0.1174
vn -0.3856 -0.9152 -0.1166
vn -0.3170 -0.8363 -0.4473
vn -0.4261 -0.8687 0.2526
vn -0.2021 -0.6350 -0.7456
vn -0.4211 -0.9009 0.1049
vn -0.3967 -0.9090 -0.1280
vn -0.3236 -0.8301 -0.4541
vn -0.4416 -0.8647 0.2395
vn -0.2038 -0.6324 -0.7473
vn -0.4348 -0.8959 0.0917
vn -0.4073 -0.9025 -0.1400
vn -0.3297 -0.8238 -0.4613
vn -0.4575 -0.8602 0.2251
vn -0.2055 -0.6297 -0.7491
vn -0.4486 -0.8904 0.0773
vn -0.4179 -0.8956 -0.1527
vn -0.3357 -0.8170 -0.4688
vn -0.4747 -0.8551 0.2085
vn -0.2074 -0.6269 -0.7510
vn -0.4635 -0.8840 0.0610
vn -0.4291 -0.8877 -0.1669
vn -0.3421 -0.8096 -0.4770
vn -0.4943 -0.8487 0.1882
vn -0.2095 -0.6237 -0.7530
vn -0.4803 -0.8761 0.0417
vn -0.4417 -0.8783 -0.1832
vn -0.3493 -0.8011 -0.4860
vn -0.2350 -0.9109 0.3392
vn -0.1742 -0.6560 -0.7344
vn -0.2458 -0.9498 0.1935
vn -0.2514 -0.9668 -0.0466
vn -0.2318 -0.8843 -0.4054
vn -0.3207 -0.8914 0.3202
vn -0.1879 -0.6486 -0.7376
vn -0.3259 -0.9294 0.1729
vn -0.3198 -0.9451 -0.0669
vn -0.2764 -0.8652 -0.4184
vn -0.2439 -0.9086 0.3389
vn -0.1758 -0.6557 -0.7342
vn -0.2542 -0.9476 0.1933
vn -0.2588 -0.9648 -0.0467
vn -0.2368 -0.8830 -0.4053
vn -0.2541 -0.9061 0.3382
vn -0.1775 -0.6551 -0.7344
vn -0.2638 -0.9451 0.1926
vn -0.2671 -0.9625 -0.0474
vn -0.2423 -0.8812 -0.4058
vn -0.2627 -0.9040 0.3373
vn -0.1790 -0.6545 -0.7346
vn -0.2720 -0.9430 0.1916
vn -0.2741 -0.9605 -0.0484
vn -0.2470 -0.8796 -0.4065
vn -0.2705 -0.9021 0.3361
vn -0.1803 -0.6539 -0.7348
vn -0.2793 -0.9412 0.1903
vn -0.2804 -0.9586 -0.0497
vn -0.2512 -0.8781 -0.4073
vn -0.2778 -0.9004 0.3347
vn -0.1815 -0.6533 -0.7351
vn -0.2862 -0.9394 0.1887
vn -0.2863 -0.9568 -0.0512
vn -0.2550 -0.8765 -0.4083
vn -0.2852 -0.8988 0.3329
vn -0.1826 -0.6526 -0.7354
vn -0.2930 -0.9377 0.1868
vn -0.2922 -0.9549 -0.0532
vn -0.2588 -0.8748 -0.4096
vn -0.2929 -0.8971 0.3307
vn -0.1838 -0.6518 -0.7357
vn -0.3001 -0.9359 0.1844
vn -0.2982 -0.9529 -0.0555
vn -0.2627 -0.8729 -0.4111
vn -0.3015 -0.8953 0.3279
vn -0.1851 -0.6510 -0.7362
vn -0.3080 -0.9339 0.1814
vn -0.3048 -0.9506 -0.0585
vn -0.2670 -0.8707 -0.4130
vn -0.3115 -0.8932 0.3242
vn -0.1866 -0.6499 -0.7367
vn -0.3171 -0.9316 0.1776
vn -0.3124 -0.9479 -0.0623
vn -0.2718 -0.8681 -0.4153
vn -0.1539 -0.9362 0.3160
vn -0.1590 -0.6559 -0.7379
vn -0.1694 -0.9709 0.1693
vn -0.1842 -0.9804 -0.0698
vn -0.1854 -0.8884 -0.4200
vn -0.2287 -0.9126 0.3390
vn -0.1730 -0.6562 -0.7344
vn -0.2398 -0.9514 0.1933
vn -0.2462 -0.9681 -0.0468
vn -0.2283 -0.8851 -0.4056
vn -0.1614 -0.9336 0.3198
vn -0.1605 -0.6564 -0.7371
vn -0.1763 -0.9690 0.1733
vn -0.1903 -0.9795 -0.0657
vn -0.1897 -0.8888 -0.4171
vn -0.1701 -0.9307 0.3238
vn -0.1621 -0.6566 -0.7366
vn -0.1844 -0.9667 0.1775
vn -0.1974 -0.9784 -0.0618
vn -0.1947 -0.8889 -0.4148
vn -0.1776 -0.9282 0.3270
vn -0.1635 -0.6568 -0.7361
vn -0.1914 -0.9647 0.1808
vn -0.2035 -0.9773 -0.0586
vn -0.1990 -0.8888 -0.4128
vn -0.1843 -0.9260 0.3295
vn -0.1648 -0.6569 -0.7357
vn -0.1977 -0.9629 0.1835
vn -0.2091 -0.9763 -0.0560
vn -0.2028 -0.8887 -0.4112
vn -0.1907 -0.9239 0.3317
vn -0.1660 -0.6570 -0.7354
vn -0.2038 -0.9612 0.1858
vn -0.2145 -0.9752 -0.0538
vn -0.2066 -0.8885 -0.4098
vn -0.1972 -0.9219 0.3335
vn -0.1673 -0.6570 -0.7351
vn -0.2100 -0.9595 0.1877
vn -0.2199 -0.9741 -0.0519
vn -0.2103 -0.8882 -0.4086
vn -0.2040 -0.9198 0.3352
vn -0.1685 -0.6570 -0.7349
vn -0.2165 -0.9577 0.1894
vn -0.2257 -0.9729 -0.0503
vn -0.2143 -0.8877 -0.4075
vn -0.2117 -0.9175 0.3366
vn -0.1700 -0.6569 -0.7346
vn -0.2237 -0.9558 0.1910
vn -0.2321 -0.9715 -0.0488
vn -0.2187 -0.8870 -0.4066
vn -0.2207 -0.9149 0.3380
vn -0.1716 -0.6567 -0.7344
vn -0.2323 -0.9534 0.1924
vn -0.2396 -0.9697 -0.0475
vn -0.2239 -0.8861 -0.4058
vn -0.0825 -0.9572 0.2775
vn -0.1416 -0.6457 -0.7504
vn -0.1028 -0.9882 0.1135
vn -0.1241 -0.9821 -0.1418
vn -0.1348 -0.8623 -0.4881
vn -0.1456 -0.9391 0.3114
vn -0.1576 -0.6556 -0.7385
vn -0.1618 -0.9730 0.1645
vn -0.1776 -0.9813 -0.0744
vn -0.1809 -0.8880 -0.4227
vn 0.0501 -0.9857 0.1607
vn -0.1221 -0.6470 -0.7527
vn 0.0222 -0.9996 0.0193
vn -0.0181 -0.9803 -0.1965
vn -0.0725 -0.8692 -0.4892
vn 0.0123 -0.9807 0.1949
vn -0.1289 -0.6483 -0.7504
vn -0.0135 -0.9986 0.0508
vn -0.0489 -0.9839 -0.1720
vn -0.0931 -0.8738 -0.4772
vn -0.0158 -0.9755 0.2193
vn -0.1339 -0.6495 -0.7485
vn -0.0398 -0.9965 0.0737
vn -0.0714 -0.9855 -0.1536
vn -0.1083 -0.8772 -0.4677
vn -0.0386 -0.9704 0.2382
vn -0.1379 -0.6507 -0.7467
vn -0.0610 -0.9939 0.0917
vn -0.0897 -0.9863 -0.1385
vn -0.1206 -0.8800 -0.4595
vn -0.0583 -0.9655 0.2538
vn -0.1414 -0.6518 -0.7451
vn -0.0794 -0.9911 0.1069
vn -0.1056 -0.9865 -0.1254
vn -0.1314 -0.8822 -0.4521
vn -0.0764 -0.9606 0.2673
vn -0.1447 -0.6529 -0.7435
vn -0.0963 -0.9881 0.1203
vn -0.1202 -0.9862 -0.1137
vn -0.1414 -0.8841 -0.4453
vn -0.0939 -0.9555 0.2795
vn -0.1479 -0.6539 -0.7420
vn -0.1127 -0.9847 0.1325
vn -0.1345 -0.9856 -0.1028
vn -0.1512 -0.8857 -0.4389
vn -0.1116 -0.9502 0.2911
vn -0.1512 -0.6547 -0.7406
vn -0.1295 -0.9810 0.1442
vn -0.1492 -0.9845 -0.0924
vn -0.1614 -0.8869 -0.4328
vn -0.1304 -0.9441 0.3026
vn -0.1548 -0.6555 -0.7392
vn -0.1474 -0.9767 0.1557
vn -0.1650 -0.9829 -0.0821
vn -0.1723 -0.8878 -0.4268
vt 0.000000 0.000000
s 1
usemtl Material.001
f 3800/617/2068 3730/617/1998 3775/617/2043 4041/617/2309
f 3775/617/2043 3730/617/1998 4256/617/2524 4495/617/2763
f 3709/617/1977 3715/617/1983 4575/617/2843 4570/617/2838
f 3774/617/2042 3778/617/2046 4270/617/2538 4280/617/2548
f 3799/617/2067 3714/617/1982 4345/617/2613 4350/617/2618
f 3715/617/1983 3718/617/1986 4580/617/2848 4575/617/2843
f 3744/617/2012 3748/617/2016 4660/617/2928 4705/617/2973
f 3714/617/1982 3713/617/1981 4340/617/2608 4345/617/2613
f 3718/617/1986 3721/617/1989 4585/617/2853 4580/617/2848
f 3719/617/1987 3722/617/1990 4675/617/2943 4670/617/2938
f 3720/617/1988 3723/617/1991 4385/617/2653 4325/617/2593
f 3721/617/1989 3724/617/1992 4590/617/2858 4585/617/2853
f 3722/617/1990 3725/617/1993 4680/617/2948 4675/617/2943
f 3781/617/2049 3784/617/2052 4375/617/2643 4330/617/2598
f 3724/617/1992 3727/617/1995 4595/617/2863 4590/617/2858
f 3725/617/1993 3728/617/1996 4685/617/2953 4680/617/2948
f 3753/617/2021 3757/617/2025 4390/617/2658 4395/617/2663
f 3748/617/2016 3752/617/2020 4600/617/2868 4660/617/2928
f 3728/617/1996 3732/617/2000 4690/617/2958 4685/617/2953
f 3795/617/2063 3798/617/2066 4435/617/2703 4445/617/2713
f 3794/617/2062 3797/617/2065 4560/617/2828 4555/617/2823
f 3732/617/2000 3736/617/2004 4695/617/2963 4690/617/2958
f 3726/617/1994 3729/617/1997 4425/617/2693 4430/617/2698
f 3798/617/2066 3734/617/2002 4261/617/2529 4435/617/2703
f 3735/617/2003 3739/617/2007 4500/617/2768 4490/617/2758
f 3736/617/2004 3740/617/2008 4700/617/2968 4695/617/2963
f 3729/617/1997 3733/617/2001 4420/617/2688 4425/617/2693
f 4276/617/2544 4321/617/2589 4316/617/2584 4311/617/2579 4306/617/2574 4301/617/2569 4296/617/2564 4291/617/2559 4286/617/2554 4281/617/2549 4271/617/2539 4331/617/2599 4376/617/2644 4371/617/2639 4366/617/2634 4361/617/2629 4356/617/2624 4351/617/2619 4346/617/2614 4341/617/2609 4336/617/2604 4326/617/2594 4386/617/2654 4431/617/2699 4426/617/2694 4421/617/2689 4416/617/2684 4411/617/2679 4406/617/2674 4401/617/2669 4396/617/2664 4391/617/2659 4381/617/2649 4441/617/2709 4486/617/2754 4481/617/2749 4476/617/2744 4471/617/2739 4466/617/2734 4461/617/2729 4456/617/2724 4451/617/2719 4446/617/2714 4436/617/2704 4260/617/2528 4266/617/2534 4656/617/2924 4666/617/2934 4671/617/2939 4676/617/2944 4681/617/2949 4686/617/2954 4691/617/2959 4696/617/2964 4701/617/2969 4706/617/2974 4661/617/2929 4601/617/2869 4611/617/2879 4616/617/2884 4621/617/2889 4626/617/2894 4631/617/2899 4636/617/2904 4641/617/2909 4646/617/2914 4651/617/2919 4606/617/2874 4546/617/2814 4556/617/2824 4561/617/2829 4566/617/2834 4571/617/2839 4576/617/2844 4581/617/2849 4586/617/2854 4591/617/2859 4596/617/2864 4551/617/2819 4491/617/2759 4501/617/2769 4506/617/2774 4511/617/2779 4516/617/2784 4521/617/2789 4526/617/2794 4531/617/2799 4536/617/2804 4541/617/2809 4496/617/2764 4255/617/2523
f 3771/617/2039 3775/617/2043 4495/617/2763 4540/617/2808
f 3740/617/2008 3744/617/2012 4705/617/2973 4700/617/2968
f 3733/617/2001 3737/617/2005 4415/617/2683 4420/617/2688
f 3770/617/2038 3774/617/2042 4280/617/2548 4285/617/2553
f 3743/617/2011 3747/617/2015 4510/617/2778 4505/617/2773
f 3737/617/2005 3741/617/2009 4410/617/2678 4415/617/2683
f 3717/617/1985 3720/617/1988 4325/617/2593 4335/617/2603
f 3747/617/2015 3751/617/2019 4515/617/2783 4510/617/2778
f 3716/617/1984 3719/617/1987 4670/617/2938 4665/617/2933
f 3741/617/2009 3745/617/2013 4405/617/2673 4410/617/2678
f 3742/617/2010 3746/617/2014 4315/617/2583 4320/617/2588
f 3751/617/2019 3755/617/2023 4520/617/2788 4515/617/2783
f 3752/617/2020 3756/617/2024 4610/617/2878 4600/617/2868
f 3745/617/2013 3749/617/2017 4400/617/2668 4405/617/2673
f 3746/617/2014 3750/617/2018 4310/617/2578 4315/617/2583
f 3755/617/2023 3759/617/2027 4525/617/2793 4520/617/2788
f 3785/617/2053 3788/617/2056 4605/617/2873 4650/617/2918
f 3749/617/2017 3753/617/2021 4395/617/2663 4400/617/2668
f 3750/617/2018 3754/617/2022 4305/617/2573 4310/617/2578
f 3759/617/2027 3763/617/2031 4530/617/2798 4525/617/2793
f 3760/617/2028 3764/617/2032 4620/617/2888 4615/617/2883
f 3761/617/2029 3765/617/2033 4440/617/2708 4380/617/2648
f 3754/617/2022 3758/617/2026 4300/617/2568 4305/617/2573
f 3763/617/2031 3767/617/2035 4535/617/2803 4530/617/2798
f 3764/617/2032 3768/617/2036 4625/617/2893 4620/617/2888
f 3723/617/1991 3726/617/1994 4430/617/2698 4385/617/2653
f 3758/617/2026 3762/617/2030 4295/617/2563 4300/617/2568
f 3767/617/2035 3771/617/2039 4540/617/2808 4535/617/2803
f 3768/617/2036 3772/617/2040 4630/617/2898 4625/617/2893
f 3792/617/2060 3795/617/2063 4445/617/2713 4450/617/2718
f 3762/617/2030 3766/617/2034 4290/617/2558 4295/617/2563
f 3788/617/2056 3791/617/2059 4545/617/2813 4605/617/2873
f 3772/617/2040 3776/617/2044 4635/617/2903 4630/617/2898
f 3731/617/1999 3735/617/2003 4490/617/2758 4550/617/2818
f 3766/617/2034 3770/617/2038 4285/617/2553 4290/617/2558
f 3739/617/2007 3743/617/2011 4505/617/2773 4500/617/2768
f 3776/617/2044 3779/617/2047 4640/617/2908 4635/617/2903
f 3769/617/2037 3773/617/2041 4480/617/2748 4485/617/2753
f 3778/617/2046 3781/617/2049 4330/617/2598 4270/617/2538
f 3779/617/2047 3782/617/2050 4645/617/2913 4640/617/2908
f 3773/617/2041 3777/617/2045 4475/617/2743 4480/617/2748
f 3738/617/2006 3742/617/2010 4320/617/2588 4275/617/2543
f 3782/617/2050 3785/617/2053 4650/617/2918 4645/617/2913
f 3777/617/2045 3780/617/2048 4470/617/2738 4475/617/2743
f 3713/617/1981 3717/617/1985 4335/617/2603 4340/617/2608
f 3711/617/1979 3716/617/1984 4665/617/2933 4655/617/2923
f 3780/617/2048 3783/617/2051 4465/617/2733 4470/617/2738
f 3757/617/2025 3761/617/2029 4380/617/2648 4390/617/2658
f 3756/617/2024 3760/617/2028 4615/617/2883 4610/617/2878
f 3783/617/2051 3786/617/2054 4460/617/2728 4465/617/2733
f 3784/617/2052 3787/617/2055 4370/617/2638 4375/617/2643
f 3791/617/2059 3794/617/2062 4555/617/2823 4545/617/2813
f 3786/617/2054 3789/617/2057 4455/617/2723 4460/617/2728
f 3787/617/2055 3790/617/2058 4365/617/2633 4370/617/2638
f 3727/617/1995 3731/617/1999 4550/617/2818 4595/617/2863
f 3789/617/2057 3792/617/2060 4450/617/2718 4455/617/2723
f 3790/617/2058 3793/617/2061 4360/617/2628 4365/617/2633
f 3797/617/2065 3710/617/1978 4565/617/2833 4560/617/2828
f 3765/617/2033 3769/617/2037 4485/617/2753 4440/617/2708
f 3793/617/2061 3796/617/2064 4355/617/2623 4360/617/2628
f 3710/617/1978 3709/617/1977 4570/617/2838 4565/617/2833
f 3712/617/1980 3711/617/1979 4655/617/2923 4265/617/2533
f 3796/617/2064 3799/617/2067 4350/617/2618 4355/617/2623
f 3901/617/2169 3896/617/2164 3799/617/2067 3796/617/2064
f 3811/617/2079 4201/617/2469 3711/617/1979 3712/617/1980
f 4111/617/2379 4116/617/2384 3709/617/1977 3710/617/1978
f 3906/617/2174 3901/617/2169 3796/617/2064 3793/617/2061
f 3986/617/2254 4031/617/2299 3769/617/2037 3765/617/2033
f 4106/617/2374 4111/617/2379 3710/617/1978 3797/617/2065
f 3911/617/2179 3906/617/2174 3793/617/2061 3790/617/2058
f 4001/617/2269 3996/617/2264 3792/617/2060 3789/617/2057
f 4141/617/2409 4096/617/2364 3731/617/1999 3727/617/1995
f 3916/617/2184 3911/617/2179 3790/617/2058 3787/617/2055
f 4006/617/2274 4001/617/2269 3789/617/2057 3786/617/2054
f 4091/617/2359 4101/617/2369 3794/617/2062 3791/617/2059
f 3921/617/2189 3916/617/2184 3787/617/2055 3784/617/2052
f 4011/617/2279 4006/617/2274 3786/617/2054 3783/617/2051
f 4156/617/2424 4161/617/2429 3760/617/2028 3756/617/2024
f 3936/617/2204 3926/617/2194 3761/617/2029 3757/617/2025
f 4016/617/2284 4011/617/2279 3783/617/2051 3780/617/2048
f 4201/617/2469 4211/617/2479 3716/617/1984 3711/617/1979
f 3886/617/2154 3881/617/2149 3717/617/1985 3713/617/1981
f 4021/617/2289 4016/617/2284 3780/617/2048 3777/617/2045
f 4191/617/2459 4196/617/2464 3785/617/2053 3782/617/2050
f 3821/617/2089 3866/617/2134 3742/617/2010 3738/617/2006
f 4026/617/2294 4021/617/2289 3777/617/2045 3773/617/2041
f 4186/617/2454 4191/617/2459 3782/617/2050 3779/617/2047
f 3734/617/2002 3712/617/1980 4265/617/2533 4261/617/2529
f 3816/617/2084 3876/617/2144 3781/617/2049 3778/617/2046
f 4031/617/2299 4026/617/2294 3773/617/2041 3769/617/2037
f 4181/617/2449 4186/617/2454 3779/617/2047 3776/617/2044
f 4046/617/2314 4051/617/2319 3743/617/2011 3739/617/2007
f 3836/617/2104 3831/617/2099 3770/617/2038 3766/617/2034
f 4096/617/2364 4036/617/2304 3735/617/2003 3731/617/1999
f 4176/617/2444 4181/617/2449 3776/617/2044 3772/617/2040
f 4151/617/2419 4091/617/2359 3791/617/2059 3788/617/2056
f 3841/617/2109 3836/617/2104 3766/617/2034 3762/617/2030
f 3996/617/2264 3991/617/2259 3795/617/2063 3792/617/2060
f 4171/617/2439 4176/617/2444 3772/617/2040 3768/617/2036
f 4081/617/2349 4086/617/2354 3771/617/2039 3767/617/2035
f 3846/617/2114 3841/617/2109 3762/617/2030 3758/617/2026
f 3931/617/2199 3976/617/2244 3726/617/1994 3723/617/1991
f 4166/617/2434 4171/617/2439 3768/617/2036 3764/617/2032
f 4076/617/2344 4081/617/2349 3767/617/2035 3763/617/2031
f 3851/617/2119 3846/617/2114 3758/617/2026 3754/617/2022
f 3926/617/2194 3986/617/2254 3765/617/2033 3761/617/2029
f 4161/617/2429 4166/617/2434 3764/617/2032 3760/617/2028
f 4071/617/2339 4076/617/2344 3763/617/2031 3759/617/2027
f 3856/617/2124 3851/617/2119 3754/617/2022 3750/617/2018
f 3946/617/2214 3941/617/2209 3753/617/2021 3749/617/2017
f 4196/617/2464 4151/617/2419 3788/617/2056 3785/617/2053
f 4066/617/2334 4071/617/2339 3759/617/2027 3755/617/2023
f 3861/617/2129 3856/617/2124 3750/617/2018 3746/617/2014
f 3951/617/2219 3946/617/2214 3749/617/2017 3745/617/2013
f 4146/617/2414 4156/617/2424 3756/617/2024 3752/617/2020
f 4061/617/2329 4066/617/2334 3755/617/2023 3751/617/2019
f 3866/617/2134 3861/617/2129 3746/617/2014 3742/617/2010
f 3956/617/2224 3951/617/2219 3745/617/2013 3741/617/2009
f 4211/617/2479 4216/617/2484 3719/617/1987 3716/617/1984
f 4056/617/2324 4061/617/2329 3751/617/2019 3747/617/2015
f 3881/617/2149 3871/617/2139 3720/617/1988 3717/617/1985
f 3961/617/2229 3956/617/2224 3741/617/2009 3737/617/2005
f 3730/617/1998 3738/617/2006 4275/617/2543 4256/617/2524
f 4051/617/2319 4056/617/2324 3747/617/2015 3743/617/2011
f 3831/617/2099 3826/617/2094 3774/617/2042 3770/617/2038
f 3966/617/2234 3961/617/2229 3737/617/2005 3733/617/2001
f 4246/617/2514 4251/617/2519 3744/617/2012 3740/617/2008
f 4086/617/2354 4041/617/2309 3775/617/2043 3771/617/2039
f 3820/617/2088 3801/617/2069 4040/617/2308 4085/617/2353 4080/617/2348 4075/617/2343 4070/617/2338 4065/617/2333 4060/617/2328 4055/617/2323 4050/617/2318 4045/617/2313 4035/617/2303 4095/617/2363 4140/617/2408 4135/617/2403 4130/617/2398 4125/617/2393 4120/617/2388 4115/617/2383 4110/617/2378 4105/617/2373 4100/617/2368 4090/617/2358 4150/617/2418 4195/617/2463 4190/617/2458 4185/617/2453 4180/617/2448 4175/617/2443 4170/617/2438 4165/617/2433 4160/617/2428 4155/617/2423 4145/617/2413 4205/617/2473 4250/617/2518 4245/617/2513 4240/617/2508 4235/617/2503 4230/617/2498 4225/617/2493 4220/617/2488 4215/617/2483 4210/617/2478 4200/617/2468 3810/617/2078 3806/617/2074 3980/617/2248 3990/617/2258 3995/617/2263 4000/617/2268 4005/617/2273 4010/617/2278 4015/617/2283 4020/617/2288 4025/617/2293 4030/617/2298 3985/617/2253 3925/617/2193 3935/617/2203 3940/617/2208 3945/617/2213 3950/617/2218 3955/617/2223 3960/617/2228 3965/617/2233 3970/617/2238 3975/617/2243 3930/617/2198 3870/617/2138 3880/617/2148 3885/617/2153 3890/617/2158 3895/617/2163 3900/617/2168 3905/617/2173 3910/617/2178 3915/617/2183 3920/617/2188 3875/617/2143 3815/617/2083 3825/617/2093 3830/617/2098 3835/617/2103 3840/617/2108 3845/617/2113 3850/617/2118 3855/617/2123 3860/617/2128 3865/617/2133
f 3971/617/2239 3966/617/2234 3733/617/2001 3729/617/1997
f 4241/617/2509 4246/617/2514 3740/617/2008 3736/617/2004
f 4036/617/2304 4046/617/2314 3739/617/2007 3735/617/2003
f 3981/617/2249 3805/617/2073 3734/617/2002 3798/617/2066
f 3976/617/2244 3971/617/2239 3729/617/1997 3726/617/1994
f 4236/617/2504 4241/617/2509 3736/617/2004 3732/617/2000
f 4101/617/2369 4106/617/2374 3797/617/2065 3794/617/2062
f 3991/617/2259 3981/617/2249 3798/617/2066 3795/617/2063
f 4231/617/2499 4236/617/2504 3732/617/2000 3728/617/1996
f 4206/617/2474 4146/617/2414 3752/617/2020 3748/617/2016
f 3941/617/2209 3936/617/2204 3757/617/2025 3753/617/2021
f 4226/617/2494 4231/617/2499 3728/617/1996 3725/617/1993
f 4136/617/2404 4141/617/2409 3727/617/1995 3724/617/1992
f 3876/617/2144 3921/617/2189 3784/617/2052 3781/617/2049
f 4221/617/2489 4226/617/2494 3725/617/1993 3722/617/1990
f 4131/617/2399 4136/617/2404 3724/617/1992 3721/617/1989
f 3871/617/2139 3931/617/2199 3723/617/1991 3720/617/1988
f 4216/617/2484 4221/617/2489 3722/617/1990 3719/617/1987
f 4126/617/2394 4131/617/2399 3721/617/1989 3718/617/1986
f 3891/617/2159 3886/617/2154 3713/617/1981 3714/617/1982
f 4251/617/2519 4206/617/2474 3748/617/2016 3744/617/2012
f 4121/617/2389 4126/617/2394 3718/617/1986 3715/617/1983
f 3896/617/2164 3891/617/2159 3714/617/1982 3799/617/2067
f 3826/617/2094 3816/617/2084 3778/617/2046 3774/617/2042
f 4116/617/2384 4121/617/2389 3715/617/1983 3709/617/1977
f 3805/617/2073 3811/617/2079 3712/617/1980 3734/617/2002
f 3806/617/2074 3810/617/2078 3812/617/2080 3809/617/2077
f 3809/617/2077 3812/617/2080 3813/617/2081 3808/617/2076
f 3808/617/2076 3813/617/2081 3814/617/2082 3807/617/2075
f 3807/617/2075 3814/617/2082 3811/617/2079 3805/617/2073
f 3801/617/2069 3820/617/2088 3822/617/2090 3804/617/2072
f 3804/617/2072 3822/617/2090 3823/617/2091 3803/617/2071
f 3803/617/2071 3823/617/2091 3824/617/2092 3802/617/2070
f 3802/617/2070 3824/617/2092 3821/617/2089 3800/617/2068
f 3820/617/2088 3865/617/2133 3867/617/2135 3822/617/2090
f 3822/617/2090 3867/617/2135 3868/617/2136 3823/617/2091
f 3823/617/2091 3868/617/2136 3869/617/2137 3824/617/2092
f 3824/617/2092 3869/617/2137 3866/617/2134 3821/617/2089
f 3865/617/2133 3860/617/2128 3862/617/2130 3867/617/2135
f 3867/617/2135 3862/617/2130 3863/617/2131 3868/617/2136
f 3868/617/2136 3863/617/2131 3864/617/2132 3869/617/2137
f 3869/617/2137 3864/617/2132 3861/617/2129 3866/617/2134
f 3860/617/2128 3855/617/2123 3857/617/2125 3862/617/2130
f 3862/617/2130 3857/617/2125 3858/617/2126 3863/617/2131
f 3863/617/2131 3858/617/2126 3859/617/2127 3864/617/2132
f 3864/617/2132 3859/617/2127 3856/617/2124 3861/617/2129
f 3855/617/2123 3850/617/2118 3852/617/2120 3857/617/2125
f 3857/617/2125 3852/617/2120 3853/617/2121 3858/617/2126
f 3858/617/2126 3853/617/2121 3854/617/2122 3859/617/2127
f 3859/617/2127 3854/617/2122 3851/617/2119 3856/617/2124
f 3850/617/2118 3845/617/2113 3847/617/2115 3852/617/2120
f 3852/617/2120 3847/617/2115 3848/617/2116 3853/617/2121
f 3853/617/2121 3848/617/2116 3849/617/2117 3854/617/2122
f 3854/617/2122 3849/617/2117 3846/617/2114 3851/617/2119
f 3845/617/2113 3840/617/2108 3842/617/2110 3847/617/2115
f 3847/617/2115 3842/617/2110 3843/617/2111 3848/617/2116
f 3848/617/2116 3843/617/2111 3844/617/2112 3849/617/2117
f 3849/617/2117 3844/617/2112 3841/617/2109 3846/617/2114
f 3840/617/2108 3835/617/2103 3837/617/2105 3842/617/2110
f 3842/617/2110 3837/617/2105 3838/617/2106 3843/617/2111
f 3843/617/2111 3838/617/2106 3839/617/2107 3844/617/2112
f 3844/617/2112 3839/617/2107 3836/617/2104 3841/617/2109
f 3835/617/2103 3830/617/2098 3832/617/2100 3837/617/2105
f 3837/617/2105 3832/617/2100 3833/617/2101 3838/617/2106
f 3838/617/2106 3833/617/2101 3834/617/2102 3839/617/2107
f 3839/617/2107 3834/617/2102 3831/617/2099 3836/617/2104
f 3830/617/2098 3825/617/2093 3827/617/2095 3832/617/2100
f 3832/617/2100 3827/617/2095 3828/617/2096 3833/617/2101
f 3833/617/2101 3828/617/2096 3829/617/2097 3834/617/2102
f 3834/617/2102 3829/617/2097 3826/617/2094 3831/617/2099
f 3825/617/2093 3815/617/2083 3817/617/2085 3827/617/2095
f 3827/617/2095 3817/617/2085 3818/617/2086 3828/617/2096
f 3828/617/2096 3818/617/2086 3819/617/2087 3829/617/2097
f 3829/617/2097 3819/617/2087 3816/617/2084 3826/617/2094
f 3815/617/2083 3875/617/2143 3877/617/2145 3817/617/2085
f 3817/617/2085 3877/617/2145 3878/617/2146 3818/617/2086
f 3818/617/2086 3878/617/2146 3879/617/2147 3819/617/2087
f 3819/617/2087 3879/617/2147 3876/617/2144 3816/617/2084
f 3875/617/2143 3920/617/2188 3922/617/2190 3877/617/2145
f 3877/617/2145 3922/617/2190 3923/617/2191 3878/617/2146
f 3878/617/2146 3923/617/2191 3924/617/2192 3879/617/2147
f 3879/617/2147 3924/617/2192 3921/617/2189 3876/617/2144
f 3920/617/2188 3915/617/2183 3917/617/2185 3922/617/2190
f 3922/617/2190 3917/617/2185 3918/617/2186 3923/617/2191
f 3923/617/2191 3918/617/2186 3919/617/2187 3924/617/2192
f 3924/617/2192 3919/617/2187 3916/617/2184 3921/617/2189
f 3915/617/2183 3910/617/2178 3912/617/2180 3917/617/2185
f 3917/617/2185 3912/617/2180 3913/617/2181 3918/617/2186
f 3918/617/2186 3913/617/2181 3914/617/2182 3919/617/2187
f 3919/617/2187 3914/617/2182 3911/617/2179 3916/617/2184
f 3910/617/2178 3905/617/2173 3907/617/2175 3912/617/2180
f 3912/617/2180 3907/617/2175 3908/617/2176 3913/617/2181
f 3913/617/2181 3908/617/2176 3909/617/2177 3914/617/2182
f 3914/617/2182 3909/617/2177 3906/617/2174 3911/617/2179
f 3905/617/2173 3900/617/2168 3902/617/2170 3907/617/2175
f 3907/617/2175 3902/617/2170 3903/617/2171 3908/617/2176
f 3908/617/2176 3903/617/2171 3904/617/2172 3909/617/2177
f 3909/617/2177 3904/617/2172 3901/617/2169 3906/617/2174
f 3900/617/2168 3895/617/2163 3897/617/2165 3902/617/2170
f 3902/617/2170 3897/617/2165 3898/617/2166 3903/617/2171
f 3903/617/2171 3898/617/2166 3899/617/2167 3904/617/2172
f 3904/617/2172 3899/617/2167 3896/617/2164 3901/617/2169
f 3895/617/2163 3890/617/2158 3892/617/2160 3897/617/2165
f 3897/617/2165 3892/617/2160 3893/617/2161 3898/617/2166
f 3898/617/2166 3893/617/2161 3894/617/2162 3899/617/2167
f 3899/617/2167 3894/617/2162 3891/617/2159 3896/617/2164
f 3890/617/2158 3885/617/2153 3887/617/2155 3892/617/2160
f 3892/617/2160 3887/617/2155 3888/617/2156 3893/617/2161
f 3893/617/2161 3888/617/2156 3889/617/2157 3894/617/2162
f 3894/617/2162 3889/617/2157 3886/617/2154 3891/617/2159
f 3885/617/2153 3880/617/2148 3882/617/2150 3887/617/2155
f 3887/617/2155 3882/617/2150 3883/617/2151 3888/617/2156
f 3888/617/2156 3883/617/2151 3884/617/2152 3889/617/2157
f 3889/617/2157 3884/617/2152 3881/617/2149 3886/617/2154
f 3880/617/2148 3870/617/2138 3872/617/2140 3882/617/2150
f 3882/617/2150 3872/617/2140 3873/617/2141 3883/617/2151
f 3883/617/2151 3873/617/2141 3874/617/2142 3884/617/2152
f 3884/617/2152 3874/617/2142 3871/617/2139 3881/617/2149
f 3870/617/2138 3930/617/2198 3932/617/2200 3872/617/2140
f 3872/617/2140 3932/617/2200 3933/617/2201 3873/617/2141
f 3873/617/2141 3933/617/2201 3934/617/2202 3874/617/2142
f 3874/617/2142 3934/617/2202 3931/617/2199 3871/617/2139
f 3930/617/2198 3975/617/2243 3977/617/2245 3932/617/2200
f 3932/617/2200 3977/617/2245 3978/617/2246 3933/617/2201
f 3933/617/2201 3978/617/2246 3979/617/2247 3934/617/2202
f 3934/617/2202 3979/617/2247 3976/617/2244 3931/617/2199
f 3975/617/2243 3970/617/2238 3972/617/2240 3977/617/2245
f 3977/617/2245 3972/617/2240 3973/617/2241 3978/617/2246
f 3978/617/2246 3973/617/2241 3974/617/2242 3979/617/2247
f 3979/617/2247 3974/617/2242 3971/617/2239 3976/617/2244
f 3970/617/2238 3965/617/2233 3967/617/2235 3972/617/2240
f 3972/617/2240 3967/617/2235 3968/617/2236 3973/617/2241
f 3973/617/2241 3968/617/2236 3969/617/2237 3974/617/2242
f 3974/617/2242 3969/617/2237 3966/617/2234 3971/617/2239
f 3965/617/2233 3960/617/2228 3962/617/2230 3967/617/2235
f 3967/617/2235 3962/617/2230 3963/617/2231 3968/617/2236
f 3968/617/2236 3963/617/2231 3964/617/2232 3969/617/2237
f 3969/617/2237 3964/617/2232 3961/617/2229 3966/617/2234
f 3960/617/2228 3955/617/2223 3957/617/2225 3962/617/2230
f 3962/617/2230 3957/617/2225 3958/617/2226 3963/617/2231
f 3963/617/2231 3958/617/2226 3959/617/2227 3964/617/2232
f 3964/617/2232 3959/617/2227 3956/617/2224 3961/617/2229
f 3955/617/2223 3950/617/2218 3952/617/2220 3957/617/2225
f 3957/617/2225 3952/617/2220 3953/617/2221 3958/617/2226
f 3958/617/2226 3953/617/2221 3954/617/2222 3959/617/2227
f 3959/617/2227 3954/617/2222 3951/617/2219 3956/617/2224
f 3950/617/2218 3945/617/2213 3947/617/2215 3952/617/2220
f 3952/617/2220 3947/617/2215 3948/617/2216 3953/617/2221
f 3953/617/2221 3948/617/2216 3949/617/2217 3954/617/2222
f 3954/617/2222 3949/617/2217 3946/617/2214 3951/617/2219
f 3945/617/2213 3940/617/2208 3942/617/2210 3947/617/2215
f 3947/617/2215 3942/617/2210 3943/617/2211 3948/617/2216
f 3948/617/2216 3943/617/2211 3944/617/2212 3949/617/2217
f 3949/617/2217 3944/617/2212 3941/617/2209 3946/617/2214
f 3940/617/2208 3935/617/2203 3937/617/2205 3942/617/2210
f 3942/617/2210 3937/617/2205 3938/617/2206 3943/617/2211
f 3943/617/2211 3938/617/2206 3939/617/2207 3944/617/2212
f 3944/617/2212 3939/617/2207 3936/617/2204 3941/617/2209
f 3935/617/2203 3925/617/2193 3927/617/2195 3937/617/2205
f 3937/617/2205 3927/617/2195 3928/617/2196 3938/617/2206
f 3938/617/2206 3928/617/2196 3929/617/2197 3939/617/2207
f 3939/617/2207 3929/617/2197 3926/617/2194 3936/617/2204
f 3925/617/2193 3985/617/2253 3987/617/2255 3927/617/2195
f 3927/617/2195 3987/617/2255 3988/617/2256 3928/617/2196
f 3928/617/2196 3988/617/2256 3989/617/2257 3929/617/2197
f 3929/617/2197 3989/617/2257 3986/617/2254 3926/617/2194
f 3985/617/2253 4030/617/2298 4032/617/2300 3987/617/2255
f 3987/617/2255 4032/617/2300 4033/617/2301 3988/617/2256
f 3988/617/2256 4033/617/2301 4034/617/2302 3989/617/2257
f 3989/617/2257 4034/617/2302 4031/617/2299 3986/617/2254
f 4030/617/2298 4025/617/2293 4027/617/2295 4032/617/2300
f 4032/617/2300 4027/617/2295 4028/617/2296 4033/617/2301
f 4033/617/2301 4028/617/2296 4029/617/2297 4034/617/2302
f 4034/617/2302 4029/617/2297 4026/617/2294 4031/617/2299
f 4025/617/2293 4020/617/2288 4022/617/2290 4027/617/2295
f 4027/617/2295 4022/617/2290 4023/617/2291 4028/617/2296
f 4028/617/2296 4023/617/2291 4024/617/2292 4029/617/2297
f 4029/617/2297 4024/617/2292 4021/617/2289 4026/617/2294
f 4020/617/2288 4015/617/2283 4017/617/2285 4022/617/2290
f 4022/617/2290 4017/617/2285 4018/617/2286 4023/617/2291
f 4023/617/2291 4018/617/2286 4019/617/2287 4024/617/2292
f 4024/617/2292 4019/617/2287 4016/617/2284 4021/617/2289
f 4015/617/2283 4010/617/2278 4012/617/2280 4017/617/2285
f 4017/617/2285 4012/617/2280 4013/617/2281 4018/617/2286
f 4018/617/2286 4013/617/2281 4014/617/2282 4019/617/2287
f 4019/617/2287 4014/617/2282 4011/617/2279 4016/617/2284
f 4010/617/2278 4005/617/2273 4007/617/2275 4012/617/2280
f 4012/617/2280 4007/617/2275 4008/617/2276 4013/617/2281
f 4013/617/2281 4008/617/2276 4009/617/2277 4014/617/2282
f 4014/617/2282 4009/617/2277 4006/617/2274 4011/617/2279
f 4005/617/2273 4000/617/2268 4002/617/2270 4007/617/2275
f 4007/617/2275 4002/617/2270 4003/617/2271 4008/617/2276
f 4008/617/2276 4003/617/2271 4004/617/2272 4009/617/2277
f 4009/617/2277 4004/617/2272 4001/617/2269 4006/617/2274
f 4000/617/2268 3995/617/2263 3997/617/2265 4002/617/2270
f 4002/617/2270 3997/617/2265 3998/617/2266 4003/617/2271
f 4003/617/2271 3998/617/2266 3999/617/2267 4004/617/2272
f 4004/617/2272 3999/617/2267 3996/617/2264 4001/617/2269
f 3995/617/2263 3990/617/2258 3992/617/2260 3997/617/2265
f 3997/617/2265 3992/617/2260 3993/617/2261 3998/617/2266
f 3998/617/2266 3993/617/2261 3994/617/2262 3999/617/2267
f 3999/617/2267 3994/617/2262 3991/617/2259 3996/617/2264
f 3990/617/2258 3980/617/2248 3982/617/2250 3992/617/2260
f 3992/617/2260 3982/617/2250 3983/617/2251 3993/617/2261
f 3993/617/2261 3983/617/2251 3984/617/2252 3994/617/2262
f 3994/617/2262 3984/617/2252 3981/617/2249 3991/617/2259
f 3980/617/2248 3806/617/2074 3809/617/2077 3982/617/2250
f 3982/617/2250 3809/617/2077 3808/617/2076 3983/617/2251
f 3983/617/2251 3808/617/2076 3807/617/2075 3984/617/2252
f 3984/617/2252 3807/617/2075 3805/617/2073 3981/617/2249
f 3810/617/2078 4200/617/2468 4202/617/2470 3812/617/2080
f 3812/617/2080 4202/617/2470 4203/617/2471 3813/617/2081
f 3813/617/2081 4203/617/2471 4204/617/2472 3814/617/2082
f 3814/617/2082 4204/617/2472 4201/617/2469 3811/617/2079
f 4200/617/2468 4210/617/2478 4212/617/2480 4202/617/2470
f 4202/617/2470 4212/617/2480 4213/617/2481 4203/617/2471
f 4203/617/2471 4213/617/2481 4214/617/2482 4204/617/2472
f 4204/617/2472 4214/617/2482 4211/617/2479 4201/617/2469
f 4210/617/2478 4215/617/2483 4217/617/2485 4212/617/2480
f 4212/617/2480 4217/617/2485 4218/617/2486 4213/617/2481
f 4213/617/2481 4218/617/2486 4219/617/2487 4214/617/2482
f 4214/617/2482 4219/617/2487 4216/617/2484 4211/617/2479
f 4215/617/2483 4220/617/2488 4222/617/2490 4217/617/2485
f 4217/617/2485 4222/617/2490 4223/617/2491 4218/617/2486
f 4218/617/2486 4223/617/2491 4224/617/2492 4219/617/2487
f 4219/617/2487 4224/617/2492 4221/617/2489 4216/617/2484
f 4220/617/2488 4225/617/2493 4227/617/2495 4222/617/2490
f 4222/617/2490 4227/617/2495 4228/617/2496 4223/617/2491
f 4223/617/2491 4228/617/2496 4229/617/2497 4224/617/2492
f 4224/617/2492 4229/617/2497 4226/617/2494 4221/617/2489
f 4225/617/2493 4230/617/2498 4232/617/2500 4227/617/2495
f 4227/617/2495 4232/617/2500 4233/617/2501 4228/617/2496
f 4228/617/2496 4233/617/2501 4234/617/2502 4229/617/2497
f 4229/617/2497 4234/617/2502 4231/617/2499 4226/617/2494
f 4230/617/2498 4235/617/2503 4237/617/2505 4232/617/2500
f 4232/617/2500 4237/617/2505 4238/617/2506 4233/617/2501
f 4233/617/2501 4238/617/2506 4239/617/2507 4234/617/2502
f 4234/617/2502 4239/617/2507 4236/617/2504 4231/617/2499
f 4235/617/2503 4240/617/2508 4242/617/2510 4237/617/2505
f 4237/617/2505 4242/617/2510 4243/617/2511 4238/617/2506
f 4238/617/2506 4243/617/2511 4244/617/2512 4239/617/2507
f 4239/617/2507 4244/617/2512 4241/617/2509 4236/617/2504
f 4240/617/2508 4245/617/2513 4247/617/2515 4242/617/2510
f 4242/617/2510 4247/617/2515 4248/617/2516 4243/617/2511
f 4243/617/2511 4248/617/2516 4249/617/2517 4244/617/2512
f 4244/617/2512 4249/617/2517 4246/617/2514 4241/617/2509
f 4245/617/2513 4250/617/2518 4252/617/2520 4247/617/2515
f 4247/617/2515 4252/617/2520 4253/617/2521 4248/617/2516
f 4248/617/2516 4253/617/2521 4254/617/2522 4249/617/2517
f 4249/617/2517 4254/617/2522 4251/617/2519 4246/617/2514
f 4250/617/2518 4205/617/2473 4207/617/2475 4252/617/2520
f 4252/617/2520 4207/617/2475 4208/617/2476 4253/617/2521
f 4253/617/2521 4208/617/2476 4209/617/2477 4254/617/2522
f 4254/617/2522 4209/617/2477 4206/617/2474 4251/617/2519
f 4205/617/2473 4145/617/2413 4147/617/2415 4207/617/2475
f 4207/617/2475 4147/617/2415 4148/617/2416 4208/617/2476
f 4208/617/2476 4148/617/2416 4149/617/2417 4209/617/2477
f 4209/617/2477 4149/617/2417 4146/617/2414 4206/617/2474
f 4145/617/2413 4155/617/2423 4157/617/2425 4147/617/2415
f 4147/617/2415 4157/617/2425 4158/617/2426 4148/617/2416
f 4148/617/2416 4158/617/2426 4159/617/2427 4149/617/2417
f 4149/617/2417 4159/617/2427 4156/617/2424 4146/617/2414
f 4155/617/2423 4160/617/2428 4162/617/2430 4157/617/2425
f 4157/617/2425 4162/617/2430 4163/617/2431 4158/617/2426
f 4158/617/2426 4163/617/2431 4164/617/2432 4159/617/2427
f 4159/617/2427 4164/617/2432 4161/617/2429 4156/617/2424
f 4160/617/2428 4165/617/2433 4167/617/2435 4162/617/2430
f 4162/617/2430 4167/617/2435 4168/617/2436 4163/617/2431
f 4163/617/2431 4168/617/2436 4169/617/2437 4164/617/2432
f 4164/617/2432 4169/617/2437 4166/617/2434 4161/617/2429
f 4165/617/2433 4170/617/2438 4172/617/2440 4167/617/2435
f 4167/617/2435 4172/617/2440 4173/617/2441 4168/617/2436
f 4168/617/2436 4173/617/2441 4174/617/2442 4169/617/2437
f 4169/617/2437 4174/617/2442 4171/617/2439 4166/617/2434
f 4170/617/2438 4175/617/2443 4177/617/2445 4172/617/2440
f 4172/617/2440 4177/617/2445 4178/617/2446 4173/617/2441
f 4173/617/2441 4178/617/2446 4179/617/2447 4174/617/2442
f 4174/617/2442 4179/617/2447 4176/617/2444 4171/617/2439
f 4175/617/2443 4180/617/2448 4182/617/2450 4177/617/2445
f 4177/617/2445 4182/617/2450 4183/617/2451 4178/617/2446
f 4178/617/2446 4183/617/2451 4184/617/2452 4179/617/2447
f 4179/617/2447 4184/617/2452 4181/617/2449 4176/617/2444
f 4180/617/2448 4185/617/2453 4187/617/2455 4182/617/2450
f 4182/617/2450 4187/617/2455 4188/617/2456 4183/617/2451
f 4183/617/2451 4188/617/2456 4189/617/2457 4184/617/2452
f 4184/617/2452 4189/617/2457 4186/617/2454 4181/617/2449
f 4185/617/2453 4190/617/2458 4192/617/2460 4187/617/2455
f 4187/617/2455 4192/617/2460 4193/617/2461 4188/617/2456
f 4188/617/2456 4193/617/2461 4194/617/2462 4189/617/2457
f 4189/617/2457 4194/617/2462 4191/617/2459 4186/617/2454
f 4190/617/2458 4195/617/2463 4197/617/2465 4192/617/2460
f 4192/617/2460 4197/617/2465 4198/617/2466 4193/617/2461
f 4193/617/2461 4198/617/2466 4199/617/2467 4194/617/2462
f 4194/617/2462 4199/617/2467 4196/617/2464 4191/617/2459
f 4195/617/2463 4150/617/2418 4152/617/2420 4197/617/2465
f 4197/617/2465 4152/617/2420 4153/617/2421 4198/617/2466
f 4198/617/2466 4153/617/2421 4154/617/2422 4199/617/2467
f 4199/617/2467 4154/617/2422 4151/617/2419 4196/617/2464
f 4150/617/2418 4090/617/2358 4092/617/2360 4152/617/2420
f 4152/617/2420 4092/617/2360 4093/617/2361 4153/617/2421
f 4153/617/2421 4093/617/2361 4094/617/2362 4154/617/2422
f 4154/617/2422 4094/617/2362 4091/617/2359 4151/617/2419
f 4090/617/2358 4100/617/2368 4102/617/2370 4092/617/2360
f 4092/617/2360 4102/617/2370 4103/617/2371 4093/617/2361
f 4093/617/2361 4103/617/2371 4104/617/2372 4094/617/2362
f 4094/617/2362 4104/617/2372 4101/617/2369 4091/617/2359
f 4100/617/2368 4105/617/2373 4107/617/2375 4102/617/2370
f 4102/617/2370 4107/617/2375 4108/617/2376 4103/617/2371
f 4103/617/2371 4108/617/2376 4109/617/2377 4104/617/2372
f 4104/617/2372 4109/617/2377 4106/617/2374 4101/617/2369
f 4105/617/2373 4110/617/2378 4112/617/2380 4107/617/2375
f 4107/617/2375 4112/617/2380 4113/617/2381 4108/617/2376
f 4108/617/2376 4113/617/2381 4114/617/2382 4109/617/2377
f 4109/617/2377 4114/617/2382 4111/617/2379 4106/617/2374
f 4110/617/2378 4115/617/2383 4117/617/2385 4112/617/2380
f 4112/617/2380 4117/617/2385 4118/617/2386 4113/617/2381
f 4113/617/2381 4118/617/2386 4119/617/2387 4114/617/2382
f 4114/617/2382 4119/617/2387 4116/617/2384 4111/617/2379
f 4115/617/2383 4120/617/2388 4122/617/2390 4117/617/2385
f 4117/617/2385 4122/617/2390 4123/617/2391 4118/617/2386
f 4118/617/2386 4123/617/2391 4124/617/2392 4119/617/2387
f 4119/617/2387 4124/617/2392 4121/617/2389 4116/617/2384
f 4120/617/2388 4125/617/2393 4127/617/2395 4122/617/2390
f 4122/617/2390 4127/617/2395 4128/617/2396 4123/617/2391
f 4123/617/2391 4128/617/2396 4129/617/2397 4124/617/2392
f 4124/617/2392 4129/617/2397 4126/617/2394 4121/617/2389
f 4125/617/2393 4130/617/2398 4132/617/2400 4127/617/2395
f 4127/617/2395 4132/617/2400 4133/617/2401 4128/617/2396
f 4128/617/2396 4133/617/2401 4134/617/2402 4129/617/2397
f 4129/617/2397 4134/617/2402 4131/617/2399 4126/617/2394
f 4130/617/2398 4135/617/2403 4137/617/2405 4132/617/2400
f 4132/617/2400 4137/617/2405 4138/617/2406 4133/617/2401
f 4133/617/2401 4138/617/2406 4139/617/2407 4134/617/2402
f 4134/617/2402 4139/617/2407 4136/617/2404 4131/617/2399
f 4135/617/2403 4140/617/2408 4142/617/2410 4137/617/2405
f 4137/617/2405 4142/617/2410 4143/617/2411 4138/617/2406
f 4138/617/2406 4143/617/2411 4144/617/2412 4139/617/2407
f 4139/617/2407 4144/617/2412 4141/617/2409 4136/617/2404
f 4140/617/2408 4095/617/2363 4097/617/2365 4142/617/2410
f 4142/617/2410 4097/617/2365 4098/617/2366 4143/617/2411
f 4143/617/2411 4098/617/2366 4099/617/2367 4144/617/2412
f 4144/617/2412 4099/617/2367 4096/617/2364 4141/617/2409
f 4095/617/2363 4035/617/2303 4037/617/2305 4097/617/2365
f 4097/617/2365 4037/617/2305 4038/617/2306 4098/617/2366
f 4098/617/2366 4038/617/2306 4039/617/2307 4099/617/2367
f 4099/617/2367 4039/617/2307 4036/617/2304 4096/617/2364
f 4035/617/2303 4045/617/2313 4047/617/2315 4037/617/2305
f 4037/617/2305 4047/617/2315 4048/617/2316 4038/617/2306
f 4038/617/2306 4048/617/2316 4049/617/2317 4039/617/2307
f 4039/617/2307 4049/617/2317 4046/617/2314 4036/617/2304
f 4045/617/2313 4050/617/2318 4052/617/2320 4047/617/2315
f 4047/617/2315 4052/617/2320 4053/617/2321 4048/617/2316
f 4048/617/2316 4053/617/2321 4054/617/2322 4049/617/2317
f 4049/617/2317 4054/617/2322 4051/617/2319 4046/617/2314
f 4050/617/2318 4055/617/2323 4057/617/2325 4052/617/2320
f 4052/617/2320 4057/617/2325 4058/617/2326 4053/617/2321
f 4053/617/2321 4058/617/2326 4059/617/2327 4054/617/2322
f 4054/617/2322 4059/617/2327 4056/617/2324 4051/617/2319
f 4055/617/2323 4060/617/2328 4062/617/2330 4057/617/2325
f 4057/617/2325 4062/617/2330 4063/617/2331 4058/617/2326
f 4058/617/2326 4063/617/2331 4064/617/2332 4059/617/2327
f 4059/617/2327 4064/617/2332 4061/617/2329 4056/617/2324
f 4060/617/2328 4065/617/2333 4067/617/2335 4062/617/2330
f 4062/617/2330 4067/617/2335 4068/617/2336 4063/617/2331
f 4063/617/2331 4068/617/2336 4069/617/2337 4064/617/2332
f 4064/617/2332 4069/617/2337 4066/617/2334 4061/617/2329
f 4065/617/2333 4070/617/2338 4072/617/2340 4067/617/2335
f 4067/617/2335 4072/617/2340 4073/617/2341 4068/617/2336
f 4068/617/2336 4073/617/2341 4074/617/2342 4069/617/2337
f 4069/617/2337 4074/617/2342 4071/617/2339 4066/617/2334
f 4070/617/2338 4075/617/2343 4077/617/2345 4072/617/2340
f 4072/617/2340 4077/617/2345 4078/617/2346 4073/617/2341
f 4073/617/2341 4078/617/2346 4079/617/2347 4074/617/2342
f 4074/617/2342 4079/617/2347 4076/617/2344 4071/617/2339
f 4075/617/2343 4080/617/2348 4082/617/2350 4077/617/2345
f 4077/617/2345 4082/617/2350 4083/617/2351 4078/617/2346
f 4078/617/2346 4083/617/2351 4084/617/2352 4079/617/2347
f 4079/617/2347 4084/617/2352 4081/617/2349 4076/617/2344
f 4080/617/2348 4085/617/2353 4087/617/2355 4082/617/2350
f 4082/617/2350 4087/617/2355 4088/617/2356 4083/617/2351
f 4083/617/2351 4088/617/2356 4089/617/2357 4084/617/2352
f 4084/617/2352 4089/617/2357 4086/617/2354 4081/617/2349
f 4085/617/2353 4040/617/2308 4042/617/2310 4087/617/2355
f 4087/617/2355 4042/617/2310 4043/617/2311 4088/617/2356
f 4088/617/2356 4043/617/2311 4044/617/2312 4089/617/2357
f 4089/617/2357 4044/617/2312 4041/617/2309 4086/617/2354
f 4040/617/2308 3801/617/2069 3804/617/2072 4042/617/2310
f 4042/617/2310 3804/617/2072 3803/617/2071 4043/617/2311
f 4043/617/2311 3803/617/2071 3802/617/2070 4044/617/2312
f 4044/617/2312 3802/617/2070 3800/617/2068 4041/617/2309
f 4261/617/2529 4265/617/2533 4267/617/2535 4264/617/2532
f 4264/617/2532 4267/617/2535 4268/617/2536 4263/617/2531
f 4263/617/2531 4268/617/2536 4269/617/2537 4262/617/2530
f 4262/617/2530 4269/617/2537 4266/617/2534 4260/617/2528
f 4256/617/2524 4275/617/2543 4277/617/2545 4259/617/2527
f 4259/617/2527 4277/617/2545 4278/617/2546 4258/617/2526
f 4258/617/2526 4278/617/2546 4279/617/2547 4257/617/2525
f 4257/617/2525 4279/617/2547 4276/617/2544 4255/617/2523
f 4275/617/2543 4320/617/2588 4322/617/2590 4277/617/2545
f 4277/617/2545 4322/617/2590 4323/617/2591 4278/617/2546
f 4278/617/2546 4323/617/2591 4324/617/2592 4279/617/2547
f 4279/617/2547 4324/617/2592 4321/617/2589 4276/617/2544
f 4320/617/2588 4315/617/2583 4317/617/2585 4322/617/2590
f 4322/617/2590 4317/617/2585 4318/617/2586 4323/617/2591
f 4323/617/2591 4318/617/2586 4319/617/2587 4324/617/2592
f 4324/617/2592 4319/617/2587 4316/617/2584 4321/617/2589
f 4315/617/2583 4310/617/2578 4312/617/2580 4317/617/2585
f 4317/617/2585 4312/617/2580 4313/617/2581 4318/617/2586
f 4318/617/2586 4313/617/2581 4314/617/2582 4319/617/2587
f 4319/617/2587 4314/617/2582 4311/617/2579 4316/617/2584
f 4310/617/2578 4305/617/2573 4307/617/2575 4312/617/2580
f 4312/617/2580 4307/617/2575 4308/617/2576 4313/617/2581
f 4313/617/2581 4308/617/2576 4309/617/2577 4314/617/2582
f 4314/617/2582 4309/617/2577 4306/617/2574 4311/617/2579
f 4305/617/2573 4300/617/2568 4302/617/2570 4307/617/2575
f 4307/617/2575 4302/617/2570 4303/617/2571 4308/617/2576
f 4308/617/2576 4303/617/2571 4304/617/2572 4309/617/2577
f 4309/617/2577 4304/617/2572 4301/617/2569 4306/617/2574
f 4300/617/2568 4295/617/2563 4297/617/2565 4302/617/2570
f 4302/617/2570 4297/617/2565 4298/617/2566 4303/617/2571
f 4303/617/2571 4298/617/2566 4299/617/2567 4304/617/2572
f 4304/617/2572 4299/617/2567 4296/617/2564 4301/617/2569
f 4295/617/2563 4290/617/2558 4292/617/2560 4297/617/2565
f 4297/617/2565 4292/617/2560 4293/617/2561 4298/617/2566
f 4298/617/2566 4293/617/2561 4294/617/2562 4299/617/2567
f 4299/617/2567 4294/617/2562 4291/617/2559 4296/617/2564
f 4290/617/2558 4285/617/2553 4287/617/2555 4292/617/2560
f 4292/617/2560 4287/617/2555 4288/617/2556 4293/617/2561
f 4293/617/2561 4288/617/2556 4289/617/2557 4294/617/2562
f 4294/617/2562 4289/617/2557 4286/617/2554 4291/617/2559
f 4285/617/2553 4280/617/2548 4282/617/2550 4287/617/2555
f 4287/617/2555 4282/617/2550 4283/617/2551 4288/617/2556
f 4288/617/2556 4283/617/2551 4284/617/2552 4289/617/2557
f 4289/617/2557 4284/617/2552 4281/617/2549 4286/617/2554
f 4280/617/2548 4270/617/2538 4272/617/2540 4282/617/2550
f 4282/617/2550 4272/617/2540 4273/617/2541 4283/617/2551
f 4283/617/2551 4273/617/2541 4274/617/2542 4284/617/2552
f 4284/617/2552 4274/617/2542 4271/617/2539 4281/617/2549
f 4270/617/2538 4330/617/2598 4332/617/2600 4272/617/2540
f 4272/617/2540 4332/617/2600 4333/617/2601 4273/617/2541
f 4273/617/2541 4333/617/2601 4334/617/2602 4274/617/2542
f 4274/617/2542 4334/617/2602 4331/617/2599 4271/617/2539
f 4330/617/2598 4375/617/2643 4377/617/2645 4332/617/2600
f 4332/617/2600 4377/617/2645 4378/617/2646 4333/617/2601
f 4333/617/2601 4378/617/2646 4379/617/2647 4334/617/2602
f 4334/617/2602 4379/617/2647 4376/617/2644 4331/617/2599
f 4375/617/2643 4370/617/2638 4372/617/2640 4377/617/2645
f 4377/617/2645 4372/617/2640 4373/617/2641 4378/617/2646
f 4378/617/2646 4373/617/2641 4374/617/2642 4379/617/2647
f 4379/617/2647 4374/617/2642 4371/617/2639 4376/617/2644
f 4370/617/2638 4365/617/2633 4367/617/2635 4372/617/2640
f 4372/617/2640 4367/617/2635 4368/617/2636 4373/617/2641
f 4373/617/2641 4368/617/2636 4369/617/2637 4374/617/2642
f 4374/617/2642 4369/617/2637 4366/617/2634 4371/617/2639
f 4365/617/2633 4360/617/2628 4362/617/2630 4367/617/2635
f 4367/617/2635 4362/617/2630 4363/617/2631 4368/617/2636
f 4368/617/2636 4363/617/2631 4364/617/2632 4369/617/2637
f 4369/617/2637 4364/617/2632 4361/617/2629 4366/617/2634
f 4360/617/2628 4355/617/2623 4357/617/2625 4362/617/2630
f 4362/617/2630 4357/617/2625 4358/617/2626 4363/617/2631
f 4363/617/2631 4358/617/2626 4359/617/2627 4364/617/2632
f 4364/617/2632 4359/617/2627 4356/617/2624 4361/617/2629
f 4355/617/2623 4350/617/2618 4352/617/2620 4357/617/2625
f 4357/617/2625 4352/617/2620 4353/617/2621 4358/617/2626
f 4358/617/2626 4353/617/2621 4354/617/2622 4359/617/2627
f 4359/617/2627 4354/617/2622 4351/617/2619 4356/617/2624
f 4350/617/2618 4345/617/2613 4347/617/2615 4352/617/2620
f 4352/617/2620 4347/617/2615 4348/617/2616 4353/617/2621
f 4353/617/2621 4348/617/2616 4349/617/2617 4354/617/2622
f 4354/617/2622 4349/617/2617 4346/617/2614 4351/617/2619
f 4345/617/2613 4340/617/2608 4342/617/2610 4347/617/2615
f 4347/617/2615 4342/617/2610 4343/617/2611 4348/617/2616
f 4348/617/2616 4343/617/2611 4344/617/2612 4349/617/2617
f 4349/617/2617 4344/617/2612 4341/617/2609 4346/617/2614
f 4340/617/2608 4335/617/2603 4337/617/2605 4342/617/2610
f 4342/617/2610 4337/617/2605 4338/617/2606 4343/617/2611
f 4343/617/2611 4338/617/2606 4339/617/2607 4344/617/2612
f 4344/617/2612 4339/617/2607 4336/617/2604 4341/617/2609
f 4335/617/2603 4325/617/2593 4327/617/2595 4337/617/2605
f 4337/617/2605 4327/617/2595 4328/617/2596 4338/617/2606
f 4338/617/2606 4328/617/2596 4329/617/2597 4339/617/2607
f 4339/617/2607 4329/617/2597 4326/617/2594 4336/617/2604
f 4325/617/2593 4385/617/2653 4387/617/2655 4327/617/2595
f 4327/617/2595 4387/617/2655 4388/617/2656 4328/617/2596
f 4328/617/2596 4388/617/2656 4389/617/2657 4329/617/2597
f 4329/617/2597 4389/617/2657 4386/617/2654 4326/617/2594
f 4385/617/2653 4430/617/2698 4432/617/2700 4387/617/2655
f 4387/617/2655 4432/617/2700 4433/617/2701 4388/617/2656
f 4388/617/2656 4433/617/2701 4434/617/2702 4389/617/2657
f 4389/617/2657 4434/617/2702 4431/617/2699 4386/617/2654
f 4430/617/2698 4425/617/2693 4427/617/2695 4432/617/2700
f 4432/617/2700 4427/617/2695 4428/617/2696 4433/617/2701
f 4433/617/2701 4428/617/2696 4429/617/2697 4434/617/2702
f 4434/617/2702 4429/617/2697 4426/617/2694 4431/617/2699
f 4425/617/2693 4420/617/2688 4422/617/2690 4427/617/2695
f 4427/617/2695 4422/617/2690 4423/617/2691 4428/617/2696
f 4428/617/2696 4423/617/2691 4424/617/2692 4429/617/2697
f 4429/617/2697 4424/617/2692 4421/617/2689 4426/617/2694
f 4420/617/2688 4415/617/2683 4417/617/2685 4422/617/2690
f 4422/617/2690 4417/617/2685 4418/617/2686 4423/617/2691
f 4423/617/2691 4418/617/2686 4419/617/2687 4424/617/2692
f 4424/617/2692 4419/617/2687 4416/617/2684 4421/617/2689
f 4415/617/2683 4410/617/2678 4412/617/2680 4417/617/2685
f 4417/617/2685 4412/617/2680 4413/617/2681 4418/617/2686
f 4418/617/2686 4413/617/2681 4414/617/2682 4419/617/2687
f 4419/617/2687 4414/617/2682 4411/617/2679 4416/617/2684
f 4410/617/2678 4405/617/2673 4407/617/2675 4412/617/2680
f 4412/617/2680 4407/617/2675 4408/617/2676 4413/617/2681
f 4413/617/2681 4408/617/2676 4409/617/2677 4414/617/2682
f 4414/617/2682 4409/617/2677 4406/617/2674 4411/617/2679
f 4405/617/2673 4400/617/2668 4402/617/2670 4407/617/2675
f 4407/617/2675 4402/617/2670 4403/617/2671 4408/617/2676
f 4408/617/2676 4403/617/2671 4404/617/2672 4409/617/2677
f 4409/617/2677 4404/617/2672 4401/617/2669 4406/617/2674
f 4400/617/2668 4395/617/2663 4397/617/2665 4402/617/2670
f 4402/617/2670 4397/617/2665 4398/617/2666 4403/617/2671
f 4403/617/2671 4398/617/2666 4399/617/2667 4404/617/2672
f 4404/617/2672 4399/617/2667 4396/617/2664 4401/617/2669
f 4395/617/2663 4390/617/2658 4392/617/2660 4397/617/2665
f 4397/617/2665 4392/617/2660 4393/617/2661 4398/617/2666
f 4398/617/2666 4393/617/2661 4394/617/2662 4399/617/2667
f 4399/617/2667 4394/617/2662 4391/617/2659 4396/617/2664
f 4390/617/2658 4380/617/2648 4382/617/2650 4392/617/2660
f 4392/617/2660 4382/617/2650 4383/617/2651 4393/617/2661
f 4393/617/2661 4383/617/2651 4384/617/2652 4394/617/2662
f 4394/617/2662 4384/617/2652 4381/617/2649 4391/617/2659
f 4380/617/2648 4440/617/2708 4442/617/2710 4382/617/2650
f 4382/617/2650 4442/617/2710 4443/617/2711 4383/617/2651
f 4383/617/2651 4443/617/2711 4444/617/2712 4384/617/2652
f 4384/617/2652 4444/617/2712 4441/617/2709 4381/617/2649
f 4440/617/2708 4485/617/2753 4487/617/2755 4442/617/2710
f 4442/617/2710 4487/617/2755 4488/617/2756 4443/617/2711
f 4443/617/2711 4488/617/2756 4489/617/2757 4444/617/2712
f 4444/617/2712 4489/617/2757 4486/617/2754 4441/617/2709
f 4485/617/2753 4480/617/2748 4482/617/2750 4487/617/2755
f 4487/617/2755 4482/617/2750 4483/617/2751 4488/617/2756
f 4488/617/2756 4483/617/2751 4484/617/2752 4489/617/2757
f 4489/617/2757 4484/617/2752 4481/617/2749 4486/617/2754
f 4480/617/2748 4475/617/2743 4477/617/2745 4482/617/2750
f 4482/617/2750 4477/617/2745 4478/617/2746 4483/617/2751
f 4483/617/2751 4478/617/2746 4479/617/2747 4484/617/2752
f 4484/617/2752 4479/617/2747 4476/617/2744 4481/617/2749
f 4475/617/2743 4470/617/2738 4472/617/2740 4477/617/2745
f 4477/617/2745 4472/617/2740 4473/617/2741 4478/617/2746
f 4478/617/2746 4473/617/2741 4474/617/2742 4479/617/2747
f 4479/617/2747 4474/617/2742 4471/617/2739 4476/617/2744
f 4470/617/2738 4465/617/2733 4467/617/2735 4472/617/2740
f 4472/617/2740 4467/617/2735 4468/617/2736 4473/617/2741
f 4473/617/2741 4468/617/2736 4469/617/2737 4474/617/2742
f 4474/617/2742 4469/617/2737 4466/617/2734 4471/617/2739
f 4465/617/2733 4460/617/2728 4462/617/2730 4467/617/2735
f 4467/617/2735 4462/617/2730 4463/617/2731 4468/617/2736
f 4468/617/2736 4463/617/2731 4464/617/2732 4469/617/2737
f 4469/617/2737 4464/617/2732 4461/617/2729 4466/617/2734
f 4460/617/2728 4455/617/2723 4457/617/2725 4462/617/2730
f 4462/617/2730 4457/617/2725 4458/617/2726 4463/617/2731
f 4463/617/2731 4458/617/2726 4459/617/2727 4464/617/2732
f 4464/617/2732 4459/617/2727 4456/617/2724 4461/617/2729
f 4455/617/2723 4450/617/2718 4452/617/2720 4457/617/2725
f 4457/617/2725 4452/617/2720 4453/617/2721 4458/617/2726
f 4458/617/2726 4453/617/2721 4454/617/2722 4459/617/2727
f 4459/617/2727 4454/617/2722 4451/617/2719 4456/617/2724
f 4450/617/2718 4445/617/2713 4447/617/2715 4452/617/2720
f 4452/617/2720 4447/617/2715 4448/617/2716 4453/617/2721
f 4453/617/2721 4448/617/2716 4449/617/2717 4454/617/2722
f 4454/617/2722 4449/617/2717 4446/617/2714 4451/617/2719
f 4445/617/2713 4435/617/2703 4437/617/2705 4447/617/2715
f 4447/617/2715 4437/617/2705 4438/617/2706 4448/617/2716
f 4448/617/2716 4438/617/2706 4439/617/2707 4449/617/2717
f 4449/617/2717 4439/617/2707 4436/617/2704 4446/617/2714
f 4435/617/2703 4261/617/2529 4264/617/2532 4437/617/2705
f 4437/617/2705 4264/617/2532 4263/617/2531 4438/617/2706
f 4438/617/2706 4263/617/2531 4262/617/2530 4439/617/2707
f 4439/617/2707 4262/617/2530 4260/617/2528 4436/617/2704
f 4265/617/2533 4655/617/2923 4657/617/2925 4267/617/2535
f 4267/617/2535 4657/617/2925 4658/617/2926 4268/617/2536
f 4268/617/2536 4658/617/2926 4659/617/2927 4269/617/2537
f 4269/617/2537 4659/617/2927 4656/617/2924 4266/617/2534
f 4655/617/2923 4665/617/2933 4667/617/2935 4657/617/2925
f 4657/617/2925 4667/617/2935 4668/617/2936 4658/617/2926
f 4658/617/2926 4668/617/2936 4669/617/2937 4659/617/2927
f 4659/617/2927 4669/617/2937 4666/617/2934 4656/617/2924
f 4665/617/2933 4670/617/2938 4672/617/2940 4667/617/2935
f 4667/617/2935 4672/617/2940 4673/617/2941 4668/617/2936
f 4668/617/2936 4673/617/2941 4674/617/2942 4669/617/2937
f 4669/617/2937 4674/617/2942 4671/617/2939 4666/617/2934
f 4670/617/2938 4675/617/2943 4677/617/2945 4672/617/2940
f 4672/617/2940 4677/617/2945 4678/617/2946 4673/617/2941
f 4673/617/2941 4678/617/2946 4679/617/2947 4674/617/2942
f 4674/617/2942 4679/617/2947 4676/617/2944 4671/617/2939
f 4675/617/2943 4680/617/2948 4682/617/2950 4677/617/2945
f 4677/617/2945 4682/617/2950 4683/617/2951 4678/617/2946
f 4678/617/2946 4683/617/2951 4684/617/2952 4679/617/2947
f 4679/617/2947 4684/617/2952 4681/617/2949 4676/617/2944
f 4680/617/2948 4685/617/2953 4687/617/2955 4682/617/2950
f 4682/617/2950 4687/617/2955 4688/617/2956 4683/617/2951
f 4683/617/2951 4688/617/2956 4689/617/2957 4684/617/2952
f 4684/617/2952 4689/617/2957 4686/617/2954 4681/617/2949
f 4685/617/2953 4690/617/2958 4692/617/2960 4687/617/2955
f 4687/617/2955 4692/617/2960 4693/617/2961 4688/617/2956
f 4688/617/2956 4693/617/2961 4694/617/2962 4689/617/2957
f 4689/617/2957 4694/617/2962 4691/617/2959 4686/617/2954
f 4690/617/2958 4695/617/2963 4697/617/2965 4692/617/2960
f 4692/617/2960 4697/617/2965 4698/617/2966 4693/617/2961
f 4693/617/2961 4698/617/2966 4699/617/2967 4694/617/2962
f 4694/617/2962 4699/617/2967 4696/617/2964 4691/617/2959
f 4695/617/2963 4700/617/2968 4702/617/2970 4697/617/2965
f 4697/617/2965 4702/617/2970 4703/617/2971 4698/617/2966
f 4698/617/2966 4703/617/2971 4704/617/2972 4699/617/2967
f 4699/617/2967 4704/617/2972 4701/617/2969 4696/617/2964
f 4700/617/2968 4705/617/2973 4707/617/2975 4702/617/2970
f 4702/617/2970 4707/617/2975 4708/617/2976 4703/617/2971
f 4703/617/2971 4708/617/2976 4709/617/2977 4704/617/2972
f 4704/617/2972 4709/617/2977 4706/617/2974 4701/617/2969
f 4705/617/2973 4660/617/2928 4662/617/2930 4707/617/2975
f 4707/617/2975 4662/617/2930 4663/617/2931 4708/617/2976
f 4708/617/2976 4663/617/2931 4664/617/2932 4709/617/2977
f 4709/617/2977 4664/617/2932 4661/617/2929 4706/617/2974
f 4660/617/2928 4600/617/2868 4602/617/2870 4662/617/2930
f 4662/617/2930 4602/617/2870 4603/617/2871 4663/617/2931
f 4663/617/2931 4603/617/2871 4604/617/2872 4664/617/2932
f 4664/617/2932 4604/617/2872 4601/617/2869 4661/617/2929
f 4600/617/2868 4610/617/2878 4612/617/2880 4602/617/2870
f 4602/617/2870 4612/617/2880 4613/617/2881 4603/617/2871
f 4603/617/2871 4613/617/2881 4614/617/2882 4604/617/2872
f 4604/617/2872 4614/617/2882 4611/617/2879 4601/617/2869
f 4610/617/2878 4615/617/2883 4617/617/2885 4612/617/2880
f 4612/617/2880 4617/617/2885 4618/617/2886 4613/617/2881
f 4613/617/2881 4618/617/2886 4619/617/2887 4614/617/2882
f 4614/617/2882 4619/617/2887 4616/617/2884 4611/617/2879
f 4615/617/2883 4620/617/2888 4622/617/2890 4617/617/2885
f 4617/617/2885 4622/617/2890 4623/617/2891 4618/617/2886
f 4618/617/2886 4623/617/2891 4624/617/2892 4619/617/2887
f 4619/617/2887 4624/617/2892 4621/617/2889 4616/617/2884
f 4620/617/2888 4625/617/2893 4627/617/2895 4622/617/2890
f 4622/617/2890 4627/617/2895 4628/617/2896 4623/617/2891
f 4623/617/2891 4628/617/2896 4629/617/2897 4624/617/2892
f 4624/617/2892 4629/617/2897 4626/617/2894 4621/617/2889
f 4625/617/2893 4630/617/2898 4632/617/2900 4627/617/2895
f 4627/617/2895 4632/617/2900 4633/617/2901 4628/617/2896
f 4628/617/2896 4633/617/2901 4634/617/2902 4629/617/2897
f 4629/617/2897 4634/617/2902 4631/617/2899 4626/617/2894
f 4630/617/2898 4635/617/2903 4637/617/2905 4632/617/2900
f 4632/617/2900 4637/617/2905 4638/617/2906 4633/617/2901
f 4633/617/2901 4638/617/2906 4639/617/2907 4634/617/2902
f 4634/617/2902 4639/617/2907 4636/617/2904 4631/617/2899
f 4635/617/2903 4640/617/2908 4642/617/2910 4637/617/2905
f 4637/617/2905 4642/617/2910 4643/617/2911 4638/617/2906
f 4638/617/2906 4643/617/2911 4644/617/2912 4639/617/2907
f 4639/617/2907 4644/617/2912 4641/617/2909 4636/617/2904
f 4640/617/2908 4645/617/2913 4647/617/2915 4642/617/2910
f 4642/617/2910 4647/617/2915 4648/617/2916 4643/617/2911
f 4643/617/2911 4648/617/2916 4649/617/2917 4644/617/2912
f 4644/617/2912 4649/617/2917 4646/617/2914 4641/617/2909
f 4645/617/2913 4650/617/2918 4652/617/2920 4647/617/2915
f 4647/617/2915 4652/617/2920 4653/617/2921 4648/617/2916
f 4648/617/2916 4653/617/2921 4654/617/2922 4649/617/2917
f 4649/617/2917 4654/617/2922 4651/617/2919 4646/617/2914
f 4650/617/2918 4605/617/2873 4607/617/2875 4652/617/2920
f 4652/617/2920 4607/617/2875 4608/617/2876 4653/617/2921
f 4653/617/2921 4608/617/2876 4609/617/2877 4654/617/2922
f 4654/617/2922 4609/617/2877 4606/617/2874 4651/617/2919
f 4605/617/2873 4545/617/2813 4547/617/2815 4607/617/2875
f 4607/617/2875 4547/617/2815 4548/617/2816 4608/617/2876
f 4608/617/2876 4548/617/2816 4549/617/2817 4609/617/2877
f 4609/617/2877 4549/617/2817 4546/617/2814 4606/617/2874
f 4545/617/2813 4555/617/2823 4557/617/2825 4547/617/2815
f 4547/617/2815 4557/617/2825 4558/617/2826 4548/617/2816
f 4548/617/2816 4558/617/2826 4559/617/2827 4549/617/2817
f 4549/617/2817 4559/617/2827 4556/617/2824 4546/617/2814
f 4555/617/2823 4560/617/2828 4562/617/2830 4557/617/2825
f 4557/617/2825 4562/617/2830 4563/617/2831 4558/617/2826
f 4558/617/2826 4563/617/2831 4564/617/2832 4559/617/2827
f 4559/617/2827 4564/617/2832 4561/617/2829 4556/617/2824
f 4560/617/2828 4565/617/2833 4567/617/2835 4562/617/2830
f 4562/617/2830 4567/617/2835 4568/617/2836 4563/617/2831
f 4563/617/2831 4568/617/2836 4569/617/2837 4564/617/2832
f 4564/617/2832 4569/617/2837 4566/617/2834 4561/617/2829
f 4565/617/2833 4570/617/2838 4572/617/2840 4567/617/2835
f 4567/617/2835 4572/617/2840 4573/617/2841 4568/617/2836
f 4568/617/2836 4573/617/2841 4574/617/2842 4569/617/2837
f 4569/617/2837 4574/617/2842 4571/617/2839 4566/617/2834
f 4570/617/2838 4575/617/2843 4577/617/2845 4572/617/2840
f 4572/617/2840 4577/617/2845 4578/617/2846 4573/617/2841
f 4573/617/2841 4578/617/2846 4579/617/2847 4574/617/2842
f 4574/617/2842 4579/617/2847 4576/617/2844 4571/617/2839
f 4575/617/2843 4580/617/2848 4582/617/2850 4577/617/2845
f 4577/617/2845 4582/617/2850 4583/617/2851 4578/617/2846
f 4578/617/2846 4583/617/2851 4584/617/2852 4579/617/2847
f 4579/617/2847 4584/617/2852 4581/617/2849 4576/617/2844
f 4580/617/2848 4585/617/2853 4587/617/2855 4582/617/2850
f 4582/617/2850 4587/617/2855 4588/617/2856 4583/617/2851
f 4583/617/2851 4588/617/2856 4589/617/2857 4584/617/2852
f 4584/617/2852 4589/617/2857 4586/617/2854 4581/617/2849
f 4585/617/2853 4590/617/2858 4592/617/2860 4587/617/2855
f 4587/617/2855 4592/617/2860 4593/617/2861 4588/617/2856
f 4588/617/2856 4593/617/2861 4594/617/2862 4589/617/2857
f 4589/617/2857 4594/617/2862 4591/617/2859 4586/617/2854
f 4590/617/2858 4595/617/2863 4597/617/2865 4592/617/2860
f 4592/617/2860 4597/617/2865 4598/617/2866 4593/617/2861
f 4593/617/2861 4598/617/2866 4599/617/2867 4594/617/2862
f 4594/617/2862 4599/617/2867 4596/617/2864 4591/617/2859
f 4595/617/2863 4550/617/2818 4552/617/2820 4597/617/2865
f 4597/617/2865 4552/617/2820 4553/617/2821 4598/617/2866
f 4598/617/2866 4553/617/2821 4554/617/2822 4599/617/2867
f 4599/617/2867 4554/617/2822 4551/617/2819 4596/617/2864
f 4550/617/2818 4490/617/2758 4492/617/2760 4552/617/2820
f 4552/617/2820 4492/617/2760 4493/617/2761 4553/617/2821
f 4553/617/2821 4493/617/2761 4494/617/2762 4554/617/2822
f 4554/617/2822 4494/617/2762 4491/617/2759 4551/617/2819
f 4490/617/2758 4500/617/2768 4502/617/2770 4492/617/2760
f 4492/617/2760 4502/617/2770 4503/617/2771 4493/617/2761
f 4493/617/2761 4503/617/2771 4504/617/2772 4494/617/2762
f 4494/617/2762 4504/617/2772 4501/617/2769 4491/617/2759
f 4500/617/2768 4505/617/2773 4507/617/2775 4502/617/2770
f 4502/617/2770 4507/617/2775 4508/617/2776 4503/617/2771
f 4503/617/2771 4508/617/2776 4509/617/2777 4504/617/2772
f 4504/617/2772 4509/617/2777 4506/617/2774 4501/617/2769
f 4505/617/2773 4510/617/2778 4512/617/2780 4507/617/2775
f 4507/617/2775 4512/617/2780 4513/617/2781 4508/617/2776
f 4508/617/2776 4513/617/2781 4514/617/2782 4509/617/2777
f 4509/617/2777 4514/617/2782 4511/617/2779 4506/617/2774
f 4510/617/2778 4515/617/2783 4517/617/2785 4512/617/2780
f 4512/617/2780 4517/617/2785 4518/617/2786 4513/617/2781
f 4513/617/2781 4518/617/2786 4519/617/2787 4514/617/2782
f 4514/617/2782 4519/617/2787 4516/617/2784 4511/617/2779
f 4515/617/2783 4520/617/2788 4522/617/2790 4517/617/2785
f 4517/617/2785 4522/617/2790 4523/617/2791 4518/617/2786
f 4518/617/2786 4523/617/2791 4524/617/2792 4519/617/2787
f 4519/617/2787 4524/617/2792 4521/617/2789 4516/617/2784
f 4520/617/2788 4525/617/2793 4527/617/2795 4522/617/2790
f 4522/617/2790 4527/617/2795 4528/617/2796 4523/617/2791
f 4523/617/2791 4528/617/2796 4529/617/2797 4524/617/2792
f 4524/617/2792 4529/617/2797 4526/617/2794 4521/617/2789
f 4525/617/2793 4530/617/2798 4532/617/2800 4527/617/2795
f 4527/617/2795 4532/617/2800 4533/617/2801 4528/617/2796
f 4528/617/2796 4533/617/2801 4534/617/2802 4529/617/2797
f 4529/617/2797 4534/617/2802 4531/617/2799 4526/617/2794
f 4530/617/2798 4535/617/2803 4537/617/2805 4532/617/2800
f 4532/617/2800 4537/617/2805 4538/617/2806 4533/617/2801
f 4533/617/2801 4538/617/2806 4539/617/2807 4534/617/2802
f 4534/617/2802 4539/617/2807 4536/617/2804 4531/617/2799
f 4535/617/2803 4540/617/2808 4542/617/2810 4537/617/2805
f 4537/617/2805 4542/617/2810 4543/617/2811 4538/617/2806
f 4538/617/2806 4543/617/2811 4544/617/2812 4539/617/2807
f 4539/617/2807 4544/617/2812 4541/617/2809 4536/617/2804
f 4540/617/2808 4495/617/2763 4497/617/2765 4542/617/2810
f 4542/617/2810 4497/617/2765 4498/617/2766 4543/617/2811
f 4543/617/2811 4498/617/2766 4499/617/2767 4544/617/2812
f 4544/617/2812 4499/617/2767 4496/617/2764 4541/617/2809
f 4495/617/2763 4256/617/2524 4259/617/2527 4497/617/2765
f 4497/617/2765 4259/617/2527 4258/617/2526 4498/617/2766
f 4498/617/2766 4258/617/2526 4257/617/2525 4499/617/2767
f 4499/617/2767 4257/617/2525 4255/617/2523 4496/617/2764
f 3800/617/2068 3821/617/2089 3738/617/2006 3730/617/1998
o Plane.004
v -4.469579 1.145784 0.032171
v -4.456332 1.141938 0.032355
v -4.155077 1.085895 0.017039
v -4.155037 1.085898 0.017031
v -4.417560 1.235997 -0.032467
v -4.430266 1.239217 -0.032353
v -4.483131 1.149817 0.031921
v -4.161140 1.085613 0.018222
v -4.405855 1.232928 -0.032509
v -4.496656 1.153938 0.031613
v -4.168603 1.085615 0.019462
v -4.395440 1.230087 -0.032478
v -4.509820 1.158045 0.031253
v -4.177283 1.085901 0.020728
v -4.359834 1.220142 -0.032227
v -4.522299 1.162037 0.030851
v -4.186964 1.086464 0.021989
v -4.349452 1.217181 -0.032116
v -4.533786 1.165815 0.030416
v -4.197410 1.087290 0.023213
v -4.337845 1.213759 -0.031922
v -4.762814 1.280851 -0.002891
v -4.543999 1.169288 0.029959
v -4.208361 1.088358 0.024372
v -4.325300 1.209959 -0.031650
v -4.141317 1.137102 -0.017029
v -4.582332 1.182580 0.028085
v -4.219550 1.089643 0.025435
v -4.312125 1.205876 -0.031307
v -4.685607 1.278925 -0.014535
v -4.592453 1.186247 0.027492
v -4.230700 1.091112 0.026377
v -4.298645 1.201608 -0.030900
v -4.674961 1.278801 -0.016228
v -4.603669 1.190604 0.026653
v -4.241538 1.092730 0.027175
v -4.285192 1.197263 -0.030441
v -4.663030 1.278383 -0.017953
v -4.615704 1.195544 0.025589
v -4.251795 1.094456 0.027810
v -4.272096 1.192946 -0.029939
v -4.650110 1.277682 -0.019666
v -4.628261 1.200945 0.024325
v -4.260901 1.096084 0.028314
v -4.259681 1.188765 -0.029409
v -4.636518 1.276714 -0.021326
v -4.641030 1.206674 0.022893
v -4.271505 1.098040 0.028863
v -4.248252 1.184821 -0.028862
v -4.622588 1.275503 -0.022891
v -4.653699 1.212591 0.021327
v -4.283375 1.100339 0.029410
v -4.238091 1.181213 -0.028312
v -4.608664 1.274080 -0.024323
v -4.665955 1.218549 0.019668
v -4.296217 1.102925 0.029941
v -4.229391 1.178069 -0.027808
v -4.595089 1.272479 -0.025587
v -4.677495 1.224401 0.017955
v -4.309717 1.105734 0.030442
v -4.219645 1.174436 -0.027174
v -4.582197 1.270740 -0.026651
v -4.688035 1.230005 0.016230
v -4.323540 1.108698 0.030902
v -4.209450 1.170418 -0.026376
v -4.570305 1.268905 -0.027490
v -4.697318 1.235221 0.014536
v -4.337348 1.111742 0.031309
v -4.199059 1.166116 -0.025433
v -4.559707 1.267020 -0.028083
v -4.350800 1.114793 0.031652
v -4.188727 1.161634 -0.024370
v -4.519863 1.259365 -0.029958
v -4.363564 1.117775 0.031924
v -4.178709 1.157083 -0.023212
v -4.509282 1.257266 -0.030415
v -4.375327 1.120615 0.032118
v -4.169250 1.152575 -0.021987
v -4.497445 1.254795 -0.030849
v -4.385798 1.123242 0.032229
v -4.160584 1.148222 -0.020726
v -4.484641 1.252012 -0.031252
v -4.421606 1.132432 0.032480
v -4.152925 1.144130 -0.019460
v -4.471188 1.248987 -0.031611
v -4.432047 1.135179 0.032511
v -4.146460 1.140400 -0.018221
v -4.457414 1.245793 -0.031920
v -4.443718 1.138374 0.032469
v -4.141350 1.137124 -0.017037
v -4.443661 1.242510 -0.032169
v -4.713062 1.298278 0.043940
v -4.632277 1.295685 0.079247
v -4.696008 1.301900 0.056893
v -4.674666 1.302679 0.068151
v -4.652287 1.300497 0.076001
v -4.155188 1.168835 0.031931
v -4.183888 1.182322 0.075038
v -4.160366 1.176710 0.045778
v -4.167638 1.182038 0.058832
v -4.175898 1.184009 0.069107
v -4.187901 1.167344 0.085001
v -4.167297 1.123641 0.061993
v -4.182662 1.158764 0.085899
v -4.176907 1.147447 0.081842
v -4.171512 1.135113 0.073447
v -4.517215 1.285930 0.066168
v -4.535352 1.284624 0.018692
v -4.517953 1.289913 0.059913
v -4.521658 1.291064 0.048694
v -4.527768 1.289207 0.034219
v -4.615007 1.295134 0.076717
v -4.644877 1.296350 0.033876
v -4.617536 1.299407 0.070904
v -4.624100 1.301139 0.060721
v -4.633701 1.300066 0.047718
v -4.525266 1.287361 0.066618
v -4.544648 1.286401 0.019484
v -4.526229 1.291394 0.060396
v -4.530252 1.292629 0.049254
v -4.536719 1.290875 0.034888
v -4.534393 1.288769 0.067262
v -4.555064 1.288143 0.020526
v -4.535573 1.292846 0.061079
v -4.539916 1.294159 0.050026
v -4.546760 1.292508 0.035786
v -4.544376 1.290116 0.068086
v -4.566339 1.289806 0.021788
v -4.545756 1.294231 0.061945
v -4.550415 1.295617 0.050990
v -4.557642 1.294063 0.036889
v -4.554938 1.291362 0.069069
v -4.578192 1.291348 0.023242
v -4.556508 1.295510 0.062972
v -4.561478 1.296964 0.052122
v -4.569092 1.295503 0.038171
v -4.565793 1.292471 0.070186
v -4.590324 1.292736 0.024856
v -4.567547 1.296650 0.064136
v -4.572824 1.298167 0.053397
v -4.580823 1.296793 0.039603
v -4.576652 1.293415 0.071406
v -4.602433 1.293935 0.026593
v -4.578588 1.297620 0.065405
v -4.584167 1.299196 0.054781
v -4.592541 1.297902 0.041153
v -4.587227 1.294168 0.072697
v -4.614218 1.294918 0.028414
v -4.589347 1.298398 0.066748
v -4.595221 1.300025 0.056243
v -4.603954 1.298803 0.042782
v -4.597233 1.294711 0.074024
v -4.625391 1.295662 0.030273
v -4.599543 1.298961 0.068128
v -4.605706 1.300635 0.057744
v -4.614782 1.299476 0.044451
v -4.606390 1.295032 0.075348
v -4.635688 1.296145 0.032116
v -4.608905 1.299299 0.069509
v -4.615357 1.301008 0.059243
v -4.624762 1.299901 0.046112
v -4.387357 1.256746 0.062685
v -4.389174 1.251236 0.013709
v -4.386376 1.260298 0.056306
v -4.386376 1.260499 0.044758
v -4.387359 1.257316 0.029800
v -4.485417 1.279821 0.064671
v -4.499956 1.277717 0.016797
v -4.485857 1.283739 0.058385
v -4.488775 1.284715 0.047079
v -4.493726 1.282600 0.032476
v -4.395508 1.258969 0.062660
v -4.398477 1.253778 0.013689
v -4.394670 1.262561 0.056281
v -4.394939 1.262836 0.044734
v -4.396276 1.259752 0.029778
v -4.404707 1.261381 0.062693
v -4.408928 1.256528 0.013748
v -4.404015 1.265012 0.056316
v -4.404574 1.265365 0.044775
v -4.406299 1.262386 0.029827
v -4.414732 1.263922 0.062783
v -4.420269 1.259420 0.013886
v -4.414183 1.267591 0.056410
v -4.415042 1.268023 0.044880
v -4.417179 1.265154 0.029947
v -4.425320 1.266525 0.062929
v -4.432219 1.262382 0.014100
v -4.424914 1.270230 0.056562
v -4.426082 1.270744 0.045046
v -4.428647 1.267988 0.030136
v -4.436202 1.269123 0.063126
v -4.444481 1.265342 0.014388
v -4.435938 1.272864 0.056767
v -4.437418 1.273460 0.045271
v -4.440418 1.270818 0.030390
v -4.447099 1.271649 0.063370
v -4.456752 1.268228 0.014747
v -4.446977 1.275427 0.057020
v -4.448768 1.276104 0.045550
v -4.452201 1.273576 0.030706
v -4.457735 1.274041 0.063654
v -4.468726 1.270971 0.015173
v -4.457753 1.277855 0.057316
v -4.459848 1.278610 0.045877
v -4.463701 1.276193 0.031078
v -4.467836 1.276236 0.063972
v -4.480103 1.273506 0.015660
v -4.467995 1.280085 0.057648
v -4.470382 1.280918 0.046246
v -4.474634 1.278607 0.031502
v -4.477140 1.278179 0.064314
v -4.490601 1.275772 0.016203
v -4.477440 1.282063 0.058007
v -4.480104 1.282969 0.046649
v -4.484725 1.280760 0.031970
v -4.262795 1.218064 0.065977
v -4.248832 1.208094 0.018322
v -4.260209 1.221149 0.059711
v -4.256647 1.220338 0.048454
v -4.252652 1.215753 0.033920
v -4.358920 1.248803 0.062885
v -4.357370 1.242356 0.013940
v -4.357668 1.252280 0.056508
v -4.356934 1.252276 0.044967
v -4.356829 1.248791 0.030019
v -4.270794 1.220905 0.065544
v -4.257850 1.211208 0.017653
v -4.268325 1.224025 0.059258
v -4.264998 1.223278 0.047949
v -4.261320 1.218777 0.033339
v -4.279793 1.224010 0.065114
v -4.268012 1.214639 0.017013
v -4.277457 1.227170 0.058809
v -4.274397 1.226499 0.047454
v -4.271081 1.222099 0.032777
v -4.289601 1.227314 0.064694
v -4.279066 1.218299 0.016410
v -4.287397 1.230514 0.058374
v -4.284622 1.229924 0.046979
v -4.281696 1.225635 0.032243
v -4.299966 1.230731 0.064298
v -4.290737 1.222092 0.015855
v -4.297896 1.233970 0.057964
v -4.295415 1.233466 0.046534
v -4.292902 1.229295 0.031747
v -4.310622 1.234173 0.063934
v -4.302736 1.225923 0.015356
v -4.308687 1.237452 0.057589
v -4.306509 1.237036 0.046129
v -4.304419 1.232988 0.031298
v -4.321300 1.237553 0.063612
v -4.314765 1.229694 0.014919
v -4.319500 1.240872 0.057257
v -4.317626 1.240545 0.045772
v -4.315963 1.236620 0.030905
v -4.331727 1.240785 0.063340
v -4.326526 1.233311 0.014553
v -4.330063 1.244144 0.056977
v -4.328491 1.243904 0.045471
v -4.327249 1.240100 0.030574
v -4.341639 1.243787 0.063125
v -4.337729 1.236681 0.014265
v -4.340112 1.247186 0.056756
v -4.338832 1.247029 0.045234
v -4.337996 1.243340 0.030313
v -4.350777 1.246481 0.062972
v -4.348096 1.239721 0.014058
v -4.349389 1.249920 0.056598
v -4.348392 1.249843 0.045064
v -4.347938 1.246262 0.030126
v -4.186748 1.183090 0.075037
v -4.164111 1.171024 0.031549
v -4.183089 1.185925 0.069075
v -4.177502 1.184627 0.058717
v -4.170837 1.179394 0.045540
v -4.255982 1.215603 0.066372
v -4.241131 1.205416 0.018981
v -4.253283 1.218655 0.060128
v -4.249513 1.217791 0.048929
v -4.245245 1.213142 0.034480
v -4.192894 1.187030 0.073614
v -4.168554 1.173809 0.030345
v -4.188474 1.189372 0.067815
v -4.182296 1.187682 0.057556
v -4.175302 1.182217 0.044398
v -4.197439 1.189652 0.072742
v -4.174144 1.176915 0.028967
v -4.193291 1.192142 0.066868
v -4.187407 1.190596 0.056486
v -4.180684 1.185249 0.043177
v -4.203085 1.192669 0.071809
v -4.180777 1.180308 0.027507
v -4.199160 1.195266 0.065870
v -4.193542 1.193829 0.055366
v -4.187087 1.188577 0.041894
v -4.209642 1.195964 0.070855
v -4.188306 1.183926 0.026029
v -4.205906 1.198643 0.064860
v -4.200539 1.197296 0.054236
v -4.194359 1.192129 0.040600
v -4.216883 1.199414 0.069917
v -4.196554 1.187690 0.024582
v -4.213323 1.202165 0.063870
v -4.208210 1.200903 0.053131
v -4.202321 1.195820 0.039335
v -4.224598 1.202919 0.069025
v -4.205319 1.191507 0.023205
v -4.221210 1.205735 0.062931
v -4.216357 1.204556 0.052083
v -4.210777 1.199559 0.038133
v -4.232574 1.206379 0.068204
v -4.214386 1.195282 0.021929
v -4.229359 1.209258 0.062066
v -4.224772 1.208160 0.051116
v -4.219515 1.203252 0.037022
v -4.240595 1.209700 0.067477
v -4.223528 1.198920 0.020784
v -4.237554 1.212640 0.061299
v -4.233243 1.211624 0.050256
v -4.228318 1.206806 0.036029
v -4.248439 1.212791 0.066863
v -4.232519 1.202326 0.019793
v -4.245581 1.215793 0.060649
v -4.241551 1.214858 0.049521
v -4.236964 1.210129 0.035175
v -4.528375 1.244281 0.093871
v -4.555519 1.209395 0.068704
v -4.531926 1.237767 0.094597
v -4.538332 1.228851 0.090068
v -4.546616 1.218888 0.080976
v -4.616568 1.284590 0.083521
v -4.655515 1.257591 0.059238
v -4.622180 1.279230 0.084164
v -4.631553 1.272216 0.079775
v -4.643259 1.264618 0.071022
v -4.536062 1.247066 0.093421
v -4.564381 1.212807 0.068400
v -4.539828 1.240646 0.094150
v -4.546533 1.231881 0.089651
v -4.555154 1.222105 0.080609
v -4.544671 1.250410 0.092777
v -4.574187 1.216844 0.067903
v -4.548640 1.244086 0.093509
v -4.555643 1.235487 0.089039
v -4.564614 1.225921 0.080047
v -4.553991 1.254236 0.091953
v -4.584694 1.221404 0.067222
v -4.558144 1.248006 0.092688
v -4.565438 1.239579 0.088246
v -4.574760 1.230238 0.079303
v -4.563760 1.258438 0.090970
v -4.595639 1.226373 0.066377
v -4.568088 1.252303 0.091706
v -4.575665 1.244055 0.087291
v -4.585340 1.234950 0.078397
v -4.573716 1.262904 0.089853
v -4.606750 1.231629 0.065391
v -4.578211 1.256866 0.090591
v -4.586067 1.248801 0.086201
v -4.596088 1.239940 0.077352
v -4.583591 1.267516 0.088633
v -4.617749 1.237043 0.064291
v -4.588252 1.261576 0.089370
v -4.596380 1.253699 0.085003
v -4.606738 1.245084 0.076196
v -4.593126 1.272152 0.087342
v -4.628368 1.242482 0.063104
v -4.597952 1.266313 0.088075
v -4.606344 1.258624 0.083727
v -4.617024 1.250255 0.074958
v -4.602063 1.276684 0.086015
v -4.638350 1.247810 0.061855
v -4.607059 1.270952 0.086741
v -4.615709 1.263451 0.082405
v -4.626698 1.255325 0.073666
v -4.610154 1.280985 0.084691
v -4.647465 1.252891 0.060564
v -4.615332 1.275367 0.085403
v -4.624241 1.268056 0.081067
v -4.635525 1.260163 0.072345
v -4.401323 1.204625 0.097354
v -4.412547 1.164008 0.071730
v -4.403193 1.197534 0.098055
v -4.405983 1.187325 0.093431
v -4.409268 1.175552 0.084187
v -4.497783 1.233672 0.095368
v -4.521477 1.197422 0.070185
v -4.501049 1.227047 0.096093
v -4.506698 1.217832 0.091562
v -4.513871 1.207429 0.082464
v -4.409493 1.206775 0.097379
v -4.421872 1.166466 0.071765
v -4.411508 1.199722 0.098080
v -4.414567 1.189584 0.093459
v -4.418207 1.177907 0.084218
v -4.418666 1.209286 0.097346
v -4.432292 1.169334 0.071745
v -4.420825 1.202274 0.098048
v -4.424173 1.192219 0.093430
v -4.428200 1.180652 0.084193
v -4.428618 1.212098 0.097256
v -4.443548 1.172541 0.071673
v -4.430920 1.205128 0.097959
v -4.434565 1.195163 0.093344
v -4.439000 1.183720 0.084114
v -4.439089 1.215138 0.097110
v -4.455363 1.176008 0.071550
v -4.441532 1.208212 0.097815
v -4.445482 1.198343 0.093205
v -4.450339 1.187034 0.083982
v -4.449812 1.218329 0.096913
v -4.467443 1.179651 0.071383
v -4.452394 1.211448 0.097619
v -4.456652 1.201681 0.093015
v -4.461936 1.190515 0.083802
v -4.460513 1.221590 0.096669
v -4.479488 1.183382 0.071178
v -4.463234 1.214755 0.097377
v -4.467795 1.205094 0.092782
v -4.473503 1.194077 0.083582
v -4.470920 1.224836 0.096385
v -4.491197 1.187112 0.070944
v -4.473778 1.218050 0.097096
v -4.478635 1.208498 0.092511
v -4.484752 1.197634 0.083328
v -4.480765 1.227986 0.096067
v -4.502280 1.190752 0.070693
v -4.483760 1.221251 0.096782
v -4.488900 1.211810 0.092211
v -4.495403 1.201100 0.083050
v -4.489793 1.230955 0.095725
v -4.512458 1.194216 0.070436
v -4.492925 1.224275 0.096445
v -4.498332 1.214946 0.091891
v -4.505191 1.204391 0.082758
v -4.274108 1.175843 0.094062
v -4.269159 1.132232 0.068783
v -4.274334 1.168433 0.094776
v -4.273473 1.157543 0.090223
v -4.271656 1.144831 0.081096
v -4.372724 1.197285 0.097154
v -4.380562 1.155803 0.071511
v -4.374322 1.190124 0.097853
v -4.376373 1.179726 0.093225
v -4.378564 1.167674 0.083975
v -4.282456 1.177383 0.094495
v -4.278582 1.133837 0.069118
v -4.282805 1.169985 0.095204
v -4.282191 1.159112 0.090630
v -4.280708 1.146418 0.081470
v -4.291801 1.179193 0.094925
v -4.289145 1.135770 0.069474
v -4.292289 1.171813 0.095631
v -4.291956 1.160970 0.091042
v -4.290852 1.148313 0.081857
v -4.301948 1.181236 0.095345
v -4.300587 1.137979 0.069837
v -4.302573 1.173877 0.096048
v -4.302535 1.163072 0.091447
v -4.301837 1.150467 0.082243
v -4.312632 1.183460 0.095741
v -4.312625 1.140405 0.070191
v -4.313396 1.176123 0.096443
v -4.313663 1.165365 0.091833
v -4.313392 1.152823 0.082615
v -4.323582 1.185807 0.096105
v -4.324959 1.142984 0.070525
v -4.324484 1.178496 0.096805
v -4.325063 1.167790 0.092190
v -4.325230 1.155320 0.082961
v -4.334518 1.188218 0.096427
v -4.337285 1.145648 0.070825
v -4.335560 1.180934 0.097127
v -4.336452 1.170285 0.092507
v -4.337058 1.157895 0.083271
v -4.345165 1.190633 0.096699
v -4.349297 1.148329 0.071081
v -4.346346 1.183377 0.097398
v -4.347546 1.172789 0.092775
v -4.348582 1.160482 0.083534
v -4.355250 1.192989 0.096914
v -4.360699 1.150958 0.071285
v -4.356570 1.185763 0.097613
v -4.358069 1.175237 0.092988
v -4.359519 1.163016 0.083743
v -4.364511 1.195225 0.097067
v -4.371207 1.153471 0.071430
v -4.365972 1.188030 0.097766
v -4.367757 1.177569 0.093139
v -4.369596 1.165433 0.083891
v -4.190763 1.168108 0.085002
v -4.176239 1.125762 0.061656
v -4.189857 1.160667 0.085876
v -4.186779 1.150006 0.081746
v -4.181996 1.137749 0.073242
v -4.266977 1.174568 0.093667
v -4.261086 1.130945 0.068517
v -4.267084 1.167149 0.094389
v -4.266002 1.156253 0.089863
v -4.263896 1.143540 0.080778
v -4.198054 1.167769 0.086425
v -4.181530 1.125383 0.062557
v -4.196248 1.160360 0.087113
v -4.192473 1.149702 0.082819
v -4.187304 1.137420 0.074196
v -4.203301 1.167771 0.087297
v -4.188014 1.125155 0.063397
v -4.201811 1.160344 0.088020
v -4.198382 1.149637 0.083731
v -4.193537 1.137280 0.075085
v -4.209701 1.167982 0.088230
v -4.195562 1.125131 0.064210
v -4.208465 1.160542 0.088968
v -4.205343 1.149786 0.084662
v -4.200812 1.137351 0.075968
v -4.217026 1.168407 0.089184
v -4.204005 1.125336 0.065002
v -4.216003 1.160958 0.089927
v -4.213170 1.150157 0.085592
v -4.208957 1.137648 0.076839
v -4.225021 1.169039 0.090122
v -4.213143 1.125776 0.065765
v -4.224196 1.161584 0.090864
v -4.221650 1.150745 0.086495
v -4.217768 1.138171 0.077682
v -4.233456 1.169862 0.091014
v -4.222753 1.126444 0.066483
v -4.232821 1.162405 0.091753
v -4.230564 1.151535 0.087351
v -4.227028 1.138907 0.078477
v -4.242094 1.170853 0.091835
v -4.232596 1.127321 0.067135
v -4.241646 1.163399 0.092570
v -4.239684 1.152508 0.088135
v -4.236506 1.139839 0.079203
v -4.250700 1.171987 0.092562
v -4.242429 1.128383 0.067703
v -4.250442 1.164540 0.093294
v -4.248780 1.153638 0.088826
v -4.245966 1.140942 0.079840
v -4.259038 1.173232 0.093176
v -4.252005 1.129602 0.068168
v -4.258976 1.165798 0.093904
v -4.257618 1.154896 0.089407
v -4.255170 1.142185 0.080369
v -4.659149 1.195760 -0.080373
v -4.728927 1.239146 -0.048534
v -4.678416 1.203212 -0.078204
v -4.698442 1.214074 -0.071391
v -4.716179 1.226692 -0.060973
v -4.210501 1.083000 -0.084999
v -4.170806 1.110545 -0.061991
v -4.201674 1.087810 -0.085897
v -4.191031 1.094734 -0.081840
v -4.180192 1.102718 -0.073445
v -4.182916 1.065352 -0.031929
v -4.214514 1.068022 -0.075036
v -4.191338 1.061121 -0.045776
v -4.200300 1.060143 -0.058831
v -4.208438 1.062566 -0.069105
v -4.549906 1.230438 -0.068650
v -4.543828 1.186607 -0.093870
v -4.546937 1.217748 -0.080942
v -4.544740 1.204962 -0.090051
v -4.543648 1.194027 -0.094591
v -4.661048 1.239389 -0.058417
v -4.641067 1.195804 -0.083407
v -4.653826 1.226893 -0.070506
v -4.647493 1.214222 -0.079500
v -4.643012 1.203305 -0.084031
v -4.559293 1.231930 -0.068329
v -4.551879 1.188039 -0.093419
v -4.555944 1.219240 -0.080564
v -4.553359 1.206443 -0.089629
v -4.551931 1.195486 -0.094143
v -4.569812 1.233356 -0.067810
v -4.561006 1.189447 -0.092776
v -4.566049 1.220678 -0.079989
v -4.563054 1.207881 -0.089011
v -4.561283 1.196914 -0.093501
v -4.581204 1.234687 -0.067101
v -4.570990 1.190794 -0.091951
v -4.577003 1.222029 -0.079228
v -4.573587 1.209242 -0.088209
v -4.571476 1.198274 -0.092677
v -4.593185 1.235892 -0.066218
v -4.581552 1.192040 -0.090968
v -4.588533 1.223260 -0.078298
v -4.584688 1.210490 -0.087243
v -4.582236 1.199527 -0.091692
v -4.605461 1.236941 -0.065181
v -4.592406 1.193149 -0.089852
v -4.600352 1.224341 -0.077222
v -4.596076 1.211594 -0.086138
v -4.593287 1.200641 -0.090573
v -4.617731 1.237813 -0.064014
v -4.603265 1.194093 -0.088631
v -4.612169 1.225248 -0.076025
v -4.607467 1.212527 -0.084920
v -4.604340 1.201587 -0.089347
v -4.629697 1.238491 -0.062740
v -4.613841 1.194846 -0.087340
v -4.623694 1.225961 -0.074733
v -4.618573 1.213267 -0.083619
v -4.615113 1.202341 -0.088046
v -4.641076 1.238971 -0.061378
v -4.623846 1.195389 -0.086013
v -4.634649 1.226471 -0.073370
v -4.629118 1.213799 -0.082264
v -4.625324 1.202884 -0.086703
v -4.651603 1.239261 -0.059937
v -4.633003 1.195710 -0.084689
v -4.644771 1.226777 -0.071957
v -4.638837 1.214116 -0.080882
v -4.634705 1.203207 -0.085353
v -4.403382 1.198214 -0.071726
v -4.413970 1.157424 -0.097352
v -4.406314 1.186576 -0.084184
v -4.409356 1.174737 -0.093429
v -4.412045 1.164500 -0.098053
v -4.514431 1.223773 -0.070144
v -4.512031 1.180499 -0.095366
v -4.512846 1.211291 -0.082438
v -4.511833 1.198684 -0.091549
v -4.511547 1.187871 -0.096088
v -4.412686 1.200747 -0.071760
v -4.422121 1.159647 -0.097377
v -4.415233 1.189006 -0.084215
v -4.417920 1.177073 -0.093456
v -4.420339 1.166763 -0.098078
v -4.423144 1.203475 -0.071739
v -4.431320 1.162059 -0.097344
v -4.425259 1.191626 -0.084189
v -4.427556 1.179595 -0.093427
v -4.429684 1.169212 -0.098046
v -4.434496 1.206327 -0.071665
v -4.441345 1.164600 -0.097254
v -4.436146 1.194370 -0.084108
v -4.438027 1.182241 -0.093341
v -4.439853 1.171787 -0.097957
v -4.446461 1.209234 -0.071541
v -4.451934 1.167203 -0.097108
v -4.447624 1.197170 -0.083975
v -4.449072 1.184946 -0.093201
v -4.450585 1.174423 -0.097812
v -4.458745 1.212121 -0.071371
v -4.462815 1.169801 -0.096911
v -4.459408 1.199955 -0.083795
v -4.460414 1.187641 -0.093011
v -4.461611 1.177052 -0.097617
v -4.471042 1.214915 -0.071163
v -4.473712 1.172327 -0.096667
v -4.471206 1.202655 -0.083572
v -4.471772 1.190257 -0.092776
v -4.472652 1.179608 -0.097375
v -4.483048 1.217543 -0.070926
v -4.484348 1.174719 -0.096383
v -4.482727 1.205202 -0.083315
v -4.482862 1.192730 -0.092504
v -4.483431 1.182026 -0.097093
v -4.494467 1.219936 -0.070669
v -4.494450 1.176914 -0.096065
v -4.493685 1.207529 -0.083034
v -4.493407 1.194996 -0.092203
v -4.493676 1.184246 -0.096779
v -4.505014 1.222032 -0.070404
v -4.503753 1.178856 -0.095724
v -4.503808 1.209577 -0.082738
v -4.503144 1.196998 -0.091881
v -4.503125 1.186210 -0.096441
v -4.263317 1.154036 -0.068781
v -4.289408 1.118742 -0.094060
v -4.271778 1.144374 -0.081094
v -4.279708 1.134273 -0.090222
v -4.285899 1.125273 -0.094775
v -4.371580 1.189326 -0.071508
v -4.385533 1.149481 -0.097152
v -4.375785 1.178046 -0.083973
v -4.379914 1.166512 -0.093223
v -4.383337 1.156482 -0.097851
v -4.272279 1.157358 -0.069116
v -4.297408 1.121583 -0.094493
v -4.280412 1.147525 -0.081469
v -4.288043 1.137274 -0.090629
v -4.294011 1.128164 -0.095202
v -4.282394 1.160965 -0.069472
v -4.306406 1.124688 -0.094924
v -4.290143 1.150956 -0.081855
v -4.297428 1.140547 -0.091040
v -4.303139 1.131323 -0.095629
v -4.293408 1.164773 -0.069835
v -4.316215 1.127992 -0.095343
v -4.300734 1.154584 -0.082241
v -4.307641 1.144016 -0.091445
v -4.313077 1.134678 -0.096046
v -4.305046 1.168691 -0.070189
v -4.326579 1.131409 -0.095740
v -4.311919 1.158321 -0.082613
v -4.318425 1.147594 -0.091831
v -4.323573 1.138144 -0.096441
v -4.317017 1.172626 -0.070523
v -4.337235 1.134851 -0.096104
v -4.323419 1.162077 -0.082959
v -4.329510 1.151195 -0.092188
v -4.334362 1.141634 -0.096804
v -4.329023 1.176481 -0.070823
v -4.347913 1.138230 -0.096426
v -4.334950 1.165762 -0.083269
v -4.340621 1.154728 -0.092505
v -4.345173 1.145060 -0.097125
v -4.340766 1.180166 -0.071079
v -4.358340 1.141463 -0.096698
v -4.346224 1.169284 -0.083532
v -4.351480 1.158107 -0.092773
v -4.355735 1.148337 -0.097396
v -4.351955 1.183589 -0.071282
v -4.368252 1.144464 -0.096912
v -4.356962 1.172557 -0.083740
v -4.361817 1.161248 -0.092986
v -4.365782 1.151383 -0.097611
v -4.362311 1.186668 -0.071426
v -4.377390 1.147159 -0.097065
v -4.366898 1.175502 -0.083889
v -4.371374 1.164073 -0.093137
v -4.375058 1.154120 -0.097764
v -4.179610 1.113180 -0.061655
v -4.213361 1.083768 -0.085001
v -4.190590 1.105677 -0.073240
v -4.200860 1.097453 -0.081745
v -4.208856 1.089760 -0.085875
v -4.255681 1.151114 -0.068515
v -4.282595 1.116281 -0.093665
v -4.264412 1.141612 -0.080776
v -4.272593 1.131655 -0.089861
v -4.278978 1.122760 -0.094387
v -4.184003 1.116153 -0.062555
v -4.219507 1.087708 -0.086424
v -4.195023 1.108616 -0.074194
v -4.205640 1.100564 -0.082817
v -4.214237 1.093222 -0.087112
v -4.189504 1.119593 -0.063395
v -4.224052 1.090330 -0.087295
v -4.200350 1.111854 -0.075083
v -4.210724 1.103575 -0.083730
v -4.219047 1.096017 -0.088018
v -4.196029 1.123388 -0.064208
v -4.229699 1.093347 -0.088229
v -4.206686 1.115430 -0.075967
v -4.216827 1.106926 -0.084661
v -4.224908 1.099172 -0.088966
v -4.203444 1.127432 -0.065001
v -4.236256 1.096641 -0.089183
v -4.213888 1.119245 -0.076838
v -4.223791 1.110518 -0.085590
v -4.231646 1.102581 -0.089925
v -4.211577 1.131619 -0.065764
v -4.243496 1.100092 -0.090120
v -4.221780 1.123198 -0.077680
v -4.231429 1.114249 -0.086494
v -4.239054 1.106135 -0.090862
v -4.220233 1.135846 -0.066481
v -4.251211 1.103597 -0.091012
v -4.230168 1.127190 -0.078475
v -4.239543 1.118021 -0.087349
v -4.246933 1.109737 -0.091751
v -4.229197 1.140008 -0.067134
v -4.259188 1.107057 -0.091833
v -4.238842 1.131122 -0.079201
v -4.247929 1.121739 -0.088133
v -4.255074 1.113289 -0.092569
v -4.238243 1.144005 -0.067701
v -4.267208 1.110378 -0.092561
v -4.247586 1.134897 -0.079838
v -4.256371 1.125308 -0.088824
v -4.263261 1.116698 -0.093292
v -4.247146 1.147738 -0.068166
v -4.275052 1.113469 -0.093175
v -4.256178 1.138422 -0.080368
v -4.264654 1.128638 -0.089405
v -4.271281 1.119876 -0.093902
v -4.570027 1.155124 -0.018748
v -4.554988 1.144958 -0.066166
v -4.565757 1.147376 -0.034253
v -4.561399 1.142724 -0.048709
v -4.557618 1.141875 -0.059915
v -4.670294 1.199147 -0.034718
v -4.643436 1.185411 -0.076563
v -4.662586 1.190542 -0.048226
v -4.654775 1.184910 -0.060921
v -4.648051 1.183108 -0.070872
v -4.578960 1.158221 -0.019558
v -4.562675 1.147744 -0.066616
v -4.574338 1.150400 -0.034933
v -4.569621 1.145662 -0.049275
v -4.565526 1.144729 -0.060400
v -4.588842 1.161905 -0.020624
v -4.571284 1.151088 -0.067260
v -4.583845 1.153997 -0.035845
v -4.578753 1.149164 -0.050053
v -4.574343 1.148143 -0.061085
v -4.599424 1.166083 -0.021917
v -4.580604 1.154913 -0.068084
v -4.594038 1.158078 -0.036967
v -4.588571 1.153145 -0.051026
v -4.583853 1.152033 -0.061953
v -4.610441 1.170645 -0.023411
v -4.590374 1.159115 -0.069068
v -4.604662 1.162539 -0.038275
v -4.598820 1.157502 -0.052171
v -4.593802 1.156299 -0.062984
v -4.621615 1.175473 -0.025078
v -4.600329 1.163582 -0.070184
v -4.615450 1.167265 -0.039740
v -4.609240 1.162122 -0.053460
v -4.603930 1.160829 -0.064151
v -4.632664 1.180439 -0.026884
v -4.610205 1.168194 -0.071404
v -4.626129 1.172133 -0.041331
v -4.619566 1.166888 -0.054865
v -4.613975 1.165506 -0.065426
v -4.643311 1.185414 -0.028795
v -4.619740 1.172830 -0.072695
v -4.636434 1.177018 -0.043016
v -4.629539 1.171677 -0.056353
v -4.623677 1.170207 -0.066775
v -4.653290 1.190269 -0.030770
v -4.628676 1.177362 -0.074022
v -4.646104 1.181795 -0.044757
v -4.638903 1.176366 -0.057888
v -4.632783 1.174810 -0.068165
v -4.662356 1.194882 -0.032764
v -4.636767 1.181663 -0.075346
v -4.654902 1.186344 -0.046511
v -4.647421 1.180834 -0.059431
v -4.641053 1.179190 -0.069557
v -4.426755 1.110982 -0.013710
v -4.427936 1.105303 -0.062683
v -4.428223 1.104810 -0.029800
v -4.428963 1.101562 -0.044757
v -4.428862 1.101736 -0.056304
v -4.535928 1.143417 -0.016839
v -4.524396 1.134350 -0.064669
v -4.532977 1.136082 -0.032501
v -4.529749 1.131783 -0.047090
v -4.526736 1.131175 -0.058386
v -4.436082 1.113432 -0.013691
v -4.436107 1.107453 -0.062659
v -4.437163 1.107159 -0.029779
v -4.437548 1.103820 -0.044734
v -4.437177 1.103923 -0.056280
v -4.446508 1.116275 -0.013751
v -4.445279 1.109964 -0.062691
v -4.447160 1.109888 -0.029828
v -4.447156 1.106447 -0.044775
v -4.446495 1.106473 -0.056315
v -4.457776 1.119440 -0.013890
v -4.455231 1.112776 -0.062782
v -4.457967 1.112931 -0.029949
v -4.457551 1.109378 -0.044880
v -4.456590 1.109324 -0.056409
v -4.469605 1.122849 -0.014106
v -4.465703 1.115816 -0.062927
v -4.469316 1.116210 -0.030139
v -4.468472 1.112542 -0.045047
v -4.467203 1.112404 -0.056561
v -4.481705 1.126416 -0.014397
v -4.476425 1.119007 -0.063124
v -4.480925 1.119644 -0.030395
v -4.479647 1.115857 -0.045273
v -4.478067 1.115634 -0.056766
v -4.493774 1.130050 -0.014760
v -4.487126 1.122267 -0.063368
v -4.492507 1.123146 -0.030713
v -4.490798 1.119242 -0.045552
v -4.488909 1.118934 -0.057019
v -4.505514 1.133658 -0.015190
v -4.497533 1.125514 -0.063653
v -4.503775 1.126627 -0.031088
v -4.501647 1.122611 -0.045881
v -4.499455 1.122220 -0.057316
v -4.516634 1.137148 -0.015683
v -4.507378 1.128663 -0.063970
v -4.514449 1.130001 -0.031515
v -4.511923 1.125878 -0.046251
v -4.509440 1.125409 -0.057648
v -4.526856 1.140430 -0.016235
v -4.516407 1.131633 -0.064312
v -4.524264 1.133180 -0.031988
v -4.521368 1.128962 -0.046657
v -4.518609 1.128419 -0.058008
v -4.283644 1.078174 -0.018320
v -4.300721 1.076521 -0.065976
v -4.290781 1.073451 -0.033918
v -4.296534 1.071479 -0.048452
v -4.300024 1.072557 -0.059709
v -4.394772 1.102771 -0.013940
v -4.399337 1.097963 -0.062884
v -4.397521 1.096928 -0.030019
v -4.399354 1.093962 -0.044966
v -4.399992 1.094326 -0.056507
v -4.293011 1.079986 -0.017651
v -4.309069 1.078061 -0.065543
v -4.299800 1.075167 -0.033337
v -4.305236 1.073108 -0.047947
v -4.308491 1.074124 -0.059256
v -4.303527 1.082096 -0.017011
v -4.318415 1.079871 -0.065112
v -4.309915 1.077170 -0.032775
v -4.314987 1.075018 -0.047452
v -4.317972 1.075966 -0.058807
v -4.314929 1.084454 -0.016409
v -4.328561 1.081914 -0.064693
v -4.320875 1.079416 -0.032242
v -4.325554 1.077164 -0.046977
v -4.328253 1.078041 -0.058373
v -4.326934 1.087004 -0.015854
v -4.339245 1.084137 -0.064296
v -4.332410 1.081848 -0.031746
v -4.336672 1.079493 -0.046532
v -4.339073 1.080297 -0.057962
v -4.339241 1.089686 -0.015354
v -4.350195 1.086485 -0.063932
v -4.344231 1.084409 -0.031297
v -4.348064 1.081948 -0.046127
v -4.350159 1.082677 -0.057587
v -4.351544 1.092434 -0.014918
v -4.361132 1.088896 -0.063610
v -4.356044 1.087036 -0.030904
v -4.359447 1.084468 -0.045770
v -4.361233 1.085122 -0.057255
v -4.363538 1.095183 -0.014553
v -4.371778 1.091311 -0.063338
v -4.367558 1.089665 -0.030573
v -4.370536 1.086992 -0.045470
v -4.372018 1.087570 -0.056975
v -4.374925 1.097866 -0.014264
v -4.381863 1.093667 -0.063123
v -4.378486 1.092232 -0.030312
v -4.381054 1.089455 -0.045232
v -4.382240 1.089960 -0.056754
v -4.385423 1.100416 -0.014058
v -4.391124 1.095903 -0.062971
v -4.388556 1.094673 -0.030126
v -4.390740 1.091798 -0.045063
v -4.391642 1.092230 -0.056597
v -4.191738 1.067918 -0.031548
v -4.217376 1.068786 -0.075035
v -4.201749 1.064032 -0.045538
v -4.210136 1.062833 -0.058716
v -4.215624 1.064502 -0.069074
v -4.275636 1.076643 -0.018979
v -4.293591 1.075246 -0.066370
v -4.283062 1.072010 -0.034479
v -4.289082 1.070117 -0.048928
v -4.292779 1.071254 -0.060126
v -4.196979 1.067727 -0.030343
v -4.224668 1.068447 -0.073612
v -4.207026 1.063820 -0.044397
v -4.215816 1.062584 -0.057554
v -4.222011 1.064209 -0.067813
v -4.203373 1.067832 -0.028966
v -4.229915 1.068449 -0.072740
v -4.213203 1.063885 -0.043176
v -4.221699 1.062616 -0.056485
v -4.227568 1.064219 -0.066866
v -4.210814 1.068210 -0.027506
v -4.236314 1.068659 -0.071807
v -4.220412 1.064204 -0.041893
v -4.228629 1.062883 -0.055364
v -4.234213 1.064447 -0.065868
v -4.219143 1.068841 -0.026028
v -4.243639 1.069085 -0.070853
v -4.228486 1.064764 -0.040599
v -4.236422 1.063379 -0.054234
v -4.241743 1.064896 -0.064858
v -4.228167 1.069706 -0.024581
v -4.251635 1.069717 -0.069915
v -4.237227 1.065549 -0.039334
v -4.244868 1.064091 -0.053130
v -4.249928 1.065555 -0.063869
v -4.237667 1.070783 -0.023203
v -4.260069 1.070539 -0.069023
v -4.246419 1.066538 -0.038131
v -4.253750 1.065001 -0.052081
v -4.258543 1.066406 -0.062929
v -4.247407 1.072047 -0.021927
v -4.268707 1.071531 -0.068202
v -4.255834 1.067709 -0.037021
v -4.262841 1.066088 -0.051115
v -4.267361 1.067430 -0.062064
v -4.257143 1.073468 -0.020782
v -4.277313 1.072665 -0.067475
v -4.265234 1.069033 -0.036027
v -4.271908 1.067323 -0.050254
v -4.276150 1.068598 -0.061297
v -4.266632 1.075013 -0.019791
v -4.285652 1.073910 -0.066861
v -4.274384 1.070478 -0.035173
v -4.280721 1.068676 -0.049519
v -4.284678 1.069881 -0.060647
vn -0.2457 -0.8048 0.5403
vn -0.2377 -0.8071 0.5404
vn -0.1091 -0.8364 0.5372
vn 0.5842 -0.7296 0.3556
vn 0.2066 0.8156 -0.5405
vn 0.1977 0.8178 -0.5404
vn -0.2533 -0.8025 0.5402
vn 0.1215 -0.8523 0.5087
vn 0.2171 0.8128 -0.5406
vn -0.2609 -0.8002 0.5400
vn 0.0735 -0.8528 0.5170
vn 0.2264 0.8103 -0.5405
vn -0.2689 -0.7977 0.5398
vn 0.0387 -0.8519 0.5223
vn 0.2331 0.8084 -0.5405
vn -0.2778 -0.7949 0.5395
vn 0.0111 -0.8504 0.5260
vn 0.2415 0.8060 -0.5404
vn -0.2883 -0.7914 0.5391
vn -0.0122 -0.8487 0.5287
vn 0.2509 0.8033 -0.5402
vn -0.9532 0.3010 -0.0285
vn -0.2968 -0.7885 0.5387
vn -0.0332 -0.8467 0.5310
vn 0.2588 0.8009 -0.5401
vn 0.8707 0.3397 -0.3556
vn -0.3094 -0.7841 0.5381
vn -0.0531 -0.8445 0.5329
vn 0.2659 0.7986 -0.5399
vn -0.0644 0.8493 -0.5240
vn -0.3314 -0.7760 0.5367
vn -0.0729 -0.8419 0.5346
vn 0.2727 0.7965 -0.5397
vn -0.0645 0.8527 -0.5185
vn -0.3539 -0.7672 0.5350
vn -0.0936 -0.8389 0.5362
vn 0.2794 0.7943 -0.5394
vn -0.0389 0.8519 -0.5222
vn -0.3731 -0.7593 0.5332
vn -0.1119 -0.8359 0.5374
vn 0.2866 0.7919 -0.5392
vn -0.0174 0.8508 -0.5252
vn -0.3903 -0.7518 0.5315
vn -0.1218 -0.8341 0.5379
vn 0.2946 0.7892 -0.5388
vn 0.0018 0.8495 -0.5275
vn -0.4068 -0.7444 0.5296
vn -0.1297 -0.8327 0.5383
vn 0.3040 0.7860 -0.5383
vn 0.0199 0.8480 -0.5296
vn -0.4232 -0.7366 0.5275
vn -0.1395 -0.8308 0.5388
vn 0.3116 0.7833 -0.5379
vn 0.0379 0.8462 -0.5315
vn -0.4405 -0.7282 0.5252
vn -0.1478 -0.8291 0.5392
vn 0.3211 0.7798 -0.5374
vn 0.0566 0.8441 -0.5332
vn -0.4596 -0.7183 0.5222
vn -0.1551 -0.8276 0.5394
vn 0.3384 0.7733 -0.5362
vn 0.0771 0.8413 -0.5350
vn -0.4822 -0.7062 0.5185
vn -0.1621 -0.8261 0.5397
vn 0.3579 0.7656 -0.5346
vn 0.1010 0.8377 -0.5367
vn -0.5521 -0.6608 0.5085
vn -0.1691 -0.8246 0.5399
vn 0.3763 0.7579 -0.5329
vn 0.1241 0.8337 -0.5381
vn -0.1763 -0.8229 0.5401
vn 0.3946 0.7499 -0.5310
vn 0.1372 0.8313 -0.5387
vn -0.1844 -0.8211 0.5402
vn 0.4138 0.7411 -0.5287
vn 0.1460 0.8295 -0.5391
vn -0.1938 -0.8188 0.5404
vn 0.4348 0.7309 -0.5260
vn 0.1569 0.8272 -0.5395
vn -0.2023 -0.8167 0.5405
vn 0.4594 0.7184 -0.5223
vn 0.1660 0.8253 -0.5398
vn -0.2091 -0.8149 0.5405
vn 0.4900 0.7018 -0.5170
vn 0.1742 0.8234 -0.5400
vn -0.2184 -0.8125 0.5406
vn 0.5314 0.6774 -0.5087
vn 0.1819 0.8217 -0.5402
vn -0.2289 -0.8096 0.5405
vn 0.3237 0.7789 -0.5372
vn 0.1896 0.8198 -0.5403
vn -0.6269 0.6074 0.4879
vn 0.0183 0.5632 0.8262
vn -0.5169 0.6344 0.5747
vn -0.3484 0.6425 0.6825
vn -0.1765 0.6199 0.7646
vn 0.7979 0.5925 -0.1107
vn 0.3132 0.6142 0.7243
vn 0.7595 0.6505 -0.0015
vn 0.6833 0.7065 0.1843
vn 0.5453 0.7159 0.4361
vn 0.2367 0.3285 0.9144
vn 0.4865 -0.5697 0.6624
vn 0.3429 -0.0394 0.9385
vn 0.4118 -0.3066 0.8581
vn 0.4569 -0.4788 0.7497
vn 0.1663 0.7042 0.6902
vn 0.1498 0.9121 -0.3817
vn 0.1904 0.9453 0.2650
vn 0.1793 0.9802 -0.0841
vn 0.1630 0.9475 -0.2750
vn 0.1238 0.6907 0.7124
vn -0.0241 0.9590 -0.2823
vn 0.0731 0.9355 0.3457
vn 0.0255 0.9995 0.0209
vn -0.0048 0.9854 -0.1703
vn 0.1616 0.7041 0.6915
vn 0.1300 0.9186 -0.3732
vn 0.1775 0.9461 0.2707
vn 0.1625 0.9838 -0.0758
vn 0.1444 0.9530 -0.2663
vn 0.1557 0.7030 0.6939
vn 0.1071 0.9257 -0.3628
vn 0.1613 0.9466 0.2791
vn 0.1416 0.9878 -0.0648
vn 0.1221 0.9591 -0.2554
vn 0.1507 0.7018 0.6962
vn 0.0877 0.9314 -0.3532
vn 0.1479 0.9464 0.2871
vn 0.1242 0.9908 -0.0546
vn 0.1032 0.9639 -0.2453
vn 0.1464 0.7005 0.6984
vn 0.0704 0.9363 -0.3440
vn 0.1360 0.9458 0.2949
vn 0.1087 0.9931 -0.0446
vn 0.0864 0.9680 -0.2355
vn 0.1424 0.6991 0.7007
vn 0.0540 0.9408 -0.3346
vn 0.1249 0.9449 0.3027
vn 0.0942 0.9950 -0.0344
vn 0.0706 0.9717 -0.2256
vn 0.1385 0.6977 0.7029
vn 0.0378 0.9451 -0.3246
vn 0.1141 0.9436 0.3108
vn 0.0799 0.9965 -0.0238
vn 0.0550 0.9750 -0.2151
vn 0.1344 0.6961 0.7052
vn 0.0208 0.9493 -0.3135
vn 0.1031 0.9421 0.3192
vn 0.0652 0.9978 -0.0124
vn 0.0388 0.9783 -0.2036
vn 0.1301 0.6945 0.7076
vn 0.0022 0.9537 -0.3006
vn 0.0910 0.9402 0.3283
vn 0.0490 0.9988 0.0003
vn 0.0209 0.9815 -0.1905
vn 0.1251 0.6929 0.7101
vn -0.0196 0.9584 -0.2848
vn 0.0770 0.9379 0.3384
vn 0.0301 0.9994 0.0151
vn -0.0000 0.9846 -0.1746
vn 0.1907 0.7032 0.6850
vn 0.2459 0.8832 -0.3993
vn 0.2567 0.9344 0.2469
vn 0.2652 0.9584 -0.1057
vn 0.2557 0.9208 -0.2944
vn 0.1690 0.7043 0.6895
vn 0.1604 0.9087 -0.3854
vn 0.1975 0.9447 0.2617
vn 0.1886 0.9781 -0.0884
vn 0.1731 0.9446 -0.2788
vn 0.1885 0.7040 0.6848
vn 0.2369 0.8858 -0.3991
vn 0.2506 0.9361 0.2468
vn 0.2571 0.9606 -0.1056
vn 0.2470 0.9233 -0.2942
vn 0.1860 0.7044 0.6850
vn 0.2267 0.8887 -0.3986
vn 0.2436 0.9378 0.2474
vn 0.2479 0.9631 -0.1050
vn 0.2371 0.9260 -0.2937
vn 0.1838 0.7047 0.6853
vn 0.2180 0.8911 -0.3979
vn 0.2376 0.9391 0.2481
vn 0.2402 0.9651 -0.1042
vn 0.2288 0.9284 -0.2929
vn 0.1818 0.7049 0.6856
vn 0.2103 0.8934 -0.3971
vn 0.2322 0.9402 0.2491
vn 0.2332 0.9669 -0.1031
vn 0.2212 0.9305 -0.2920
vn 0.1800 0.7051 0.6859
vn 0.2029 0.8955 -0.3960
vn 0.2271 0.9412 0.2502
vn 0.2266 0.9687 -0.1018
vn 0.2141 0.9325 -0.2908
vn 0.1781 0.7051 0.6864
vn 0.1956 0.8977 -0.3947
vn 0.2220 0.9420 0.2516
vn 0.2201 0.9703 -0.1001
vn 0.2071 0.9346 -0.2893
vn 0.1761 0.7051 0.6869
vn 0.1879 0.9001 -0.3931
vn 0.2168 0.9428 0.2534
vn 0.2133 0.9721 -0.0981
vn 0.1997 0.9367 -0.2875
vn 0.1740 0.7050 0.6875
vn 0.1794 0.9027 -0.3910
vn 0.2109 0.9435 0.2555
vn 0.2058 0.9739 -0.0956
vn 0.1916 0.9391 -0.2852
vn 0.1715 0.7049 0.6883
vn 0.1695 0.9058 -0.3883
vn 0.2042 0.9443 0.2582
vn 0.1971 0.9760 -0.0923
vn 0.1822 0.9419 -0.2823
vn 0.2090 0.6929 0.6901
vn 0.3298 0.8633 -0.3821
vn 0.3104 0.9132 0.2639
vn 0.3378 0.9373 -0.0854
vn 0.3358 0.9007 -0.2757
vn 0.1922 0.7027 0.6850
vn 0.2523 0.8815 -0.3991
vn 0.2610 0.9332 0.2471
vn 0.2708 0.9568 -0.1055
vn 0.2619 0.9192 -0.2942
vn 0.2075 0.6945 0.6890
vn 0.3218 0.8650 -0.3849
vn 0.3057 0.9158 0.2606
vn 0.3312 0.9393 -0.0890
vn 0.3284 0.9024 -0.2789
vn 0.2057 0.6958 0.6882
vn 0.3127 0.8670 -0.3879
vn 0.3002 0.9184 0.2578
vn 0.3236 0.9417 -0.0924
vn 0.3198 0.9045 -0.2821
vn 0.2041 0.6969 0.6875
vn 0.3049 0.8687 -0.3903
vn 0.2954 0.9206 0.2556
vn 0.3170 0.9436 -0.0952
vn 0.3125 0.9063 -0.2846
vn 0.2026 0.6979 0.6870
vn 0.2979 0.8703 -0.3921
vn 0.2910 0.9225 0.2537
vn 0.3110 0.9454 -0.0975
vn 0.3058 0.9079 -0.2867
vn 0.2012 0.6988 0.6865
vn 0.2912 0.8719 -0.3937
vn 0.2868 0.9243 0.2520
vn 0.3052 0.9471 -0.0994
vn 0.2994 0.9095 -0.2884
vn 0.1997 0.6996 0.6860
vn 0.2845 0.8735 -0.3951
vn 0.2825 0.9260 0.2506
vn 0.2993 0.9488 -0.1010
vn 0.2930 0.9111 -0.2899
vn 0.1981 0.7004 0.6857
vn 0.2775 0.8752 -0.3963
vn 0.2778 0.9277 0.2494
vn 0.2931 0.9506 -0.1025
vn 0.2862 0.9128 -0.2913
vn 0.1963 0.7013 0.6853
vn 0.2696 0.8771 -0.3974
vn 0.2726 0.9295 0.2484
vn 0.2862 0.9525 -0.1037
vn 0.2786 0.9148 -0.2924
vn 0.1942 0.7022 0.6850
vn 0.2604 0.8795 -0.3984
vn 0.2664 0.9316 0.2474
vn 0.2780 0.9548 -0.1049
vn 0.2697 0.9171 -0.2935
vn 0.2234 0.6695 0.7085
vn 0.4036 0.8441 -0.3530
vn 0.3556 0.8682 0.3462
vn 0.4019 0.9155 -0.0209
vn 0.4070 0.8835 -0.2321
vn 0.2106 0.6915 0.6910
vn 0.3385 0.8614 -0.3787
vn 0.3152 0.9107 0.2671
vn 0.3448 0.9352 -0.0814
vn 0.3438 0.8988 -0.2720
vn 0.2478 0.6574 0.7116
vn 0.5401 0.7998 -0.2619
vn 0.4279 0.8342 0.3479
vn 0.5094 0.8599 0.0327
vn 0.5333 0.8319 -0.1534
vn 0.2404 0.6636 0.7084
vn 0.5022 0.8150 -0.2893
vn 0.4070 0.8506 0.3330
vn 0.4787 0.8780 0.0088
vn 0.4976 0.8485 -0.1802
vn 0.2353 0.6684 0.7056
vn 0.4735 0.8250 -0.3084
vn 0.3916 0.8622 0.3213
vn 0.4558 0.8900 -0.0088
vn 0.4708 0.8594 -0.1992
vn 0.2312 0.6726 0.7030
vn 0.4501 0.8325 -0.3231
vn 0.3790 0.8715 0.3112
vn 0.4371 0.8991 -0.0230
vn 0.4490 0.8675 -0.2141
vn 0.2277 0.6763 0.7006
vn 0.4297 0.8385 -0.3351
vn 0.3679 0.8794 0.3023
vn 0.4207 0.9065 -0.0352
vn 0.4300 0.8740 -0.2264
vn 0.2244 0.6797 0.6983
vn 0.4109 0.8437 -0.3454
vn 0.3575 0.8864 0.2941
vn 0.4054 0.9130 -0.0460
vn 0.4124 0.8796 -0.2371
vn 0.2211 0.6830 0.6961
vn 0.3927 0.8485 -0.3548
vn 0.3472 0.8930 0.2864
vn 0.3904 0.9190 -0.0559
vn 0.3953 0.8848 -0.2469
vn 0.2177 0.6862 0.6941
vn 0.3742 0.8531 -0.3635
vn 0.3365 0.8994 0.2791
vn 0.3749 0.9247 -0.0653
vn 0.3778 0.8898 -0.2561
vn 0.2138 0.6895 0.6920
vn 0.3545 0.8578 -0.3722
vn 0.3246 0.9059 0.2720
vn 0.3582 0.9307 -0.0746
vn 0.3590 0.8949 -0.2652
vn 0.0638 0.3215 0.9447
vn -0.2771 -0.6809 0.6779
vn -0.1000 -0.1380 0.9854
vn -0.2045 -0.4519 0.8683
vn -0.2526 -0.6032 0.7565
vn 0.0216 0.3625 0.9317
vn -0.4708 -0.4912 0.7329
vn -0.2126 -0.0024 0.9771
vn -0.3625 -0.2681 0.8926
vn -0.4342 -0.4118 0.8012
vn 0.0598 0.3243 0.9441
vn -0.2953 -0.6685 0.6826
vn -0.1106 -0.1287 0.9855
vn -0.2191 -0.4398 0.8710
vn -0.2693 -0.5908 0.7605
vn 0.0554 0.3288 0.9428
vn -0.3161 -0.6536 0.6877
vn -0.1234 -0.1158 0.9856
vn -0.2368 -0.4241 0.8741
vn -0.2892 -0.5753 0.7651
vn 0.0518 0.3329 0.9415
vn -0.3334 -0.6402 0.6921
vn -0.1338 -0.1041 0.9855
vn -0.2513 -0.4099 0.8768
vn -0.3056 -0.5613 0.7691
vn 0.0488 0.3368 0.9403
vn -0.3487 -0.6275 0.6962
vn -0.1426 -0.0930 0.9854
vn -0.2639 -0.3965 0.8793
vn -0.3200 -0.5481 0.7728
vn 0.0462 0.3406 0.9391
vn -0.3629 -0.6149 0.7002
vn -0.1505 -0.0821 0.9852
vn -0.2754 -0.3831 0.8817
vn -0.3333 -0.5350 0.7763
vn 0.0436 0.3443 0.9379
vn -0.3768 -0.6017 0.7042
vn -0.1581 -0.0710 0.9849
vn -0.2865 -0.3694 0.8840
vn -0.3462 -0.5214 0.7799
vn 0.0409 0.3481 0.9366
vn -0.3911 -0.5874 0.7086
vn -0.1658 -0.0594 0.9844
vn -0.2978 -0.3547 0.8863
vn -0.3595 -0.5066 0.7837
vn 0.0380 0.3521 0.9352
vn -0.4065 -0.5708 0.7134
vn -0.1743 -0.0469 0.9836
vn -0.3101 -0.3383 0.8885
vn -0.3739 -0.4897 0.7876
vn 0.0344 0.3563 0.9337
vn -0.4243 -0.5506 0.7189
vn -0.1842 -0.0327 0.9824
vn -0.3243 -0.3190 0.8906
vn -0.3904 -0.4694 0.7920
vn 0.0850 0.3087 0.9473
vn -0.1840 -0.7211 0.6679
vn -0.0402 -0.1737 0.9840
vn -0.1241 -0.4941 0.8605
vn -0.1637 -0.6445 0.7468
vn 0.0660 0.3200 0.9451
vn -0.2671 -0.6869 0.6759
vn -0.0940 -0.1432 0.9852
vn -0.1963 -0.4582 0.8669
vn -0.2433 -0.6092 0.7547
vn 0.0827 0.3090 0.9474
vn -0.1930 -0.7186 0.6681
vn -0.0463 -0.1722 0.9840
vn -0.1321 -0.4919 0.8606
vn -0.1724 -0.6421 0.7470
vn 0.0803 0.3100 0.9473
vn -0.2032 -0.7155 0.6684
vn -0.0532 -0.1697 0.9841
vn -0.1411 -0.4889 0.8608
vn -0.1822 -0.6390 0.7473
vn 0.0783 0.3109 0.9472
vn -0.2117 -0.7126 0.6688
vn -0.0589 -0.1674 0.9841
vn -0.1487 -0.4861 0.8612
vn -0.1904 -0.6361 0.7477
vn 0.0765 0.3118 0.9471
vn -0.2193 -0.7099 0.6693
vn -0.0639 -0.1650 0.9842
vn -0.1554 -0.4833 0.8616
vn -0.1978 -0.6333 0.7482
vn 0.0749 0.3128 0.9469
vn -0.2265 -0.7070 0.6700
vn -0.0686 -0.1625 0.9843
vn -0.1616 -0.4803 0.8621
vn -0.2046 -0.6304 0.7488
vn 0.0732 0.3138 0.9467
vn -0.2336 -0.7040 0.6707
vn -0.0732 -0.1597 0.9844
vn -0.1678 -0.4771 0.8627
vn -0.2114 -0.6273 0.7495
vn 0.0716 0.3149 0.9464
vn -0.2410 -0.7006 0.6716
vn -0.0778 -0.1566 0.9846
vn -0.1741 -0.4735 0.8634
vn -0.2184 -0.6238 0.7505
vn 0.0698 0.3163 0.9461
vn -0.2491 -0.6966 0.6728
vn -0.0829 -0.1529 0.9848
vn -0.1809 -0.4692 0.8643
vn -0.2261 -0.6197 0.7516
vn 0.0677 0.3178 0.9457
vn -0.2586 -0.6917 0.6743
vn -0.0887 -0.1485 0.9849
vn -0.1888 -0.4640 0.8655
vn -0.2349 -0.6146 0.7530
vn 0.1064 0.3101 0.9447
vn -0.0969 -0.7293 0.6773
vn 0.0199 -0.1709 0.9851
vn -0.0461 -0.4953 0.8675
vn -0.0797 -0.6500 0.7557
vn 0.0866 0.3084 0.9473
vn -0.1776 -0.7227 0.6680
vn -0.0358 -0.1746 0.9840
vn -0.1183 -0.4955 0.8605
vn -0.1575 -0.6460 0.7469
vn 0.1043 0.3091 0.9453
vn -0.1054 -0.7296 0.6757
vn 0.0139 -0.1730 0.9848
vn -0.0536 -0.4967 0.8662
vn -0.0878 -0.6507 0.7542
vn 0.1019 0.3086 0.9457
vn -0.1151 -0.7296 0.6741
vn 0.0074 -0.1743 0.9847
vn -0.0621 -0.4978 0.8651
vn -0.0970 -0.6512 0.7527
vn 0.0999 0.3083 0.9460
vn -0.1233 -0.7295 0.6728
vn 0.0018 -0.1753 0.9845
vn -0.0694 -0.4985 0.8641
vn -0.1049 -0.6514 0.7515
vn 0.0981 0.3080 0.9463
vn -0.1307 -0.7291 0.6718
vn -0.0033 -0.1761 0.9844
vn -0.0760 -0.4990 0.8633
vn -0.1120 -0.6513 0.7505
vn 0.0964 0.3077 0.9466
vn -0.1376 -0.7287 0.6709
vn -0.0082 -0.1765 0.9843
vn -0.0823 -0.4991 0.8626
vn -0.1187 -0.6511 0.7496
vn 0.0947 0.3076 0.9468
vn -0.1446 -0.7280 0.6702
vn -0.0130 -0.1768 0.9842
vn -0.0886 -0.4991 0.8620
vn -0.1255 -0.6507 0.7489
vn 0.0929 0.3076 0.9470
vn -0.1519 -0.7271 0.6695
vn -0.0181 -0.1768 0.9841
vn -0.0952 -0.4987 0.8615
vn -0.1326 -0.6500 0.7483
vn 0.0908 0.3076 0.9472
vn -0.1599 -0.7259 0.6689
vn -0.0237 -0.1765 0.9840
vn -0.1025 -0.4980 0.8611
vn -0.1404 -0.6490 0.7477
vn 0.0885 0.3078 0.9473
vn -0.1693 -0.7243 0.6684
vn -0.0303 -0.1758 0.9840
vn -0.1110 -0.4968 0.8607
vn -0.1495 -0.6475 0.7472
vn 0.1320 0.3286 0.9352
vn -0.0165 -0.7237 0.6899
vn 0.0961 -0.1002 0.9903
vn 0.0349 -0.4543 0.8902
vn 0.0011 -0.6314 0.7755
vn 0.1085 0.3107 0.9443
vn -0.0876 -0.7288 0.6791
vn 0.0259 -0.1690 0.9853
vn -0.0380 -0.4935 0.8689
vn -0.0709 -0.6490 0.7575
vn 0.1592 0.3266 0.9317
vn 0.1441 -0.6778 0.7210
vn 0.1740 -0.1134 0.9782
vn 0.1645 -0.4274 0.8890
vn 0.1522 -0.5904 0.7927
vn 0.1495 0.3244 0.9340
vn 0.0980 -0.6933 0.7140
vn 0.1457 -0.1243 0.9815
vn 0.1246 -0.4433 0.8876
vn 0.1077 -0.6066 0.7877
vn 0.1425 0.3222 0.9359
vn 0.0640 -0.7032 0.7081
vn 0.1249 -0.1329 0.9832
vn 0.0955 -0.4546 0.8856
vn 0.0751 -0.6174 0.7831
vn 0.1367 0.3200 0.9375
vn 0.0367 -0.7102 0.7030
vn 0.1079 -0.1403 0.9842
vn 0.0720 -0.4633 0.8833
vn 0.0491 -0.6253 0.7789
vn 0.1317 0.3180 0.9389
vn 0.0133 -0.7155 0.6985
vn 0.0930 -0.1467 0.9848
vn 0.0517 -0.4706 0.8808
vn 0.0266 -0.6314 0.7750
vn 0.1269 0.3160 0.9402
vn -0.0080 -0.7195 0.6944
vn 0.0792 -0.1525 0.9851
vn 0.0330 -0.4767 0.8784
vn 0.0062 -0.6364 0.7713
vn 0.1223 0.3142 0.9414
vn -0.0283 -0.7228 0.6904
vn 0.0657 -0.1577 0.9853
vn 0.0150 -0.4821 0.8760
vn -0.0134 -0.6406 0.7677
vn 0.1176 0.3126 0.9426
vn -0.0488 -0.7255 0.6865
vn 0.0520 -0.1624 0.9854
vn -0.0033 -0.4867 0.8735
vn -0.0332 -0.6441 0.7642
vn 0.1125 0.3111 0.9437
vn -0.0703 -0.7276 0.6824
vn 0.0373 -0.1665 0.9853
vn -0.0227 -0.4908 0.8710
vn -0.0542 -0.6471 0.7605
vn -0.2605 -0.4745 -0.8408
vn -0.8152 -0.0883 -0.5724
vn -0.4475 -0.3822 -0.8085
vn -0.6004 -0.2860 -0.7468
vn -0.7376 -0.1773 -0.6515
vn 0.0407 -0.4028 -0.9144
vn 0.7062 0.2501 -0.6624
vn 0.3167 -0.1373 -0.9385
vn 0.5099 0.0596 -0.8581
vn 0.6351 0.1862 -0.7497
vn 0.3948 -0.9121 0.1107
vn -0.0358 -0.6885 -0.7243
vn 0.3325 -0.9431 0.0015
vn 0.2385 -0.9535 -0.1843
vn 0.1143 -0.8926 -0.4361
vn 0.1005 0.7282 -0.6779
vn -0.1055 -0.3101 -0.9448
vn 0.0828 0.6488 -0.7564
vn 0.0488 0.4940 -0.8681
vn -0.0175 0.1701 -0.9853
vn -0.1071 0.6806 -0.7248
vn -0.1533 -0.3254 -0.9331
vn -0.1218 0.5931 -0.7959
vn -0.1398 0.4316 -0.8912
vn -0.1572 0.1179 -0.9805
vn 0.0784 0.7266 -0.6825
vn -0.1103 -0.3104 -0.9442
vn 0.0620 0.6465 -0.7604
vn 0.0300 0.4909 -0.8707
vn -0.0314 0.1675 -0.9854
vn 0.0530 0.7241 -0.6876
vn -0.1165 -0.3120 -0.9429
vn 0.0370 0.6431 -0.7649
vn 0.0068 0.4863 -0.8737
vn -0.0490 0.1630 -0.9854
vn 0.0312 0.7212 -0.6920
vn -0.1216 -0.3136 -0.9417
vn 0.0158 0.6393 -0.7688
vn -0.0129 0.4815 -0.8763
vn -0.0639 0.1583 -0.9853
vn 0.0116 0.7179 -0.6961
vn -0.1261 -0.3152 -0.9406
vn -0.0034 0.6351 -0.7724
vn -0.0306 0.4764 -0.8787
vn -0.0771 0.1535 -0.9851
vn -0.0070 0.7141 -0.7000
vn -0.1303 -0.3169 -0.9395
vn -0.0216 0.6305 -0.7759
vn -0.0473 0.4709 -0.8809
vn -0.0895 0.1485 -0.9849
vn -0.0257 0.7097 -0.7041
vn -0.1345 -0.3185 -0.9383
vn -0.0397 0.6254 -0.7793
vn -0.0640 0.4650 -0.8830
vn -0.1017 0.1434 -0.9844
vn -0.0453 0.7044 -0.7084
vn -0.1388 -0.3200 -0.9372
vn -0.0589 0.6194 -0.7829
vn -0.0814 0.4585 -0.8850
vn -0.1143 0.1380 -0.9838
vn -0.0671 0.6978 -0.7131
vn -0.1434 -0.3214 -0.9360
vn -0.0801 0.6122 -0.7866
vn -0.1006 0.4511 -0.8868
vn -0.1282 0.1325 -0.9829
vn -0.0927 0.6892 -0.7186
vn -0.1489 -0.3226 -0.9348
vn -0.1051 0.6031 -0.7907
vn -0.1232 0.4422 -0.8884
vn -0.1443 0.1265 -0.9814
vn 0.2012 0.7165 -0.6679
vn -0.0808 -0.3098 -0.9474
vn 0.1805 0.6401 -0.7468
vn 0.1396 0.4900 -0.8605
vn 0.0521 0.1705 -0.9840
vn 0.1121 0.7284 -0.6759
vn -0.1028 -0.3099 -0.9452
vn 0.0939 0.6494 -0.7546
vn 0.0591 0.4953 -0.8667
vn -0.0098 0.1714 -0.9851
vn 0.1921 0.7188 -0.6681
vn -0.0829 -0.3090 -0.9474
vn 0.1717 0.6423 -0.7470
vn 0.1316 0.4921 -0.8606
vn 0.0460 0.1723 -0.9840
vn 0.1818 0.7212 -0.6684
vn -0.0855 -0.3086 -0.9473
vn 0.1617 0.6445 -0.7473
vn 0.1222 0.4940 -0.8608
vn 0.0388 0.1736 -0.9840
vn 0.1730 0.7230 -0.6688
vn -0.0877 -0.3084 -0.9472
vn 0.1531 0.6461 -0.7477
vn 0.1143 0.4954 -0.8611
vn 0.0327 0.1745 -0.9841
vn 0.1650 0.7244 -0.6693
vn -0.0896 -0.3082 -0.9471
vn 0.1454 0.6474 -0.7482
vn 0.1071 0.4963 -0.8615
vn 0.0271 0.1749 -0.9842
vn 0.1574 0.7255 -0.6699
vn -0.0915 -0.3082 -0.9469
vn 0.1380 0.6483 -0.7488
vn 0.1002 0.4969 -0.8620
vn 0.0218 0.1751 -0.9843
vn 0.1497 0.7265 -0.6707
vn -0.0935 -0.3083 -0.9467
vn 0.1305 0.6490 -0.7495
vn 0.0933 0.4972 -0.8626
vn 0.0165 0.1751 -0.9844
vn 0.1416 0.7272 -0.6716
vn -0.0955 -0.3084 -0.9464
vn 0.1227 0.6495 -0.7504
vn 0.0860 0.4972 -0.8633
vn 0.0109 0.1747 -0.9846
vn 0.1326 0.7279 -0.6728
vn -0.0977 -0.3087 -0.9461
vn 0.1140 0.6498 -0.7515
vn 0.0779 0.4970 -0.8642
vn 0.0047 0.1741 -0.9847
vn 0.1219 0.7283 -0.6743
vn -0.1002 -0.3089 -0.9458
vn 0.1038 0.6498 -0.7530
vn 0.0685 0.4965 -0.8654
vn -0.0026 0.1732 -0.9849
vn 0.2807 0.6801 -0.6773
vn -0.0629 -0.3218 -0.9447
vn 0.2559 0.6028 -0.7557
vn 0.2077 0.4520 -0.8675
vn 0.1026 0.1381 -0.9851
vn 0.2076 0.7147 -0.6680
vn -0.0792 -0.3104 -0.9473
vn 0.1866 0.6382 -0.7469
vn 0.1453 0.4883 -0.8605
vn 0.0563 0.1691 -0.9840
vn 0.2735 0.6845 -0.6757
vn -0.0642 -0.3198 -0.9453
vn 0.2494 0.6074 -0.7542
vn 0.2020 0.4570 -0.8662
vn 0.0985 0.1428 -0.9848
vn 0.2651 0.6894 -0.6741
vn -0.0660 -0.3182 -0.9457
vn 0.2416 0.6124 -0.7527
vn 0.1951 0.4622 -0.8651
vn 0.0935 0.1473 -0.9847
vn 0.2579 0.6934 -0.6728
vn -0.0676 -0.3169 -0.9460
vn 0.2348 0.6165 -0.7515
vn 0.1891 0.4664 -0.8641
vn 0.0892 0.1510 -0.9845
vn 0.2514 0.6968 -0.6718
vn -0.0690 -0.3158 -0.9463
vn 0.2287 0.6201 -0.7505
vn 0.1836 0.4701 -0.8633
vn 0.0851 0.1541 -0.9844
vn 0.2451 0.6999 -0.6709
vn -0.0704 -0.3147 -0.9466
vn 0.2227 0.6232 -0.7496
vn 0.1783 0.4734 -0.8626
vn 0.0812 0.1570 -0.9843
vn 0.2388 0.7028 -0.6702
vn -0.0718 -0.3137 -0.9468
vn 0.2167 0.6262 -0.7489
vn 0.1728 0.4765 -0.8620
vn 0.0771 0.1596 -0.9842
vn 0.2320 0.7056 -0.6695
vn -0.0734 -0.3128 -0.9470
vn 0.2102 0.6292 -0.7483
vn 0.1669 0.4795 -0.8615
vn 0.0727 0.1622 -0.9841
vn 0.2245 0.7086 -0.6689
vn -0.0751 -0.3118 -0.9472
vn 0.2029 0.6322 -0.7477
vn 0.1602 0.4825 -0.8611
vn 0.0677 0.1647 -0.9840
vn 0.2155 0.7119 -0.6684
vn -0.0773 -0.3108 -0.9473
vn 0.1942 0.6355 -0.7472
vn 0.1523 0.4857 -0.8607
vn 0.0617 0.1674 -0.9840
vn 0.3476 0.6350 -0.6899
vn -0.0500 -0.3506 -0.9352
vn 0.3166 0.5462 -0.7755
vn 0.2573 0.3760 -0.8902
vn 0.1333 0.0387 -0.9903
vn 0.2885 0.6750 -0.6791
vn -0.0613 -0.3233 -0.9443
vn 0.2631 0.5975 -0.7575
vn 0.2138 0.4464 -0.8689
vn 0.1069 0.1334 -0.9853
vn 0.4637 0.5149 -0.7210
vn -0.0254 -0.3625 -0.9317
vn 0.4270 0.4352 -0.7927
vn 0.3562 0.2879 -0.8890
vn 0.2074 0.0112 -0.9782
vn 0.4315 0.5514 -0.7140
vn -0.0327 -0.3557 -0.9340
vn 0.3966 0.4715 -0.7877
vn 0.3296 0.3216 -0.8876
vn 0.1884 0.0348 -0.9815
vn 0.4070 0.5770 -0.7081
vn -0.0377 -0.3503 -0.9359
vn 0.3738 0.4971 -0.7831
vn 0.3100 0.3459 -0.8856
vn 0.1746 0.0527 -0.9832
vn 0.3869 0.5967 -0.7030
vn -0.0416 -0.3455 -0.9375
vn 0.3551 0.5170 -0.7789
vn 0.2940 0.3653 -0.8833
vn 0.1636 0.0675 -0.9842
vn 0.3692 0.6130 -0.6985
vn -0.0450 -0.3412 -0.9389
vn 0.3388 0.5335 -0.7750
vn 0.2800 0.3817 -0.8808
vn 0.1539 0.0806 -0.9848
vn 0.3529 0.6271 -0.6944
vn -0.0481 -0.3372 -0.9402
vn 0.3236 0.5481 -0.7713
vn 0.2669 0.3964 -0.8784
vn 0.1448 0.0925 -0.9851
vn 0.3369 0.6401 -0.6904
vn -0.0512 -0.3333 -0.9414
vn 0.3087 0.5615 -0.7677
vn 0.2540 0.4100 -0.8760
vn 0.1358 0.1037 -0.9853
vn 0.3205 0.6527 -0.6865
vn -0.0545 -0.3295 -0.9426
vn 0.2933 0.5745 -0.7642
vn 0.2405 0.4232 -0.8735
vn 0.1262 0.1146 -0.9854
vn 0.3029 0.6653 -0.6824
vn -0.0582 -0.3257 -0.9437
vn 0.2766 0.5875 -0.7605
vn 0.2258 0.4364 -0.8710
vn 0.1155 0.1256 -0.9853
vn -0.3263 -0.8648 0.3817
vn -0.2079 -0.6929 -0.6904
vn -0.3325 -0.9022 0.2748
vn -0.3347 -0.9386 0.0838
vn -0.3076 -0.9137 -0.2655
vn -0.5465 -0.8000 0.2477
vn -0.2461 -0.6553 -0.7142
vn -0.5367 -0.8323 0.1389
vn -0.5094 -0.8592 -0.0473
vn -0.4245 -0.8315 -0.3583
vn -0.3467 -0.8606 0.3731
vn -0.2119 -0.6903 -0.6917
vn -0.3512 -0.8977 0.2661
vn -0.3510 -0.9334 0.0753
vn -0.3191 -0.9080 -0.2714
vn -0.3700 -0.8553 0.3627
vn -0.2165 -0.6864 -0.6943
vn -0.3736 -0.8918 0.2552
vn -0.3709 -0.9264 0.0642
vn -0.3332 -0.9003 -0.2800
vn -0.3896 -0.8506 0.3532
vn -0.2201 -0.6828 -0.6967
vn -0.3923 -0.8866 0.2450
vn -0.3875 -0.9203 0.0537
vn -0.3447 -0.8934 -0.2882
vn -0.4071 -0.8462 0.3439
vn -0.2231 -0.6794 -0.6990
vn -0.4088 -0.8818 0.2351
vn -0.4019 -0.9146 0.0435
vn -0.3546 -0.8868 -0.2964
vn -0.4235 -0.8419 0.3345
vn -0.2258 -0.6760 -0.7015
vn -0.4242 -0.8772 0.2250
vn -0.4153 -0.9091 0.0330
vn -0.3634 -0.8804 -0.3047
vn -0.4396 -0.8375 0.3245
vn -0.2282 -0.6726 -0.7039
vn -0.4392 -0.8724 0.2144
vn -0.4281 -0.9035 0.0220
vn -0.3718 -0.8738 -0.3133
vn -0.4563 -0.8328 0.3134
vn -0.2307 -0.6690 -0.7066
vn -0.4547 -0.8673 0.2027
vn -0.4412 -0.8974 0.0100
vn -0.3803 -0.8668 -0.3225
vn -0.4746 -0.8273 0.3005
vn -0.2333 -0.6652 -0.7093
vn -0.4714 -0.8613 0.1893
vn -0.4552 -0.8904 -0.0034
vn -0.3892 -0.8590 -0.3325
vn -0.4956 -0.8206 0.2846
vn -0.2364 -0.6609 -0.7123
vn -0.4906 -0.8540 0.1733
vn -0.4711 -0.8819 -0.0190
vn -0.3993 -0.8500 -0.3437
vn -0.2287 -0.8878 0.3993
vn -0.1865 -0.7043 -0.6850
vn -0.2389 -0.9253 0.2944
vn -0.2496 -0.9626 0.1057
vn -0.2448 -0.9376 -0.2469
vn -0.3154 -0.8672 0.3854
vn -0.2057 -0.6943 -0.6897
vn -0.3223 -0.9047 0.2786
vn -0.3256 -0.9414 0.0881
vn -0.3012 -0.9168 -0.2621
vn -0.2377 -0.8855 0.3991
vn -0.1887 -0.7039 -0.6848
vn -0.2477 -0.9231 0.2942
vn -0.2576 -0.9605 0.1056
vn -0.2510 -0.9360 -0.2468
vn -0.2480 -0.8829 0.3986
vn -0.1911 -0.7030 -0.6850
vn -0.2576 -0.9205 0.2937
vn -0.2668 -0.9580 0.1050
vn -0.2579 -0.9339 -0.2474
vn -0.2567 -0.8808 0.3979
vn -0.1932 -0.7022 -0.6853
vn -0.2661 -0.9184 0.2929
vn -0.2745 -0.9559 0.1041
vn -0.2638 -0.9321 -0.2482
vn -0.2646 -0.8788 0.3971
vn -0.1950 -0.7014 -0.6856
vn -0.2736 -0.9165 0.2920
vn -0.2815 -0.9540 0.1030
vn -0.2690 -0.9304 -0.2491
vn -0.2720 -0.8770 0.3960
vn -0.1967 -0.7005 -0.6860
vn -0.2808 -0.9147 0.2908
vn -0.2880 -0.9522 0.1017
vn -0.2739 -0.9286 -0.2503
vn -0.2795 -0.8753 0.3947
vn -0.1983 -0.6996 -0.6864
vn -0.2879 -0.9129 0.2893
vn -0.2945 -0.9504 0.1000
vn -0.2787 -0.9268 -0.2518
vn -0.2873 -0.8735 0.3931
vn -0.2000 -0.6986 -0.6870
vn -0.2953 -0.9111 0.2875
vn -0.3013 -0.9485 0.0980
vn -0.2836 -0.9248 -0.2535
vn -0.2959 -0.8715 0.3910
vn -0.2018 -0.6975 -0.6876
vn -0.3035 -0.9091 0.2852
vn -0.3086 -0.9464 0.0954
vn -0.2890 -0.9225 -0.2557
vn -0.3061 -0.8692 0.3883
vn -0.2039 -0.6961 -0.6884
vn -0.3131 -0.9068 0.2822
vn -0.3172 -0.9439 0.0921
vn -0.2952 -0.9198 -0.2585
vn -0.1460 -0.9125 0.3821
vn -0.1655 -0.7045 -0.6901
vn -0.1596 -0.9479 0.2757
vn -0.1762 -0.9806 0.0854
vn -0.1878 -0.9461 -0.2639
vn -0.2223 -0.8896 0.3991
vn -0.1849 -0.7046 -0.6851
vn -0.2328 -0.9270 0.2942
vn -0.2439 -0.9641 0.1055
vn -0.2405 -0.9387 -0.2471
vn -0.1538 -0.9100 0.3849
vn -0.1675 -0.7052 -0.6890
vn -0.1668 -0.9457 0.2789
vn -0.1828 -0.9791 0.0890
vn -0.1932 -0.9459 -0.2606
vn -0.1627 -0.9072 0.3879
vn -0.1698 -0.7054 -0.6882
vn -0.1753 -0.9432 0.2821
vn -0.1906 -0.9773 0.0924
vn -0.1992 -0.9454 -0.2578
vn -0.1703 -0.9048 0.3903
vn -0.1717 -0.7056 -0.6875
vn -0.1825 -0.9411 0.2846
vn -0.1973 -0.9757 0.0952
vn -0.2045 -0.9449 -0.2556
vn -0.1772 -0.9027 0.3921
vn -0.1735 -0.7057 -0.6870
vn -0.1891 -0.9392 0.2867
vn -0.2034 -0.9742 0.0975
vn -0.2092 -0.9444 -0.2537
vn -0.1837 -0.9007 0.3937
vn -0.1752 -0.7057 -0.6865
vn -0.1954 -0.9373 0.2884
vn -0.2092 -0.9728 0.0994
vn -0.2138 -0.9438 -0.2520
vn -0.1903 -0.8987 0.3951
vn -0.1769 -0.7057 -0.6860
vn -0.2018 -0.9355 0.2899
vn -0.2151 -0.9713 0.1010
vn -0.2184 -0.9431 -0.2506
vn -0.1973 -0.8967 0.3963
vn -0.1786 -0.7057 -0.6857
vn -0.2086 -0.9336 0.2912
vn -0.2214 -0.9698 0.1025
vn -0.2232 -0.9423 -0.2494
vn -0.2051 -0.8944 0.3974
vn -0.1806 -0.7055 -0.6853
vn -0.2161 -0.9316 0.2924
vn -0.2284 -0.9680 0.1037
vn -0.2286 -0.9413 -0.2484
vn -0.2142 -0.8918 0.3984
vn -0.1829 -0.7052 -0.6850
vn -0.2250 -0.9291 0.2935
vn -0.2367 -0.9659 0.1048
vn -0.2350 -0.9400 -0.2474
vn -0.0725 -0.9328 0.3530
vn -0.1413 -0.6915 -0.7085
vn -0.0893 -0.9686 0.2321
vn -0.1097 -0.9937 0.0209
vn -0.1261 -0.9297 -0.3462
vn -0.1376 -0.9152 0.3787
vn -0.1634 -0.7042 -0.6909
vn -0.1516 -0.9503 0.2720
vn -0.1690 -0.9822 0.0814
vn -0.1824 -0.9463 -0.2671
vn 0.0678 -0.9627 0.2619
vn -0.1141 -0.6932 -0.7116
vn 0.0459 -0.9871 0.1534
vn 0.0112 -0.9994 -0.0327
vn -0.0465 -0.9364 -0.3479
vn 0.0274 -0.9569 0.2893
vn -0.1236 -0.6949 -0.7084
vn 0.0067 -0.9836 0.1802
vn -0.0244 -0.9997 -0.0088
vn -0.0729 -0.9401 -0.3330
vn -0.0025 -0.9512 0.3084
vn -0.1305 -0.6965 -0.7056
vn -0.0219 -0.9797 0.1992
vn -0.0503 -0.9987 0.0088
vn -0.0920 -0.9425 -0.3213
vn -0.0265 -0.9460 0.3231
vn -0.1361 -0.6981 -0.7030
vn -0.0449 -0.9758 0.2141
vn -0.0710 -0.9972 0.0230
vn -0.1075 -0.9442 -0.3112
vn -0.0471 -0.9410 0.3351
vn -0.1410 -0.6995 -0.7006
vn -0.0646 -0.9719 0.2264
vn -0.0890 -0.9954 0.0352
vn -0.1211 -0.9455 -0.3023
vn -0.0660 -0.9361 0.3454
vn -0.1455 -0.7008 -0.6983
vn -0.0826 -0.9680 0.2371
vn -0.1054 -0.9934 0.0460
vn -0.1336 -0.9464 -0.2941
vn -0.0841 -0.9312 0.3548
vn -0.1500 -0.7021 -0.6961
vn -0.1001 -0.9639 0.2469
vn -0.1214 -0.9910 0.0559
vn -0.1458 -0.9470 -0.2864
vn -0.1025 -0.9259 0.3635
vn -0.1546 -0.7031 -0.6941
vn -0.1177 -0.9594 0.2561
vn -0.1377 -0.9883 0.0653
vn -0.1583 -0.9471 -0.2791
vn -0.1219 -0.9201 0.3722
vn -0.1596 -0.7040 -0.6920
vn -0.1365 -0.9545 0.2652
vn -0.1551 -0.9851 0.0746
vn -0.1718 -0.9468 -0.2720
vt 0.000000 0.000000
s 1
usemtl Material
f 4801/618/3069 4731/618/2999 4776/618/3044 5042/618/3310
f 4776/618/3044 4731/618/2999 5257/618/3525 5496/618/3764
f 4710/618/2978 4716/618/2984 5576/618/3844 5571/618/3839
f 4775/618/3043 4779/618/3047 5271/618/3539 5281/618/3549
f 4800/618/3068 4715/618/2983 5346/618/3614 5351/618/3619
f 4716/618/2984 4719/618/2987 5581/618/3849 5576/618/3844
f 4745/618/3013 4749/618/3017 5661/618/3929 5706/618/3974
f 4715/618/2983 4714/618/2982 5341/618/3609 5346/618/3614
f 4719/618/2987 4722/618/2990 5586/618/3854 5581/618/3849
f 4720/618/2988 4723/618/2991 5676/618/3944 5671/618/3939
f 4721/618/2989 4724/618/2992 5386/618/3654 5326/618/3594
f 4722/618/2990 4725/618/2993 5591/618/3859 5586/618/3854
f 4723/618/2991 4726/618/2994 5681/618/3949 5676/618/3944
f 4782/618/3050 4785/618/3053 5376/618/3644 5331/618/3599
f 4725/618/2993 4728/618/2996 5596/618/3864 5591/618/3859
f 4726/618/2994 4729/618/2997 5686/618/3954 5681/618/3949
f 4754/618/3022 4758/618/3026 5391/618/3659 5396/618/3664
f 4749/618/3017 4753/618/3021 5601/618/3869 5661/618/3929
f 4729/618/2997 4733/618/3001 5691/618/3959 5686/618/3954
f 4796/618/3064 4799/618/3067 5436/618/3704 5446/618/3714
f 4795/618/3063 4798/618/3066 5561/618/3829 5556/618/3824
f 4733/618/3001 4737/618/3005 5696/618/3964 5691/618/3959
f 4727/618/2995 4730/618/2998 5426/618/3694 5431/618/3699
f 4799/618/3067 4735/618/3003 5262/618/3530 5436/618/3704
f 4736/618/3004 4740/618/3008 5501/618/3769 5491/618/3759
f 4737/618/3005 4741/618/3009 5701/618/3969 5696/618/3964
f 4730/618/2998 4734/618/3002 5421/618/3689 5426/618/3694
f 5277/618/3545 5322/618/3590 5317/618/3585 5312/618/3580 5307/618/3575 5302/618/3570 5297/618/3565 5292/618/3560 5287/618/3555 5282/618/3550 5272/618/3540 5332/618/3600 5377/618/3645 5372/618/3640 5367/618/3635 5362/618/3630 5357/618/3625 5352/618/3620 5347/618/3615 5342/618/3610 5337/618/3605 5327/618/3595 5387/618/3655 5432/618/3700 5427/618/3695 5422/618/3690 5417/618/3685 5412/618/3680 5407/618/3675 5402/618/3670 5397/618/3665 5392/618/3660 5382/618/3650 5442/618/3710 5487/618/3755 5482/618/3750 5477/618/3745 5472/618/3740 5467/618/3735 5462/618/3730 5457/618/3725 5452/618/3720 5447/618/3715 5437/618/3705 5261/618/3529 5267/618/3535 5657/618/3925 5667/618/3935 5672/618/3940 5677/618/3945 5682/618/3950 5687/618/3955 5692/618/3960 5697/618/3965 5702/618/3970 5707/618/3975 5662/618/3930 5602/618/3870 5612/618/3880 5617/618/3885 5622/618/3890 5627/618/3895 5632/618/3900 5637/618/3905 5642/618/3910 5647/618/3915 5652/618/3920 5607/618/3875 5547/618/3815 5557/618/3825 5562/618/3830 5567/618/3835 5572/618/3840 5577/618/3845 5582/618/3850 5587/618/3855 5592/618/3860 5597/618/3865 5552/618/3820 5492/618/3760 5502/618/3770 5507/618/3775 5512/618/3780 5517/618/3785 5522/618/3790 5527/618/3795 5532/618/3800 5537/618/3805 5542/618/3810 5497/618/3765 5256/618/3524
f 4772/618/3040 4776/618/3044 5496/618/3764 5541/618/3809
f 4741/618/3009 4745/618/3013 5706/618/3974 5701/618/3969
f 4734/618/3002 4738/618/3006 5416/618/3684 5421/618/3689
f 4771/618/3039 4775/618/3043 5281/618/3549 5286/618/3554
f 4744/618/3012 4748/618/3016 5511/618/3779 5506/618/3774
f 4738/618/3006 4742/618/3010 5411/618/3679 5416/618/3684
f 4718/618/2986 4721/618/2989 5326/618/3594 5336/618/3604
f 4748/618/3016 4752/618/3020 5516/618/3784 5511/618/3779
f 4717/618/2985 4720/618/2988 5671/618/3939 5666/618/3934
f 4742/618/3010 4746/618/3014 5406/618/3674 5411/618/3679
f 4743/618/3011 4747/618/3015 5316/618/3584 5321/618/3589
f 4752/618/3020 4756/618/3024 5521/618/3789 5516/618/3784
f 4753/618/3021 4757/618/3025 5611/618/3879 5601/618/3869
f 4746/618/3014 4750/618/3018 5401/618/3669 5406/618/3674
f 4747/618/3015 4751/618/3019 5311/618/3579 5316/618/3584
f 4756/618/3024 4760/618/3028 5526/618/3794 5521/618/3789
f 4786/618/3054 4789/618/3057 5606/618/3874 5651/618/3919
f 4750/618/3018 4754/618/3022 5396/618/3664 5401/618/3669
f 4751/618/3019 4755/618/3023 5306/618/3574 5311/618/3579
f 4760/618/3028 4764/618/3032 5531/618/3799 5526/618/3794
f 4761/618/3029 4765/618/3033 5621/618/3889 5616/618/3884
f 4762/618/3030 4766/618/3034 5441/618/3709 5381/618/3649
f 4755/618/3023 4759/618/3027 5301/618/3569 5306/618/3574
f 4764/618/3032 4768/618/3036 5536/618/3804 5531/618/3799
f 4765/618/3033 4769/618/3037 5626/618/3894 5621/618/3889
f 4724/618/2992 4727/618/2995 5431/618/3699 5386/618/3654
f 4759/618/3027 4763/618/3031 5296/618/3564 5301/618/3569
f 4768/618/3036 4772/618/3040 5541/618/3809 5536/618/3804
f 4769/618/3037 4773/618/3041 5631/618/3899 5626/618/3894
f 4793/618/3061 4796/618/3064 5446/618/3714 5451/618/3719
f 4763/618/3031 4767/618/3035 5291/618/3559 5296/618/3564
f 4789/618/3057 4792/618/3060 5546/618/3814 5606/618/3874
f 4773/618/3041 4777/618/3045 5636/618/3904 5631/618/3899
f 4732/618/3000 4736/618/3004 5491/618/3759 5551/618/3819
f 4767/618/3035 4771/618/3039 5286/618/3554 5291/618/3559
f 4740/618/3008 4744/618/3012 5506/618/3774 5501/618/3769
f 4777/618/3045 4780/618/3048 5641/618/3909 5636/618/3904
f 4770/618/3038 4774/618/3042 5481/618/3749 5486/618/3754
f 4779/618/3047 4782/618/3050 5331/618/3599 5271/618/3539
f 4780/618/3048 4783/618/3051 5646/618/3914 5641/618/3909
f 4774/618/3042 4778/618/3046 5476/618/3744 5481/618/3749
f 4739/618/3007 4743/618/3011 5321/618/3589 5276/618/3544
f 4783/618/3051 4786/618/3054 5651/618/3919 5646/618/3914
f 4778/618/3046 4781/618/3049 5471/618/3739 5476/618/3744
f 4714/618/2982 4718/618/2986 5336/618/3604 5341/618/3609
f 4712/618/2980 4717/618/2985 5666/618/3934 5656/618/3924
f 4781/618/3049 4784/618/3052 5466/618/3734 5471/618/3739
f 4758/618/3026 4762/618/3030 5381/618/3649 5391/618/3659
f 4757/618/3025 4761/618/3029 5616/618/3884 5611/618/3879
f 4784/618/3052 4787/618/3055 5461/618/3729 5466/618/3734
f 4785/618/3053 4788/618/3056 5371/618/3639 5376/618/3644
f 4792/618/3060 4795/618/3063 5556/618/3824 5546/618/3814
f 4787/618/3055 4790/618/3058 5456/618/3724 5461/618/3729
f 4788/618/3056 4791/618/3059 5366/618/3634 5371/618/3639
f 4728/618/2996 4732/618/3000 5551/618/3819 5596/618/3864
f 4790/618/3058 4793/618/3061 5451/618/3719 5456/618/3724
f 4791/618/3059 4794/618/3062 5361/618/3629 5366/618/3634
f 4798/618/3066 4711/618/2979 5566/618/3834 5561/618/3829
f 4766/618/3034 4770/618/3038 5486/618/3754 5441/618/3709
f 4794/618/3062 4797/618/3065 5356/618/3624 5361/618/3629
f 4711/618/2979 4710/618/2978 5571/618/3839 5566/618/3834
f 4713/618/2981 4712/618/2980 5656/618/3924 5266/618/3534
f 4797/618/3065 4800/618/3068 5351/618/3619 5356/618/3624
f 4902/618/3170 4897/618/3165 4800/618/3068 4797/618/3065
f 4812/618/3080 5202/618/3470 4712/618/2980 4713/618/2981
f 5112/618/3380 5117/618/3385 4710/618/2978 4711/618/2979
f 4907/618/3175 4902/618/3170 4797/618/3065 4794/618/3062
f 4987/618/3255 5032/618/3300 4770/618/3038 4766/618/3034
f 5107/618/3375 5112/618/3380 4711/618/2979 4798/618/3066
f 4912/618/3180 4907/618/3175 4794/618/3062 4791/618/3059
f 5002/618/3270 4997/618/3265 4793/618/3061 4790/618/3058
f 5142/618/3410 5097/618/3365 4732/618/3000 4728/618/2996
f 4917/618/3185 4912/618/3180 4791/618/3059 4788/618/3056
f 5007/618/3275 5002/618/3270 4790/618/3058 4787/618/3055
f 5092/618/3360 5102/618/3370 4795/618/3063 4792/618/3060
f 4922/618/3190 4917/618/3185 4788/618/3056 4785/618/3053
f 5012/618/3280 5007/618/3275 4787/618/3055 4784/618/3052
f 5157/618/3425 5162/618/3430 4761/618/3029 4757/618/3025
f 4937/618/3205 4927/618/3195 4762/618/3030 4758/618/3026
f 5017/618/3285 5012/618/3280 4784/618/3052 4781/618/3049
f 5202/618/3470 5212/618/3480 4717/618/2985 4712/618/2980
f 4887/618/3155 4882/618/3150 4718/618/2986 4714/618/2982
f 5022/618/3290 5017/618/3285 4781/618/3049 4778/618/3046
f 5192/618/3460 5197/618/3465 4786/618/3054 4783/618/3051
f 4822/618/3090 4867/618/3135 4743/618/3011 4739/618/3007
f 5027/618/3295 5022/618/3290 4778/618/3046 4774/618/3042
f 5187/618/3455 5192/618/3460 4783/618/3051 4780/618/3048
f 4735/618/3003 4713/618/2981 5266/618/3534 5262/618/3530
f 4817/618/3085 4877/618/3145 4782/618/3050 4779/618/3047
f 5032/618/3300 5027/618/3295 4774/618/3042 4770/618/3038
f 5182/618/3450 5187/618/3455 4780/618/3048 4777/618/3045
f 5047/618/3315 5052/618/3320 4744/618/3012 4740/618/3008
f 4837/618/3105 4832/618/3100 4771/618/3039 4767/618/3035
f 5097/618/3365 5037/618/3305 4736/618/3004 4732/618/3000
f 5177/618/3445 5182/618/3450 4777/618/3045 4773/618/3041
f 5152/618/3420 5092/618/3360 4792/618/3060 4789/618/3057
f 4842/618/3110 4837/618/3105 4767/618/3035 4763/618/3031
f 4997/618/3265 4992/618/3260 4796/618/3064 4793/618/3061
f 5172/618/3440 5177/618/3445 4773/618/3041 4769/618/3037
f 5082/618/3350 5087/618/3355 4772/618/3040 4768/618/3036
f 4847/618/3115 4842/618/3110 4763/618/3031 4759/618/3027
f 4932/618/3200 4977/618/3245 4727/618/2995 4724/618/2992
f 5167/618/3435 5172/618/3440 4769/618/3037 4765/618/3033
f 5077/618/3345 5082/618/3350 4768/618/3036 4764/618/3032
f 4852/618/3120 4847/618/3115 4759/618/3027 4755/618/3023
f 4927/618/3195 4987/618/3255 4766/618/3034 4762/618/3030
f 5162/618/3430 5167/618/3435 4765/618/3033 4761/618/3029
f 5072/618/3340 5077/618/3345 4764/618/3032 4760/618/3028
f 4857/618/3125 4852/618/3120 4755/618/3023 4751/618/3019
f 4947/618/3215 4942/618/3210 4754/618/3022 4750/618/3018
f 5197/618/3465 5152/618/3420 4789/618/3057 4786/618/3054
f 5067/618/3335 5072/618/3340 4760/618/3028 4756/618/3024
f 4862/618/3130 4857/618/3125 4751/618/3019 4747/618/3015
f 4952/618/3220 4947/618/3215 4750/618/3018 4746/618/3014
f 5147/618/3415 5157/618/3425 4757/618/3025 4753/618/3021
f 5062/618/3330 5067/618/3335 4756/618/3024 4752/618/3020
f 4867/618/3135 4862/618/3130 4747/618/3015 4743/618/3011
f 4957/618/3225 4952/618/3220 4746/618/3014 4742/618/3010
f 5212/618/3480 5217/618/3485 4720/618/2988 4717/618/2985
f 5057/618/3325 5062/618/3330 4752/618/3020 4748/618/3016
f 4882/618/3150 4872/618/3140 4721/618/2989 4718/618/2986
f 4962/618/3230 4957/618/3225 4742/618/3010 4738/618/3006
f 4731/618/2999 4739/618/3007 5276/618/3544 5257/618/3525
f 5052/618/3320 5057/618/3325 4748/618/3016 4744/618/3012
f 4832/618/3100 4827/618/3095 4775/618/3043 4771/618/3039
f 4967/618/3235 4962/618/3230 4738/618/3006 4734/618/3002
f 5247/618/3515 5252/618/3520 4745/618/3013 4741/618/3009
f 5087/618/3355 5042/618/3310 4776/618/3044 4772/618/3040
f 4821/618/3089 4802/618/3070 5041/618/3309 5086/618/3354 5081/618/3349 5076/618/3344 5071/618/3339 5066/618/3334 5061/618/3329 5056/618/3324 5051/618/3319 5046/618/3314 5036/618/3304 5096/618/3364 5141/618/3409 5136/618/3404 5131/618/3399 5126/618/3394 5121/618/3389 5116/618/3384 5111/618/3379 5106/618/3374 5101/618/3369 5091/618/3359 5151/618/3419 5196/618/3464 5191/618/3459 5186/618/3454 5181/618/3449 5176/618/3444 5171/618/3439 5166/618/3434 5161/618/3429 5156/618/3424 5146/618/3414 5206/618/3474 5251/618/3519 5246/618/3514 5241/618/3509 5236/618/3504 5231/618/3499 5226/618/3494 5221/618/3489 5216/618/3484 5211/618/3479 5201/618/3469 4811/618/3079 4807/618/3075 4981/618/3249 4991/618/3259 4996/618/3264 5001/618/3269 5006/618/3274 5011/618/3279 5016/618/3284 5021/618/3289 5026/618/3294 5031/618/3299 4986/618/3254 4926/618/3194 4936/618/3204 4941/618/3209 4946/618/3214 4951/618/3219 4956/618/3224 4961/618/3229 4966/618/3234 4971/618/3239 4976/618/3244 4931/618/3199 4871/618/3139 4881/618/3149 4886/618/3154 4891/618/3159 4896/618/3164 4901/618/3169 4906/618/3174 4911/618/3179 4916/618/3184 4921/618/3189 4876/618/3144 4816/618/3084 4826/618/3094 4831/618/3099 4836/618/3104 4841/618/3109 4846/618/3114 4851/618/3119 4856/618/3124 4861/618/3129 4866/618/3134
f 4972/618/3240 4967/618/3235 4734/618/3002 4730/618/2998
f 5242/618/3510 5247/618/3515 4741/618/3009 4737/618/3005
f 5037/618/3305 5047/618/3315 4740/618/3008 4736/618/3004
f 4982/618/3250 4806/618/3074 4735/618/3003 4799/618/3067
f 4977/618/3245 4972/618/3240 4730/618/2998 4727/618/2995
f 5237/618/3505 5242/618/3510 4737/618/3005 4733/618/3001
f 5102/618/3370 5107/618/3375 4798/618/3066 4795/618/3063
f 4992/618/3260 4982/618/3250 4799/618/3067 4796/618/3064
f 5232/618/3500 5237/618/3505 4733/618/3001 4729/618/2997
f 5207/618/3475 5147/618/3415 4753/618/3021 4749/618/3017
f 4942/618/3210 4937/618/3205 4758/618/3026 4754/618/3022
f 5227/618/3495 5232/618/3500 4729/618/2997 4726/618/2994
f 5137/618/3405 5142/618/3410 4728/618/2996 4725/618/2993
f 4877/618/3145 4922/618/3190 4785/618/3053 4782/618/3050
f 5222/618/3490 5227/618/3495 4726/618/2994 4723/618/2991
f 5132/618/3400 5137/618/3405 4725/618/2993 4722/618/2990
f 4872/618/3140 4932/618/3200 4724/618/2992 4721/618/2989
f 5217/618/3485 5222/618/3490 4723/618/2991 4720/618/2988
f 5127/618/3395 5132/618/3400 4722/618/2990 4719/618/2987
f 4892/618/3160 4887/618/3155 4714/618/2982 4715/618/2983
f 5252/618/3520 5207/618/3475 4749/618/3017 4745/618/3013
f 5122/618/3390 5127/618/3395 4719/618/2987 4716/618/2984
f 4897/618/3165 4892/618/3160 4715/618/2983 4800/618/3068
f 4827/618/3095 4817/618/3085 4779/618/3047 4775/618/3043
f 5117/618/3385 5122/618/3390 4716/618/2984 4710/618/2978
f 4806/618/3074 4812/618/3080 4713/618/2981 4735/618/3003
f 4807/618/3075 4811/618/3079 4813/618/3081 4810/618/3078
f 4810/618/3078 4813/618/3081 4814/618/3082 4809/618/3077
f 4809/618/3077 4814/618/3082 4815/618/3083 4808/618/3076
f 4808/618/3076 4815/618/3083 4812/618/3080 4806/618/3074
f 4802/618/3070 4821/618/3089 4823/618/3091 4805/618/3073
f 4805/618/3073 4823/618/3091 4824/618/3092 4804/618/3072
f 4804/618/3072 4824/618/3092 4825/618/3093 4803/618/3071
f 4803/618/3071 4825/618/3093 4822/618/3090 4801/618/3069
f 4821/618/3089 4866/618/3134 4868/618/3136 4823/618/3091
f 4823/618/3091 4868/618/3136 4869/618/3137 4824/618/3092
f 4824/618/3092 4869/618/3137 4870/618/3138 4825/618/3093
f 4825/618/3093 4870/618/3138 4867/618/3135 4822/618/3090
f 4866/618/3134 4861/618/3129 4863/618/3131 4868/618/3136
f 4868/618/3136 4863/618/3131 4864/618/3132 4869/618/3137
f 4869/618/3137 4864/618/3132 4865/618/3133 4870/618/3138
f 4870/618/3138 4865/618/3133 4862/618/3130 4867/618/3135
f 4861/618/3129 4856/618/3124 4858/618/3126 4863/618/3131
f 4863/618/3131 4858/618/3126 4859/618/3127 4864/618/3132
f 4864/618/3132 4859/618/3127 4860/618/3128 4865/618/3133
f 4865/618/3133 4860/618/3128 4857/618/3125 4862/618/3130
f 4856/618/3124 4851/618/3119 4853/618/3121 4858/618/3126
f 4858/618/3126 4853/618/3121 4854/618/3122 4859/618/3127
f 4859/618/3127 4854/618/3122 4855/618/3123 4860/618/3128
f 4860/618/3128 4855/618/3123 4852/618/3120 4857/618/3125
f 4851/618/3119 4846/618/3114 4848/618/3116 4853/618/3121
f 4853/618/3121 4848/618/3116 4849/618/3117 4854/618/3122
f 4854/618/3122 4849/618/3117 4850/618/3118 4855/618/3123
f 4855/618/3123 4850/618/3118 4847/618/3115 4852/618/3120
f 4846/618/3114 4841/618/3109 4843/618/3111 4848/618/3116
f 4848/618/3116 4843/618/3111 4844/618/3112 4849/618/3117
f 4849/618/3117 4844/618/3112 4845/618/3113 4850/618/3118
f 4850/618/3118 4845/618/3113 4842/618/3110 4847/618/3115
f 4841/618/3109 4836/618/3104 4838/618/3106 4843/618/3111
f 4843/618/3111 4838/618/3106 4839/618/3107 4844/618/3112
f 4844/618/3112 4839/618/3107 4840/618/3108 4845/618/3113
f 4845/618/3113 4840/618/3108 4837/618/3105 4842/618/3110
f 4836/618/3104 4831/618/3099 4833/618/3101 4838/618/3106
f 4838/618/3106 4833/618/3101 4834/618/3102 4839/618/3107
f 4839/618/3107 4834/618/3102 4835/618/3103 4840/618/3108
f 4840/618/3108 4835/618/3103 4832/618/3100 4837/618/3105
f 4831/618/3099 4826/618/3094 4828/618/3096 4833/618/3101
f 4833/618/3101 4828/618/3096 4829/618/3097 4834/618/3102
f 4834/618/3102 4829/618/3097 4830/618/3098 4835/618/3103
f 4835/618/3103 4830/618/3098 4827/618/3095 4832/618/3100
f 4826/618/3094 4816/618/3084 4818/618/3086 4828/618/3096
f 4828/618/3096 4818/618/3086 4819/618/3087 4829/618/3097
f 4829/618/3097 4819/618/3087 4820/618/3088 4830/618/3098
f 4830/618/3098 4820/618/3088 4817/618/3085 4827/618/3095
f 4816/618/3084 4876/618/3144 4878/618/3146 4818/618/3086
f 4818/618/3086 4878/618/3146 4879/618/3147 4819/618/3087
f 4819/618/3087 4879/618/3147 4880/618/3148 4820/618/3088
f 4820/618/3088 4880/618/3148 4877/618/3145 4817/618/3085
f 4876/618/3144 4921/618/3189 4923/618/3191 4878/618/3146
f 4878/618/3146 4923/618/3191 4924/618/3192 4879/618/3147
f 4879/618/3147 4924/618/3192 4925/618/3193 4880/618/3148
f 4880/618/3148 4925/618/3193 4922/618/3190 4877/618/3145
f 4921/618/3189 4916/618/3184 4918/618/3186 4923/618/3191
f 4923/618/3191 4918/618/3186 4919/618/3187 4924/618/3192
f 4924/618/3192 4919/618/3187 4920/618/3188 4925/618/3193
f 4925/618/3193 4920/618/3188 4917/618/3185 4922/618/3190
f 4916/618/3184 4911/618/3179 4913/618/3181 4918/618/3186
f 4918/618/3186 4913/618/3181 4914/618/3182 4919/618/3187
f 4919/618/3187 4914/618/3182 4915/618/3183 4920/618/3188
f 4920/618/3188 4915/618/3183 4912/618/3180 4917/618/3185
f 4911/618/3179 4906/618/3174 4908/618/3176 4913/618/3181
f 4913/618/3181 4908/618/3176 4909/618/3177 4914/618/3182
f 4914/618/3182 4909/618/3177 4910/618/3178 4915/618/3183
f 4915/618/3183 4910/618/3178 4907/618/3175 4912/618/3180
f 4906/618/3174 4901/618/3169 4903/618/3171 4908/618/3176
f 4908/618/3176 4903/618/3171 4904/618/3172 4909/618/3177
f 4909/618/3177 4904/618/3172 4905/618/3173 4910/618/3178
f 4910/618/3178 4905/618/3173 4902/618/3170 4907/618/3175
f 4901/618/3169 4896/618/3164 4898/618/3166 4903/618/3171
f 4903/618/3171 4898/618/3166 4899/618/3167 4904/618/3172
f 4904/618/3172 4899/618/3167 4900/618/3168 4905/618/3173
f 4905/618/3173 4900/618/3168 4897/618/3165 4902/618/3170
f 4896/618/3164 4891/618/3159 4893/618/3161 4898/618/3166
f 4898/618/3166 4893/618/3161 4894/618/3162 4899/618/3167
f 4899/618/3167 4894/618/3162 4895/618/3163 4900/618/3168
f 4900/618/3168 4895/618/3163 4892/618/3160 4897/618/3165
f 4891/618/3159 4886/618/3154 4888/618/3156 4893/618/3161
f 4893/618/3161 4888/618/3156 4889/618/3157 4894/618/3162
f 4894/618/3162 4889/618/3157 4890/618/3158 4895/618/3163
f 4895/618/3163 4890/618/3158 4887/618/3155 4892/618/3160
f 4886/618/3154 4881/618/3149 4883/618/3151 4888/618/3156
f 4888/618/3156 4883/618/3151 4884/618/3152 4889/618/3157
f 4889/618/3157 4884/618/3152 4885/618/3153 4890/618/3158
f 4890/618/3158 4885/618/3153 4882/618/3150 4887/618/3155
f 4881/618/3149 4871/618/3139 4873/618/3141 4883/618/3151
f 4883/618/3151 4873/618/3141 4874/618/3142 4884/618/3152
f 4884/618/3152 4874/618/3142 4875/618/3143 4885/618/3153
f 4885/618/3153 4875/618/3143 4872/618/3140 4882/618/3150
f 4871/618/3139 4931/618/3199 4933/618/3201 4873/618/3141
f 4873/618/3141 4933/618/3201 4934/618/3202 4874/618/3142
f 4874/618/3142 4934/618/3202 4935/618/3203 4875/618/3143
f 4875/618/3143 4935/618/3203 4932/618/3200 4872/618/3140
f 4931/618/3199 4976/618/3244 4978/618/3246 4933/618/3201
f 4933/618/3201 4978/618/3246 4979/618/3247 4934/618/3202
f 4934/618/3202 4979/618/3247 4980/618/3248 4935/618/3203
f 4935/618/3203 4980/618/3248 4977/618/3245 4932/618/3200
f 4976/618/3244 4971/618/3239 4973/618/3241 4978/618/3246
f 4978/618/3246 4973/618/3241 4974/618/3242 4979/618/3247
f 4979/618/3247 4974/618/3242 4975/618/3243 4980/618/3248
f 4980/618/3248 4975/618/3243 4972/618/3240 4977/618/3245
f 4971/618/3239 4966/618/3234 4968/618/3236 4973/618/3241
f 4973/618/3241 4968/618/3236 4969/618/3237 4974/618/3242
f 4974/618/3242 4969/618/3237 4970/618/3238 4975/618/3243
f 4975/618/3243 4970/618/3238 4967/618/3235 4972/618/3240
f 4966/618/3234 4961/618/3229 4963/618/3231 4968/618/3236
f 4968/618/3236 4963/618/3231 4964/618/3232 4969/618/3237
f 4969/618/3237 4964/618/3232 4965/618/3233 4970/618/3238
f 4970/618/3238 4965/618/3233 4962/618/3230 4967/618/3235
f 4961/618/3229 4956/618/3224 4958/618/3226 4963/618/3231
f 4963/618/3231 4958/618/3226 4959/618/3227 4964/618/3232
f 4964/618/3232 4959/618/3227 4960/618/3228 4965/618/3233
f 4965/618/3233 4960/618/3228 4957/618/3225 4962/618/3230
f 4956/618/3224 4951/618/3219 4953/618/3221 4958/618/3226
f 4958/618/3226 4953/618/3221 4954/618/3222 4959/618/3227
f 4959/618/3227 4954/618/3222 4955/618/3223 4960/618/3228
f 4960/618/3228 4955/618/3223 4952/618/3220 4957/618/3225
f 4951/618/3219 4946/618/3214 4948/618/3216 4953/618/3221
f 4953/618/3221 4948/618/3216 4949/618/3217 4954/618/3222
f 4954/618/3222 4949/618/3217 4950/618/3218 4955/618/3223
f 4955/618/3223 4950/618/3218 4947/618/3215 4952/618/3220
f 4946/618/3214 4941/618/3209 4943/618/3211 4948/618/3216
f 4948/618/3216 4943/618/3211 4944/618/3212 4949/618/3217
f 4949/618/3217 4944/618/3212 4945/618/3213 4950/618/3218
f 4950/618/3218 4945/618/3213 4942/618/3210 4947/618/3215
f 4941/618/3209 4936/618/3204 4938/618/3206 4943/618/3211
f 4943/618/3211 4938/618/3206 4939/618/3207 4944/618/3212
f 4944/618/3212 4939/618/3207 4940/618/3208 4945/618/3213
f 4945/618/3213 4940/618/3208 4937/618/3205 4942/618/3210
f 4936/618/3204 4926/618/3194 4928/618/3196 4938/618/3206
f 4938/618/3206 4928/618/3196 4929/618/3197 4939/618/3207
f 4939/618/3207 4929/618/3197 4930/618/3198 4940/618/3208
f 4940/618/3208 4930/618/3198 4927/618/3195 4937/618/3205
f 4926/618/3194 4986/618/3254 4988/618/3256 4928/618/3196
f 4928/618/3196 4988/618/3256 4989/618/3257 4929/618/3197
f 4929/618/3197 4989/618/3257 4990/618/3258 4930/618/3198
f 4930/618/3198 4990/618/3258 4987/618/3255 4927/618/3195
f 4986/618/3254 5031/618/3299 5033/618/3301 4988/618/3256
f 4988/618/3256 5033/618/3301 5034/618/3302 4989/618/3257
f 4989/618/3257 5034/618/3302 5035/618/3303 4990/618/3258
f 4990/618/3258 5035/618/3303 5032/618/3300 4987/618/3255
f 5031/618/3299 5026/618/3294 5028/618/3296 5033/618/3301
f 5033/618/3301 5028/618/3296 5029/618/3297 5034/618/3302
f 5034/618/3302 5029/618/3297 5030/618/3298 5035/618/3303
f 5035/618/3303 5030/618/3298 5027/618/3295 5032/618/3300
f 5026/618/3294 5021/618/3289 5023/618/3291 5028/618/3296
f 5028/618/3296 5023/618/3291 5024/618/3292 5029/618/3297
f 5029/618/3297 5024/618/3292 5025/618/3293 5030/618/3298
f 5030/618/3298 5025/618/3293 5022/618/3290 5027/618/3295
f 5021/618/3289 5016/618/3284 5018/618/3286 5023/618/3291
f 5023/618/3291 5018/618/3286 5019/618/3287 5024/618/3292
f 5024/618/3292 5019/618/3287 5020/618/3288 5025/618/3293
f 5025/618/3293 5020/618/3288 5017/618/3285 5022/618/3290
f 5016/618/3284 5011/618/3279 5013/618/3281 5018/618/3286
f 5018/618/3286 5013/618/3281 5014/618/3282 5019/618/3287
f 5019/618/3287 5014/618/3282 5015/618/3283 5020/618/3288
f 5020/618/3288 5015/618/3283 5012/618/3280 5017/618/3285
f 5011/618/3279 5006/618/3274 5008/618/3276 5013/618/3281
f 5013/618/3281 5008/618/3276 5009/618/3277 5014/618/3282
f 5014/618/3282 5009/618/3277 5010/618/3278 5015/618/3283
f 5015/618/3283 5010/618/3278 5007/618/3275 5012/618/3280
f 5006/618/3274 5001/618/3269 5003/618/3271 5008/618/3276
f 5008/618/3276 5003/618/3271 5004/618/3272 5009/618/3277
f 5009/618/3277 5004/618/3272 5005/618/3273 5010/618/3278
f 5010/618/3278 5005/618/3273 5002/618/3270 5007/618/3275
f 5001/618/3269 4996/618/3264 4998/618/3266 5003/618/3271
f 5003/618/3271 4998/618/3266 4999/618/3267 5004/618/3272
f 5004/618/3272 4999/618/3267 5000/618/3268 5005/618/3273
f 5005/618/3273 5000/618/3268 4997/618/3265 5002/618/3270
f 4996/618/3264 4991/618/3259 4993/618/3261 4998/618/3266
f 4998/618/3266 4993/618/3261 4994/618/3262 4999/618/3267
f 4999/618/3267 4994/618/3262 4995/618/3263 5000/618/3268
f 5000/618/3268 4995/618/3263 4992/618/3260 4997/618/3265
f 4991/618/3259 4981/618/3249 4983/618/3251 4993/618/3261
f 4993/618/3261 4983/618/3251 4984/618/3252 4994/618/3262
f 4994/618/3262 4984/618/3252 4985/618/3253 4995/618/3263
f 4995/618/3263 4985/618/3253 4982/618/3250 4992/618/3260
f 4981/618/3249 4807/618/3075 4810/618/3078 4983/618/3251
f 4983/618/3251 4810/618/3078 4809/618/3077 4984/618/3252
f 4984/618/3252 4809/618/3077 4808/618/3076 4985/618/3253
f 4985/618/3253 4808/618/3076 4806/618/3074 4982/618/3250
f 4811/618/3079 5201/618/3469 5203/618/3471 4813/618/3081
f 4813/618/3081 5203/618/3471 5204/618/3472 4814/618/3082
f 4814/618/3082 5204/618/3472 5205/618/3473 4815/618/3083
f 4815/618/3083 5205/618/3473 5202/618/3470 4812/618/3080
f 5201/618/3469 5211/618/3479 5213/618/3481 5203/618/3471
f 5203/618/3471 5213/618/3481 5214/618/3482 5204/618/3472
f 5204/618/3472 5214/618/3482 5215/618/3483 5205/618/3473
f 5205/618/3473 5215/618/3483 5212/618/3480 5202/618/3470
f 5211/618/3479 5216/618/3484 5218/618/3486 5213/618/3481
f 5213/618/3481 5218/618/3486 5219/618/3487 5214/618/3482
f 5214/618/3482 5219/618/3487 5220/618/3488 5215/618/3483
f 5215/618/3483 5220/618/3488 5217/618/3485 5212/618/3480
f 5216/618/3484 5221/618/3489 5223/618/3491 5218/618/3486
f 5218/618/3486 5223/618/3491 5224/618/3492 5219/618/3487
f 5219/618/3487 5224/618/3492 5225/618/3493 5220/618/3488
f 5220/618/3488 5225/618/3493 5222/618/3490 5217/618/3485
f 5221/618/3489 5226/618/3494 5228/618/3496 5223/618/3491
f 5223/618/3491 5228/618/3496 5229/618/3497 5224/618/3492
f 5224/618/3492 5229/618/3497 5230/618/3498 5225/618/3493
f 5225/618/3493 5230/618/3498 5227/618/3495 5222/618/3490
f 5226/618/3494 5231/618/3499 5233/618/3501 5228/618/3496
f 5228/618/3496 5233/618/3501 5234/618/3502 5229/618/3497
f 5229/618/3497 5234/618/3502 5235/618/3503 5230/618/3498
f 5230/618/3498 5235/618/3503 5232/618/3500 5227/618/3495
f 5231/618/3499 5236/618/3504 5238/618/3506 5233/618/3501
f 5233/618/3501 5238/618/3506 5239/618/3507 5234/618/3502
f 5234/618/3502 5239/618/3507 5240/618/3508 5235/618/3503
f 5235/618/3503 5240/618/3508 5237/618/3505 5232/618/3500
f 5236/618/3504 5241/618/3509 5243/618/3511 5238/618/3506
f 5238/618/3506 5243/618/3511 5244/618/3512 5239/618/3507
f 5239/618/3507 5244/618/3512 5245/618/3513 5240/618/3508
f 5240/618/3508 5245/618/3513 5242/618/3510 5237/618/3505
f 5241/618/3509 5246/618/3514 5248/618/3516 5243/618/3511
f 5243/618/3511 5248/618/3516 5249/618/3517 5244/618/3512
f 5244/618/3512 5249/618/3517 5250/618/3518 5245/618/3513
f 5245/618/3513 5250/618/3518 5247/618/3515 5242/618/3510
f 5246/618/3514 5251/618/3519 5253/618/3521 5248/618/3516
f 5248/618/3516 5253/618/3521 5254/618/3522 5249/618/3517
f 5249/618/3517 5254/618/3522 5255/618/3523 5250/618/3518
f 5250/618/3518 5255/618/3523 5252/618/3520 5247/618/3515
f 5251/618/3519 5206/618/3474 5208/618/3476 5253/618/3521
f 5253/618/3521 5208/618/3476 5209/618/3477 5254/618/3522
f 5254/618/3522 5209/618/3477 5210/618/3478 5255/618/3523
f 5255/618/3523 5210/618/3478 5207/618/3475 5252/618/3520
f 5206/618/3474 5146/618/3414 5148/618/3416 5208/618/3476
f 5208/618/3476 5148/618/3416 5149/618/3417 5209/618/3477
f 5209/618/3477 5149/618/3417 5150/618/3418 5210/618/3478
f 5210/618/3478 5150/618/3418 5147/618/3415 5207/618/3475
f 5146/618/3414 5156/618/3424 5158/618/3426 5148/618/3416
f 5148/618/3416 5158/618/3426 5159/618/3427 5149/618/3417
f 5149/618/3417 5159/618/3427 5160/618/3428 5150/618/3418
f 5150/618/3418 5160/618/3428 5157/618/3425 5147/618/3415
f 5156/618/3424 5161/618/3429 5163/618/3431 5158/618/3426
f 5158/618/3426 5163/618/3431 5164/618/3432 5159/618/3427
f 5159/618/3427 5164/618/3432 5165/618/3433 5160/618/3428
f 5160/618/3428 5165/618/3433 5162/618/3430 5157/618/3425
f 5161/618/3429 5166/618/3434 5168/618/3436 5163/618/3431
f 5163/618/3431 5168/618/3436 5169/618/3437 5164/618/3432
f 5164/618/3432 5169/618/3437 5170/618/3438 5165/618/3433
f 5165/618/3433 5170/618/3438 5167/618/3435 5162/618/3430
f 5166/618/3434 5171/618/3439 5173/618/3441 5168/618/3436
f 5168/618/3436 5173/618/3441 5174/618/3442 5169/618/3437
f 5169/618/3437 5174/618/3442 5175/618/3443 5170/618/3438
f 5170/618/3438 5175/618/3443 5172/618/3440 5167/618/3435
f 5171/618/3439 5176/618/3444 5178/618/3446 5173/618/3441
f 5173/618/3441 5178/618/3446 5179/618/3447 5174/618/3442
f 5174/618/3442 5179/618/3447 5180/618/3448 5175/618/3443
f 5175/618/3443 5180/618/3448 5177/618/3445 5172/618/3440
f 5176/618/3444 5181/618/3449 5183/618/3451 5178/618/3446
f 5178/618/3446 5183/618/3451 5184/618/3452 5179/618/3447
f 5179/618/3447 5184/618/3452 5185/618/3453 5180/618/3448
f 5180/618/3448 5185/618/3453 5182/618/3450 5177/618/3445
f 5181/618/3449 5186/618/3454 5188/618/3456 5183/618/3451
f 5183/618/3451 5188/618/3456 5189/618/3457 5184/618/3452
f 5184/618/3452 5189/618/3457 5190/618/3458 5185/618/3453
f 5185/618/3453 5190/618/3458 5187/618/3455 5182/618/3450
f 5186/618/3454 5191/618/3459 5193/618/3461 5188/618/3456
f 5188/618/3456 5193/618/3461 5194/618/3462 5189/618/3457
f 5189/618/3457 5194/618/3462 5195/618/3463 5190/618/3458
f 5190/618/3458 5195/618/3463 5192/618/3460 5187/618/3455
f 5191/618/3459 5196/618/3464 5198/618/3466 5193/618/3461
f 5193/618/3461 5198/618/3466 5199/618/3467 5194/618/3462
f 5194/618/3462 5199/618/3467 5200/618/3468 5195/618/3463
f 5195/618/3463 5200/618/3468 5197/618/3465 5192/618/3460
f 5196/618/3464 5151/618/3419 5153/618/3421 5198/618/3466
f 5198/618/3466 5153/618/3421 5154/618/3422 5199/618/3467
f 5199/618/3467 5154/618/3422 5155/618/3423 5200/618/3468
f 5200/618/3468 5155/618/3423 5152/618/3420 5197/618/3465
f 5151/618/3419 5091/618/3359 5093/618/3361 5153/618/3421
f 5153/618/3421 5093/618/3361 5094/618/3362 5154/618/3422
f 5154/618/3422 5094/618/3362 5095/618/3363 5155/618/3423
f 5155/618/3423 5095/618/3363 5092/618/3360 5152/618/3420
f 5091/618/3359 5101/618/3369 5103/618/3371 5093/618/3361
f 5093/618/3361 5103/618/3371 5104/618/3372 5094/618/3362
f 5094/618/3362 5104/618/3372 5105/618/3373 5095/618/3363
f 5095/618/3363 5105/618/3373 5102/618/3370 5092/618/3360
f 5101/618/3369 5106/618/3374 5108/618/3376 5103/618/3371
f 5103/618/3371 5108/618/3376 5109/618/3377 5104/618/3372
f 5104/618/3372 5109/618/3377 5110/618/3378 5105/618/3373
f 5105/618/3373 5110/618/3378 5107/618/3375 5102/618/3370
f 5106/618/3374 5111/618/3379 5113/618/3381 5108/618/3376
f 5108/618/3376 5113/618/3381 5114/618/3382 5109/618/3377
f 5109/618/3377 5114/618/3382 5115/618/3383 5110/618/3378
f 5110/618/3378 5115/618/3383 5112/618/3380 5107/618/3375
f 5111/618/3379 5116/618/3384 5118/618/3386 5113/618/3381
f 5113/618/3381 5118/618/3386 5119/618/3387 5114/618/3382
f 5114/618/3382 5119/618/3387 5120/618/3388 5115/618/3383
f 5115/618/3383 5120/618/3388 5117/618/3385 5112/618/3380
f 5116/618/3384 5121/618/3389 5123/618/3391 5118/618/3386
f 5118/618/3386 5123/618/3391 5124/618/3392 5119/618/3387
f 5119/618/3387 5124/618/3392 5125/618/3393 5120/618/3388
f 5120/618/3388 5125/618/3393 5122/618/3390 5117/618/3385
f 5121/618/3389 5126/618/3394 5128/618/3396 5123/618/3391
f 5123/618/3391 5128/618/3396 5129/618/3397 5124/618/3392
f 5124/618/3392 5129/618/3397 5130/618/3398 5125/618/3393
f 5125/618/3393 5130/618/3398 5127/618/3395 5122/618/3390
f 5126/618/3394 5131/618/3399 5133/618/3401 5128/618/3396
f 5128/618/3396 5133/618/3401 5134/618/3402 5129/618/3397
f 5129/618/3397 5134/618/3402 5135/618/3403 5130/618/3398
f 5130/618/3398 5135/618/3403 5132/618/3400 5127/618/3395
f 5131/618/3399 5136/618/3404 5138/618/3406 5133/618/3401
f 5133/618/3401 5138/618/3406 5139/618/3407 5134/618/3402
f 5134/618/3402 5139/618/3407 5140/618/3408 5135/618/3403
f 5135/618/3403 5140/618/3408 5137/618/3405 5132/618/3400
f 5136/618/3404 5141/618/3409 5143/618/3411 5138/618/3406
f 5138/618/3406 5143/618/3411 5144/618/3412 5139/618/3407
f 5139/618/3407 5144/618/3412 5145/618/3413 5140/618/3408
f 5140/618/3408 5145/618/3413 5142/618/3410 5137/618/3405
f 5141/618/3409 5096/618/3364 5098/618/3366 5143/618/3411
f 5143/618/3411 5098/618/3366 5099/618/3367 5144/618/3412
f 5144/618/3412 5099/618/3367 5100/618/3368 5145/618/3413
f 5145/618/3413 5100/618/3368 5097/618/3365 5142/618/3410
f 5096/618/3364 5036/618/3304 5038/618/3306 5098/618/3366
f 5098/618/3366 5038/618/3306 5039/618/3307 5099/618/3367
f 5099/618/3367 5039/618/3307 5040/618/3308 5100/618/3368
f 5100/618/3368 5040/618/3308 5037/618/3305 5097/618/3365
f 5036/618/3304 5046/618/3314 5048/618/3316 5038/618/3306
f 5038/618/3306 5048/618/3316 5049/618/3317 5039/618/3307
f 5039/618/3307 5049/618/3317 5050/618/3318 5040/618/3308
f 5040/618/3308 5050/618/3318 5047/618/3315 5037/618/3305
f 5046/618/3314 5051/618/3319 5053/618/3321 5048/618/3316
f 5048/618/3316 5053/618/3321 5054/618/3322 5049/618/3317
f 5049/618/3317 5054/618/3322 5055/618/3323 5050/618/3318
f 5050/618/3318 5055/618/3323 5052/618/3320 5047/618/3315
f 5051/618/3319 5056/618/3324 5058/618/3326 5053/618/3321
f 5053/618/3321 5058/618/3326 5059/618/3327 5054/618/3322
f 5054/618/3322 5059/618/3327 5060/618/3328 5055/618/3323
f 5055/618/3323 5060/618/3328 5057/618/3325 5052/618/3320
f 5056/618/3324 5061/618/3329 5063/618/3331 5058/618/3326
f 5058/618/3326 5063/618/3331 5064/618/3332 5059/618/3327
f 5059/618/3327 5064/618/3332 5065/618/3333 5060/618/3328
f 5060/618/3328 5065/618/3333 5062/618/3330 5057/618/3325
f 5061/618/3329 5066/618/3334 5068/618/3336 5063/618/3331
f 5063/618/3331 5068/618/3336 5069/618/3337 5064/618/3332
f 5064/618/3332 5069/618/3337 5070/618/3338 5065/618/3333
f 5065/618/3333 5070/618/3338 5067/618/3335 5062/618/3330
f 5066/618/3334 5071/618/3339 5073/618/3341 5068/618/3336
f 5068/618/3336 5073/618/3341 5074/618/3342 5069/618/3337
f 5069/618/3337 5074/618/3342 5075/618/3343 5070/618/3338
f 5070/618/3338 5075/618/3343 5072/618/3340 5067/618/3335
f 5071/618/3339 5076/618/3344 5078/618/3346 5073/618/3341
f 5073/618/3341 5078/618/3346 5079/618/3347 5074/618/3342
f 5074/618/3342 5079/618/3347 5080/618/3348 5075/618/3343
f 5075/618/3343 5080/618/3348 5077/618/3345 5072/618/3340
f 5076/618/3344 5081/618/3349 5083/618/3351 5078/618/3346
f 5078/618/3346 5083/618/3351 5084/618/3352 5079/618/3347
f 5079/618/3347 5084/618/3352 5085/618/3353 5080/618/3348
f 5080/618/3348 5085/618/3353 5082/618/3350 5077/618/3345
f 5081/618/3349 5086/618/3354 5088/618/3356 5083/618/3351
f 5083/618/3351 5088/618/3356 5089/618/3357 5084/618/3352
f 5084/618/3352 5089/618/3357 5090/618/3358 5085/618/3353
f 5085/618/3353 5090/618/3358 5087/618/3355 5082/618/3350
f 5086/618/3354 5041/618/3309 5043/618/3311 5088/618/3356
f 5088/618/3356 5043/618/3311 5044/618/3312 5089/618/3357
f 5089/618/3357 5044/618/3312 5045/618/3313 5090/618/3358
f 5090/618/3358 5045/618/3313 5042/618/3310 5087/618/3355
f 5041/618/3309 4802/618/3070 4805/618/3073 5043/618/3311
f 5043/618/3311 4805/618/3073 4804/618/3072 5044/618/3312
f 5044/618/3312 4804/618/3072 4803/618/3071 5045/618/3313
f 5045/618/3313 4803/618/3071 4801/618/3069 5042/618/3310
f 5262/618/3530 5266/618/3534 5268/618/3536 5265/618/3533
f 5265/618/3533 5268/618/3536 5269/618/3537 5264/618/3532
f 5264/618/3532 5269/618/3537 5270/618/3538 5263/618/3531
f 5263/618/3531 5270/618/3538 5267/618/3535 5261/618/3529
f 5257/618/3525 5276/618/3544 5278/618/3546 5260/618/3528
f 5260/618/3528 5278/618/3546 5279/618/3547 5259/618/3527
f 5259/618/3527 5279/618/3547 5280/618/3548 5258/618/3526
f 5258/618/3526 5280/618/3548 5277/618/3545 5256/618/3524
f 5276/618/3544 5321/618/3589 5323/618/3591 5278/618/3546
f 5278/618/3546 5323/618/3591 5324/618/3592 5279/618/3547
f 5279/618/3547 5324/618/3592 5325/618/3593 5280/618/3548
f 5280/618/3548 5325/618/3593 5322/618/3590 5277/618/3545
f 5321/618/3589 5316/618/3584 5318/618/3586 5323/618/3591
f 5323/618/3591 5318/618/3586 5319/618/3587 5324/618/3592
f 5324/618/3592 5319/618/3587 5320/618/3588 5325/618/3593
f 5325/618/3593 5320/618/3588 5317/618/3585 5322/618/3590
f 5316/618/3584 5311/618/3579 5313/618/3581 5318/618/3586
f 5318/618/3586 5313/618/3581 5314/618/3582 5319/618/3587
f 5319/618/3587 5314/618/3582 5315/618/3583 5320/618/3588
f 5320/618/3588 5315/618/3583 5312/618/3580 5317/618/3585
f 5311/618/3579 5306/618/3574 5308/618/3576 5313/618/3581
f 5313/618/3581 5308/618/3576 5309/618/3577 5314/618/3582
f 5314/618/3582 5309/618/3577 5310/618/3578 5315/618/3583
f 5315/618/3583 5310/618/3578 5307/618/3575 5312/618/3580
f 5306/618/3574 5301/618/3569 5303/618/3571 5308/618/3576
f 5308/618/3576 5303/618/3571 5304/618/3572 5309/618/3577
f 5309/618/3577 5304/618/3572 5305/618/3573 5310/618/3578
f 5310/618/3578 5305/618/3573 5302/618/3570 5307/618/3575
f 5301/618/3569 5296/618/3564 5298/618/3566 5303/618/3571
f 5303/618/3571 5298/618/3566 5299/618/3567 5304/618/3572
f 5304/618/3572 5299/618/3567 5300/618/3568 5305/618/3573
f 5305/618/3573 5300/618/3568 5297/618/3565 5302/618/3570
f 5296/618/3564 5291/618/3559 5293/618/3561 5298/618/3566
f 5298/618/3566 5293/618/3561 5294/618/3562 5299/618/3567
f 5299/618/3567 5294/618/3562 5295/618/3563 5300/618/3568
f 5300/618/3568 5295/618/3563 5292/618/3560 5297/618/3565
f 5291/618/3559 5286/618/3554 5288/618/3556 5293/618/3561
f 5293/618/3561 5288/618/3556 5289/618/3557 5294/618/3562
f 5294/618/3562 5289/618/3557 5290/618/3558 5295/618/3563
f 5295/618/3563 5290/618/3558 5287/618/3555 5292/618/3560
f 5286/618/3554 5281/618/3549 5283/618/3551 5288/618/3556
f 5288/618/3556 5283/618/3551 5284/618/3552 5289/618/3557
f 5289/618/3557 5284/618/3552 5285/618/3553 5290/618/3558
f 5290/618/3558 5285/618/3553 5282/618/3550 5287/618/3555
f 5281/618/3549 5271/618/3539 5273/618/3541 5283/618/3551
f 5283/618/3551 5273/618/3541 5274/618/3542 5284/618/3552
f 5284/618/3552 5274/618/3542 5275/618/3543 5285/618/3553
f 5285/618/3553 5275/618/3543 5272/618/3540 5282/618/3550
f 5271/618/3539 5331/618/3599 5333/618/3601 5273/618/3541
f 5273/618/3541 5333/618/3601 5334/618/3602 5274/618/3542
f 5274/618/3542 5334/618/3602 5335/618/3603 5275/618/3543
f 5275/618/3543 5335/618/3603 5332/618/3600 5272/618/3540
f 5331/618/3599 5376/618/3644 5378/618/3646 5333/618/3601
f 5333/618/3601 5378/618/3646 5379/618/3647 5334/618/3602
f 5334/618/3602 5379/618/3647 5380/618/3648 5335/618/3603
f 5335/618/3603 5380/618/3648 5377/618/3645 5332/618/3600
f 5376/618/3644 5371/618/3639 5373/618/3641 5378/618/3646
f 5378/618/3646 5373/618/3641 5374/618/3642 5379/618/3647
f 5379/618/3647 5374/618/3642 5375/618/3643 5380/618/3648
f 5380/618/3648 5375/618/3643 5372/618/3640 5377/618/3645
f 5371/618/3639 5366/618/3634 5368/618/3636 5373/618/3641
f 5373/618/3641 5368/618/3636 5369/618/3637 5374/618/3642
f 5374/618/3642 5369/618/3637 5370/618/3638 5375/618/3643
f 5375/618/3643 5370/618/3638 5367/618/3635 5372/618/3640
f 5366/618/3634 5361/618/3629 5363/618/3631 5368/618/3636
f 5368/618/3636 5363/618/3631 5364/618/3632 5369/618/3637
f 5369/618/3637 5364/618/3632 5365/618/3633 5370/618/3638
f 5370/618/3638 5365/618/3633 5362/618/3630 5367/618/3635
f 5361/618/3629 5356/618/3624 5358/618/3626 5363/618/3631
f 5363/618/3631 5358/618/3626 5359/618/3627 5364/618/3632
f 5364/618/3632 5359/618/3627 5360/618/3628 5365/618/3633
f 5365/618/3633 5360/618/3628 5357/618/3625 5362/618/3630
f 5356/618/3624 5351/618/3619 5353/618/3621 5358/618/3626
f 5358/618/3626 5353/618/3621 5354/618/3622 5359/618/3627
f 5359/618/3627 5354/618/3622 5355/618/3623 5360/618/3628
f 5360/618/3628 5355/618/3623 5352/618/3620 5357/618/3625
f 5351/618/3619 5346/618/3614 5348/618/3616 5353/618/3621
f 5353/618/3621 5348/618/3616 5349/618/3617 5354/618/3622
f 5354/618/3622 5349/618/3617 5350/618/3618 5355/618/3623
f 5355/618/3623 5350/618/3618 5347/618/3615 5352/618/3620
f 5346/618/3614 5341/618/3609 5343/618/3611 5348/618/3616
f 5348/618/3616 5343/618/3611 5344/618/3612 5349/618/3617
f 5349/618/3617 5344/618/3612 5345/618/3613 5350/618/3618
f 5350/618/3618 5345/618/3613 5342/618/3610 5347/618/3615
f 5341/618/3609 5336/618/3604 5338/618/3606 5343/618/3611
f 5343/618/3611 5338/618/3606 5339/618/3607 5344/618/3612
f 5344/618/3612 5339/618/3607 5340/618/3608 5345/618/3613
f 5345/618/3613 5340/618/3608 5337/618/3605 5342/618/3610
f 5336/618/3604 5326/618/3594 5328/618/3596 5338/618/3606
f 5338/618/3606 5328/618/3596 5329/618/3597 5339/618/3607
f 5339/618/3607 5329/618/3597 5330/618/3598 5340/618/3608
f 5340/618/3608 5330/618/3598 5327/618/3595 5337/618/3605
f 5326/618/3594 5386/618/3654 5388/618/3656 5328/618/3596
f 5328/618/3596 5388/618/3656 5389/618/3657 5329/618/3597
f 5329/618/3597 5389/618/3657 5390/618/3658 5330/618/3598
f 5330/618/3598 5390/618/3658 5387/618/3655 5327/618/3595
f 5386/618/3654 5431/618/3699 5433/618/3701 5388/618/3656
f 5388/618/3656 5433/618/3701 5434/618/3702 5389/618/3657
f 5389/618/3657 5434/618/3702 5435/618/3703 5390/618/3658
f 5390/618/3658 5435/618/3703 5432/618/3700 5387/618/3655
f 5431/618/3699 5426/618/3694 5428/618/3696 5433/618/3701
f 5433/618/3701 5428/618/3696 5429/618/3697 5434/618/3702
f 5434/618/3702 5429/618/3697 5430/618/3698 5435/618/3703
f 5435/618/3703 5430/618/3698 5427/618/3695 5432/618/3700
f 5426/618/3694 5421/618/3689 5423/618/3691 5428/618/3696
f 5428/618/3696 5423/618/3691 5424/618/3692 5429/618/3697
f 5429/618/3697 5424/618/3692 5425/618/3693 5430/618/3698
f 5430/618/3698 5425/618/3693 5422/618/3690 5427/618/3695
f 5421/618/3689 5416/618/3684 5418/618/3686 5423/618/3691
f 5423/618/3691 5418/618/3686 5419/618/3687 5424/618/3692
f 5424/618/3692 5419/618/3687 5420/618/3688 5425/618/3693
f 5425/618/3693 5420/618/3688 5417/618/3685 5422/618/3690
f 5416/618/3684 5411/618/3679 5413/618/3681 5418/618/3686
f 5418/618/3686 5413/618/3681 5414/618/3682 5419/618/3687
f 5419/618/3687 5414/618/3682 5415/618/3683 5420/618/3688
f 5420/618/3688 5415/618/3683 5412/618/3680 5417/618/3685
f 5411/618/3679 5406/618/3674 5408/618/3676 5413/618/3681
f 5413/618/3681 5408/618/3676 5409/618/3677 5414/618/3682
f 5414/618/3682 5409/618/3677 5410/618/3678 5415/618/3683
f 5415/618/3683 5410/618/3678 5407/618/3675 5412/618/3680
f 5406/618/3674 5401/618/3669 5403/618/3671 5408/618/3676
f 5408/618/3676 5403/618/3671 5404/618/3672 5409/618/3677
f 5409/618/3677 5404/618/3672 5405/618/3673 5410/618/3678
f 5410/618/3678 5405/618/3673 5402/618/3670 5407/618/3675
f 5401/618/3669 5396/618/3664 5398/618/3666 5403/618/3671
f 5403/618/3671 5398/618/3666 5399/618/3667 5404/618/3672
f 5404/618/3672 5399/618/3667 5400/618/3668 5405/618/3673
f 5405/618/3673 5400/618/3668 5397/618/3665 5402/618/3670
f 5396/618/3664 5391/618/3659 5393/618/3661 5398/618/3666
f 5398/618/3666 5393/618/3661 5394/618/3662 5399/618/3667
f 5399/618/3667 5394/618/3662 5395/618/3663 5400/618/3668
f 5400/618/3668 5395/618/3663 5392/618/3660 5397/618/3665
f 5391/618/3659 5381/618/3649 5383/618/3651 5393/618/3661
f 5393/618/3661 5383/618/3651 5384/618/3652 5394/618/3662
f 5394/618/3662 5384/618/3652 5385/618/3653 5395/618/3663
f 5395/618/3663 5385/618/3653 5382/618/3650 5392/618/3660
f 5381/618/3649 5441/618/3709 5443/618/3711 5383/618/3651
f 5383/618/3651 5443/618/3711 5444/618/3712 5384/618/3652
f 5384/618/3652 5444/618/3712 5445/618/3713 5385/618/3653
f 5385/618/3653 5445/618/3713 5442/618/3710 5382/618/3650
f 5441/618/3709 5486/618/3754 5488/618/3756 5443/618/3711
f 5443/618/3711 5488/618/3756 5489/618/3757 5444/618/3712
f 5444/618/3712 5489/618/3757 5490/618/3758 5445/618/3713
f 5445/618/3713 5490/618/3758 5487/618/3755 5442/618/3710
f 5486/618/3754 5481/618/3749 5483/618/3751 5488/618/3756
f 5488/618/3756 5483/618/3751 5484/618/3752 5489/618/3757
f 5489/618/3757 5484/618/3752 5485/618/3753 5490/618/3758
f 5490/618/3758 5485/618/3753 5482/618/3750 5487/618/3755
f 5481/618/3749 5476/618/3744 5478/618/3746 5483/618/3751
f 5483/618/3751 5478/618/3746 5479/618/3747 5484/618/3752
f 5484/618/3752 5479/618/3747 5480/618/3748 5485/618/3753
f 5485/618/3753 5480/618/3748 5477/618/3745 5482/618/3750
f 5476/618/3744 5471/618/3739 5473/618/3741 5478/618/3746
f 5478/618/3746 5473/618/3741 5474/618/3742 5479/618/3747
f 5479/618/3747 5474/618/3742 5475/618/3743 5480/618/3748
f 5480/618/3748 5475/618/3743 5472/618/3740 5477/618/3745
f 5471/618/3739 5466/618/3734 5468/618/3736 5473/618/3741
f 5473/618/3741 5468/618/3736 5469/618/3737 5474/618/3742
f 5474/618/3742 5469/618/3737 5470/618/3738 5475/618/3743
f 5475/618/3743 5470/618/3738 5467/618/3735 5472/618/3740
f 5466/618/3734 5461/618/3729 5463/618/3731 5468/618/3736
f 5468/618/3736 5463/618/3731 5464/618/3732 5469/618/3737
f 5469/618/3737 5464/618/3732 5465/618/3733 5470/618/3738
f 5470/618/3738 5465/618/3733 5462/618/3730 5467/618/3735
f 5461/618/3729 5456/618/3724 5458/618/3726 5463/618/3731
f 5463/618/3731 5458/618/3726 5459/618/3727 5464/618/3732
f 5464/618/3732 5459/618/3727 5460/618/3728 5465/618/3733
f 5465/618/3733 5460/618/3728 5457/618/3725 5462/618/3730
f 5456/618/3724 5451/618/3719 5453/618/3721 5458/618/3726
f 5458/618/3726 5453/618/3721 5454/618/3722 5459/618/3727
f 5459/618/3727 5454/618/3722 5455/618/3723 5460/618/3728
f 5460/618/3728 5455/618/3723 5452/618/3720 5457/618/3725
f 5451/618/3719 5446/618/3714 5448/618/3716 5453/618/3721
f 5453/618/3721 5448/618/3716 5449/618/3717 5454/618/3722
f 5454/618/3722 5449/618/3717 5450/618/3718 5455/618/3723
f 5455/618/3723 5450/618/3718 5447/618/3715 5452/618/3720
f 5446/618/3714 5436/618/3704 5438/618/3706 5448/618/3716
f 5448/618/3716 5438/618/3706 5439/618/3707 5449/618/3717
f 5449/618/3717 5439/618/3707 5440/618/3708 5450/618/3718
f 5450/618/3718 5440/618/3708 5437/618/3705 5447/618/3715
f 5436/618/3704 5262/618/3530 5265/618/3533 5438/618/3706
f 5438/618/3706 5265/618/3533 5264/618/3532 5439/618/3707
f 5439/618/3707 5264/618/3532 5263/618/3531 5440/618/3708
f 5440/618/3708 5263/618/3531 5261/618/3529 5437/618/3705
f 5266/618/3534 5656/618/3924 5658/618/3926 5268/618/3536
f 5268/618/3536 5658/618/3926 5659/618/3927 5269/618/3537
f 5269/618/3537 5659/618/3927 5660/618/3928 5270/618/3538
f 5270/618/3538 5660/618/3928 5657/618/3925 5267/618/3535
f 5656/618/3924 5666/618/3934 5668/618/3936 5658/618/3926
f 5658/618/3926 5668/618/3936 5669/618/3937 5659/618/3927
f 5659/618/3927 5669/618/3937 5670/618/3938 5660/618/3928
f 5660/618/3928 5670/618/3938 5667/618/3935 5657/618/3925
f 5666/618/3934 5671/618/3939 5673/618/3941 5668/618/3936
f 5668/618/3936 5673/618/3941 5674/618/3942 5669/618/3937
f 5669/618/3937 5674/618/3942 5675/618/3943 5670/618/3938
f 5670/618/3938 5675/618/3943 5672/618/3940 5667/618/3935
f 5671/618/3939 5676/618/3944 5678/618/3946 5673/618/3941
f 5673/618/3941 5678/618/3946 5679/618/3947 5674/618/3942
f 5674/618/3942 5679/618/3947 5680/618/3948 5675/618/3943
f 5675/618/3943 5680/618/3948 5677/618/3945 5672/618/3940
f 5676/618/3944 5681/618/3949 5683/618/3951 5678/618/3946
f 5678/618/3946 5683/618/3951 5684/618/3952 5679/618/3947
f 5679/618/3947 5684/618/3952 5685/618/3953 5680/618/3948
f 5680/618/3948 5685/618/3953 5682/618/3950 5677/618/3945
f 5681/618/3949 5686/618/3954 5688/618/3956 5683/618/3951
f 5683/618/3951 5688/618/3956 5689/618/3957 5684/618/3952
f 5684/618/3952 5689/618/3957 5690/618/3958 5685/618/3953
f 5685/618/3953 5690/618/3958 5687/618/3955 5682/618/3950
f 5686/618/3954 5691/618/3959 5693/618/3961 5688/618/3956
f 5688/618/3956 5693/618/3961 5694/618/3962 5689/618/3957
f 5689/618/3957 5694/618/3962 5695/618/3963 5690/618/3958
f 5690/618/3958 5695/618/3963 5692/618/3960 5687/618/3955
f 5691/618/3959 5696/618/3964 5698/618/3966 5693/618/3961
f 5693/618/3961 5698/618/3966 5699/618/3967 5694/618/3962
f 5694/618/3962 5699/618/3967 5700/618/3968 5695/618/3963
f 5695/618/3963 5700/618/3968 5697/618/3965 5692/618/3960
f 5696/618/3964 5701/618/3969 5703/618/3971 5698/618/3966
f 5698/618/3966 5703/618/3971 5704/618/3972 5699/618/3967
f 5699/618/3967 5704/618/3972 5705/618/3973 5700/618/3968
f 5700/618/3968 5705/618/3973 5702/618/3970 5697/618/3965
f 5701/618/3969 5706/618/3974 5708/618/3976 5703/618/3971
f 5703/618/3971 5708/618/3976 5709/618/3977 5704/618/3972
f 5704/618/3972 5709/618/3977 5710/618/3978 5705/618/3973
f 5705/618/3973 5710/618/3978 5707/618/3975 5702/618/3970
f 5706/618/3974 5661/618/3929 5663/618/3931 5708/618/3976
f 5708/618/3976 5663/618/3931 5664/618/3932 5709/618/3977
f 5709/618/3977 5664/618/3932 5665/618/3933 5710/618/3978
f 5710/618/3978 5665/618/3933 5662/618/3930 5707/618/3975
f 5661/618/3929 5601/618/3869 5603/618/3871 5663/618/3931
f 5663/618/3931 5603/618/3871 5604/618/3872 5664/618/3932
f 5664/618/3932 5604/618/3872 5605/618/3873 5665/618/3933
f 5665/618/3933 5605/618/3873 5602/618/3870 5662/618/3930
f 5601/618/3869 5611/618/3879 5613/618/3881 5603/618/3871
f 5603/618/3871 5613/618/3881 5614/618/3882 5604/618/3872
f 5604/618/3872 5614/618/3882 5615/618/3883 5605/618/3873
f 5605/618/3873 5615/618/3883 5612/618/3880 5602/618/3870
f 5611/618/3879 5616/618/3884 5618/618/3886 5613/618/3881
f 5613/618/3881 5618/618/3886 5619/618/3887 5614/618/3882
f 5614/618/3882 5619/618/3887 5620/618/3888 5615/618/3883
f 5615/618/3883 5620/618/3888 5617/618/3885 5612/618/3880
f 5616/618/3884 5621/618/3889 5623/618/3891 5618/618/3886
f 5618/618/3886 5623/618/3891 5624/618/3892 5619/618/3887
f 5619/618/3887 5624/618/3892 5625/618/3893 5620/618/3888
f 5620/618/3888 5625/618/3893 5622/618/3890 5617/618/3885
f 5621/618/3889 5626/618/3894 5628/618/3896 5623/618/3891
f 5623/618/3891 5628/618/3896 5629/618/3897 5624/618/3892
f 5624/618/3892 5629/618/3897 5630/618/3898 5625/618/3893
f 5625/618/3893 5630/618/3898 5627/618/3895 5622/618/3890
f 5626/618/3894 5631/618/3899 5633/618/3901 5628/618/3896
f 5628/618/3896 5633/618/3901 5634/618/3902 5629/618/3897
f 5629/618/3897 5634/618/3902 5635/618/3903 5630/618/3898
f 5630/618/3898 5635/618/3903 5632/618/3900 5627/618/3895
f 5631/618/3899 5636/618/3904 5638/618/3906 5633/618/3901
f 5633/618/3901 5638/618/3906 5639/618/3907 5634/618/3902
f 5634/618/3902 5639/618/3907 5640/618/3908 5635/618/3903
f 5635/618/3903 5640/618/3908 5637/618/3905 5632/618/3900
f 5636/618/3904 5641/618/3909 5643/618/3911 5638/618/3906
f 5638/618/3906 5643/618/3911 5644/618/3912 5639/618/3907
f 5639/618/3907 5644/618/3912 5645/618/3913 5640/618/3908
f 5640/618/3908 5645/618/3913 5642/618/3910 5637/618/3905
f 5641/618/3909 5646/618/3914 5648/618/3916 5643/618/3911
f 5643/618/3911 5648/618/3916 5649/618/3917 5644/618/3912
f 5644/618/3912 5649/618/3917 5650/618/3918 5645/618/3913
f 5645/618/3913 5650/618/3918 5647/618/3915 5642/618/3910
f 5646/618/3914 5651/618/3919 5653/618/3921 5648/618/3916
f 5648/618/3916 5653/618/3921 5654/618/3922 5649/618/3917
f 5649/618/3917 5654/618/3922 5655/618/3923 5650/618/3918
f 5650/618/3918 5655/618/3923 5652/618/3920 5647/618/3915
f 5651/618/3919 5606/618/3874 5608/618/3876 5653/618/3921
f 5653/618/3921 5608/618/3876 5609/618/3877 5654/618/3922
f 5654/618/3922 5609/618/3877 5610/618/3878 5655/618/3923
f 5655/618/3923 5610/618/3878 5607/618/3875 5652/618/3920
f 5606/618/3874 5546/618/3814 5548/618/3816 5608/618/3876
f 5608/618/3876 5548/618/3816 5549/618/3817 5609/618/3877
f 5609/618/3877 5549/618/3817 5550/618/3818 5610/618/3878
f 5610/618/3878 5550/618/3818 5547/618/3815 5607/618/3875
f 5546/618/3814 5556/618/3824 5558/618/3826 5548/618/3816
f 5548/618/3816 5558/618/3826 5559/618/3827 5549/618/3817
f 5549/618/3817 5559/618/3827 5560/618/3828 5550/618/3818
f 5550/618/3818 5560/618/3828 5557/618/3825 5547/618/3815
f 5556/618/3824 5561/618/3829 5563/618/3831 5558/618/3826
f 5558/618/3826 5563/618/3831 5564/618/3832 5559/618/3827
f 5559/618/3827 5564/618/3832 5565/618/3833 5560/618/3828
f 5560/618/3828 5565/618/3833 5562/618/3830 5557/618/3825
f 5561/618/3829 5566/618/3834 5568/618/3836 5563/618/3831
f 5563/618/3831 5568/618/3836 5569/618/3837 5564/618/3832
f 5564/618/3832 5569/618/3837 5570/618/3838 5565/618/3833
f 5565/618/3833 5570/618/3838 5567/618/3835 5562/618/3830
f 5566/618/3834 5571/618/3839 5573/618/3841 5568/618/3836
f 5568/618/3836 5573/618/3841 5574/618/3842 5569/618/3837
f 5569/618/3837 5574/618/3842 5575/618/3843 5570/618/3838
f 5570/618/3838 5575/618/3843 5572/618/3840 5567/618/3835
f 5571/618/3839 5576/618/3844 5578/618/3846 5573/618/3841
f 5573/618/3841 5578/618/3846 5579/618/3847 5574/618/3842
f 5574/618/3842 5579/618/3847 5580/618/3848 5575/618/3843
f 5575/618/3843 5580/618/3848 5577/618/3845 5572/618/3840
f 5576/618/3844 5581/618/3849 5583/618/3851 5578/618/3846
f 5578/618/3846 5583/618/3851 5584/618/3852 5579/618/3847
f 5579/618/3847 5584/618/3852 5585/618/3853 5580/618/3848
f 5580/618/3848 5585/618/3853 5582/618/3850 5577/618/3845
f 5581/618/3849 5586/618/3854 5588/618/3856 5583/618/3851
f 5583/618/3851 5588/618/3856 5589/618/3857 5584/618/3852
f 5584/618/3852 5589/618/3857 5590/618/3858 5585/618/3853
f 5585/618/3853 5590/618/3858 5587/618/3855 5582/618/3850
f 5586/618/3854 5591/618/3859 5593/618/3861 5588/618/3856
f 5588/618/3856 5593/618/3861 5594/618/3862 5589/618/3857
f 5589/618/3857 5594/618/3862 5595/618/3863 5590/618/3858
f 5590/618/3858 5595/618/3863 5592/618/3860 5587/618/3855
f 5591/618/3859 5596/618/3864 5598/618/3866 5593/618/3861
f 5593/618/3861 5598/618/3866 5599/618/3867 5594/618/3862
f 5594/618/3862 5599/618/3867 5600/618/3868 5595/618/3863
f 5595/618/3863 5600/618/3868 5597/618/3865 5592/618/3860
f 5596/618/3864 5551/618/3819 5553/618/3821 5598/618/3866
f 5598/618/3866 5553/618/3821 5554/618/3822 5599/618/3867
f 5599/618/3867 5554/618/3822 5555/618/3823 5600/618/3868
f 5600/618/3868 5555/618/3823 5552/618/3820 5597/618/3865
f 5551/618/3819 5491/618/3759 5493/618/3761 5553/618/3821
f 5553/618/3821 5493/618/3761 5494/618/3762 5554/618/3822
f 5554/618/3822 5494/618/3762 5495/618/3763 5555/618/3823
f 5555/618/3823 5495/618/3763 5492/618/3760 5552/618/3820
f 5491/618/3759 5501/618/3769 5503/618/3771 5493/618/3761
f 5493/618/3761 5503/618/3771 5504/618/3772 5494/618/3762
f 5494/618/3762 5504/618/3772 5505/618/3773 5495/618/3763
f 5495/618/3763 5505/618/3773 5502/618/3770 5492/618/3760
f 5501/618/3769 5506/618/3774 5508/618/3776 5503/618/3771
f 5503/618/3771 5508/618/3776 5509/618/3777 5504/618/3772
f 5504/618/3772 5509/618/3777 5510/618/3778 5505/618/3773
f 5505/618/3773 5510/618/3778 5507/618/3775 5502/618/3770
f 5506/618/3774 5511/618/3779 5513/618/3781 5508/618/3776
f 5508/618/3776 5513/618/3781 5514/618/3782 5509/618/3777
f 5509/618/3777 5514/618/3782 5515/618/3783 5510/618/3778
f 5510/618/3778 5515/618/3783 5512/618/3780 5507/618/3775
f 5511/618/3779 5516/618/3784 5518/618/3786 5513/618/3781
f 5513/618/3781 5518/618/3786 5519/618/3787 5514/618/3782
f 5514/618/3782 5519/618/3787 5520/618/3788 5515/618/3783
f 5515/618/3783 5520/618/3788 5517/618/3785 5512/618/3780
f 5516/618/3784 5521/618/3789 5523/618/3791 5518/618/3786
f 5518/618/3786 5523/618/3791 5524/618/3792 5519/618/3787
f 5519/618/3787 5524/618/3792 5525/618/3793 5520/618/3788
f 5520/618/3788 5525/618/3793 5522/618/3790 5517/618/3785
f 5521/618/3789 5526/618/3794 5528/618/3796 5523/618/3791
f 5523/618/3791 5528/618/3796 5529/618/3797 5524/618/3792
f 5524/618/3792 5529/618/3797 5530/618/3798 5525/618/3793
f 5525/618/3793 5530/618/3798 5527/618/3795 5522/618/3790
f 5526/618/3794 5531/618/3799 5533/618/3801 5528/618/3796
f 5528/618/3796 5533/618/3801 5534/618/3802 5529/618/3797
f 5529/618/3797 5534/618/3802 5535/618/3803 5530/618/3798
f 5530/618/3798 5535/618/3803 5532/618/3800 5527/618/3795
f 5531/618/3799 5536/618/3804 5538/618/3806 5533/618/3801
f 5533/618/3801 5538/618/3806 5539/618/3807 5534/618/3802
f 5534/618/3802 5539/618/3807 5540/618/3808 5535/618/3803
f 5535/618/3803 5540/618/3808 5537/618/3805 5532/618/3800
f 5536/618/3804 5541/618/3809 5543/618/3811 5538/618/3806
f 5538/618/3806 5543/618/3811 5544/618/3812 5539/618/3807
f 5539/618/3807 5544/618/3812 5545/618/3813 5540/618/3808
f 5540/618/3808 5545/618/3813 5542/618/3810 5537/618/3805
f 5541/618/3809 5496/618/3764 5498/618/3766 5543/618/3811
f 5543/618/3811 5498/618/3766 5499/618/3767 5544/618/3812
f 5544/618/3812 5499/618/3767 5500/618/3768 5545/618/3813
f 5545/618/3813 5500/618/3768 5497/618/3765 5542/618/3810
f 5496/618/3764 5257/618/3525 5260/618/3528 5498/618/3766
f 5498/618/3766 5260/618/3528 5259/618/3527 5499/618/3767
f 5499/618/3767 5259/618/3527 5258/618/3526 5500/618/3768
f 5500/618/3768 5258/618/3526 5256/618/3524 5497/618/3765
f 4801/618/3069 4822/618/3090 4739/618/3007 4731/618/2999
o Cube
v 2.294683 -0.709161 -0.131078
v 2.297734 -0.707228 -0.131174
v 2.299561 -0.716656 -0.125022
v 2.302627 -0.714747 -0.125098
v 2.282183 -0.689197 -0.096305
v 2.285192 -0.687199 -0.096287
v 2.287061 -0.696692 -0.090248
v 2.290086 -0.694718 -0.090211
v 2.297734 -0.707228 -0.131174
v 2.300867 -0.705297 -0.131402
v 2.302627 -0.714747 -0.125098
v 2.305808 -0.712889 -0.125267
v 2.285192 -0.687199 -0.096287
v 2.288205 -0.685075 -0.096178
v 2.290086 -0.694718 -0.090211
v 2.293146 -0.692667 -0.090044
v 2.300867 -0.705297 -0.131402
v 2.304137 -0.703331 -0.131754
v 2.305808 -0.712889 -0.125267
v 2.309155 -0.711041 -0.125524
v 2.288205 -0.685075 -0.096178
v 2.291278 -0.682795 -0.095983
v 2.293146 -0.692667 -0.090044
v 2.296296 -0.690505 -0.089753
v 2.304137 -0.703331 -0.131754
v 2.307594 -0.701295 -0.132226
v 2.309155 -0.711041 -0.125524
v 2.312717 -0.709166 -0.125866
v 2.291278 -0.682795 -0.095983
v 2.294466 -0.680329 -0.095707
v 2.296296 -0.690505 -0.089753
v 2.299589 -0.688200 -0.089346
v 2.307594 -0.701295 -0.132226
v 2.311287 -0.699156 -0.132813
v 2.312717 -0.709166 -0.125866
v 2.316541 -0.707229 -0.126289
v 2.294466 -0.680329 -0.095707
v 2.297821 -0.677650 -0.095353
v 2.299589 -0.688200 -0.089346
v 2.303076 -0.685723 -0.088829
v 2.311287 -0.699156 -0.132813
v 2.315257 -0.696883 -0.133509
v 2.316541 -0.707229 -0.126289
v 2.320669 -0.705198 -0.126789
v 2.297821 -0.677650 -0.095353
v 2.301388 -0.674733 -0.094928
v 2.303076 -0.685723 -0.088829
v 2.306800 -0.683048 -0.088208
v 2.315257 -0.696883 -0.133509
v 2.319546 -0.694448 -0.134307
v 2.320669 -0.705198 -0.126789
v 2.325139 -0.703041 -0.127363
v 2.301388 -0.674733 -0.094928
v 2.305212 -0.671556 -0.094434
v 2.306800 -0.683048 -0.088208
v 2.310806 -0.680150 -0.087490
v 2.319546 -0.694448 -0.134307
v 2.324190 -0.691825 -0.135204
v 2.325139 -0.703041 -0.127363
v 2.329987 -0.700732 -0.128007
v 2.305212 -0.671556 -0.094434
v 2.309334 -0.668099 -0.093878
v 2.310806 -0.680150 -0.087490
v 2.315131 -0.677006 -0.086680
v 2.324190 -0.691825 -0.135204
v 2.329221 -0.688990 -0.136193
v 2.329987 -0.700732 -0.128007
v 2.335243 -0.698243 -0.128716
v 2.309334 -0.668099 -0.093878
v 2.313789 -0.664343 -0.093262
v 2.315131 -0.677006 -0.086680
v 2.319811 -0.673596 -0.085785
v 2.329221 -0.688990 -0.136193
v 2.334670 -0.685922 -0.137268
v 2.335243 -0.698243 -0.128716
v 2.340937 -0.695551 -0.129487
v 2.313789 -0.664343 -0.093262
v 2.318610 -0.660274 -0.092593
v 2.319811 -0.673596 -0.085785
v 2.324877 -0.669902 -0.084812
v 2.334670 -0.685922 -0.137268
v 2.340655 -0.682549 -0.138425
v 2.340937 -0.695551 -0.129487
v 2.347115 -0.692622 -0.130317
v 2.318610 -0.660274 -0.092593
v 2.323733 -0.655931 -0.091873
v 2.324877 -0.669902 -0.084812
v 2.330186 -0.666007 -0.083765
v 2.340655 -0.682549 -0.138425
v 2.347183 -0.678864 -0.139655
v 2.347115 -0.692622 -0.130317
v 2.353797 -0.689437 -0.131200
v 2.323733 -0.655931 -0.091873
v 2.329116 -0.651340 -0.091108
v 2.330186 -0.666007 -0.083765
v 2.335722 -0.661918 -0.082654
v 2.347183 -0.678864 -0.139655
v 2.354236 -0.674872 -0.140952
v 2.353797 -0.689437 -0.131200
v 2.361000 -0.685981 -0.132133
v 2.329116 -0.651340 -0.091108
v 2.334912 -0.646419 -0.090307
v 2.335722 -0.661918 -0.082654
v 2.341667 -0.657533 -0.081488
v 2.354236 -0.674872 -0.140952
v 2.361834 -0.670560 -0.142308
v 2.361000 -0.685981 -0.132133
v 2.368738 -0.682239 -0.133111
v 2.334912 -0.646419 -0.090307
v 2.341138 -0.641162 -0.089475
v 2.341667 -0.657533 -0.081488
v 2.348033 -0.652846 -0.080277
v 2.361834 -0.670560 -0.142308
v 2.369996 -0.665913 -0.143717
v 2.368738 -0.682239 -0.133111
v 2.377027 -0.678195 -0.134128
v 2.341138 -0.641162 -0.089475
v 2.347808 -0.635564 -0.088616
v 2.348033 -0.652846 -0.080277
v 2.354828 -0.647851 -0.079028
v 2.369996 -0.665913 -0.143717
v 2.378736 -0.660922 -0.145169
v 2.377027 -0.678195 -0.134128
v 2.385877 -0.673838 -0.135180
v 2.347808 -0.635564 -0.088616
v 2.354929 -0.629626 -0.087738
v 2.354828 -0.647852 -0.079028
v 2.362059 -0.642548 -0.077750
v 2.378736 -0.660922 -0.145169
v 2.388064 -0.655578 -0.146657
v 2.385877 -0.673838 -0.135180
v 2.395294 -0.669159 -0.136262
v 2.354929 -0.629626 -0.087738
v 2.362509 -0.623348 -0.086846
v 2.362059 -0.642548 -0.077750
v 2.369728 -0.636935 -0.076452
v 2.388064 -0.655578 -0.146657
v 2.397986 -0.649876 -0.148171
v 2.395294 -0.669159 -0.136262
v 2.405282 -0.664151 -0.137367
v 2.362509 -0.623348 -0.086846
v 2.370551 -0.616733 -0.085947
v 2.369728 -0.636935 -0.076452
v 2.377834 -0.631014 -0.075144
v 2.397986 -0.649876 -0.148171
v 2.408507 -0.643813 -0.149704
v 2.405282 -0.664151 -0.137367
v 2.415840 -0.658809 -0.138491
v 2.370551 -0.616733 -0.085947
v 2.379055 -0.609785 -0.085046
v 2.377834 -0.631014 -0.075144
v 2.386374 -0.624788 -0.073835
v 2.408507 -0.643813 -0.149704
v 2.419624 -0.637388 -0.151245
v 2.415840 -0.658809 -0.138491
v 2.426965 -0.653131 -0.139626
v 2.379055 -0.609785 -0.085046
v 2.388017 -0.602512 -0.084151
v 2.386374 -0.624788 -0.073835
v 2.395342 -0.618263 -0.072535
v 2.419624 -0.637388 -0.151245
v 2.431333 -0.630603 -0.152783
v 2.426965 -0.653131 -0.139626
v 2.438647 -0.647117 -0.140768
v 2.388017 -0.602512 -0.084151
v 2.397431 -0.594923 -0.083267
v 2.395342 -0.618263 -0.072535
v 2.404728 -0.611446 -0.071255
v 2.431333 -0.630603 -0.152783
v 2.443625 -0.623464 -0.154309
v 2.438647 -0.647117 -0.140768
v 2.450876 -0.640771 -0.141908
v 2.397431 -0.594923 -0.083267
v 2.407287 -0.587028 -0.082403
v 2.404728 -0.611446 -0.071255
v 2.414521 -0.604344 -0.070005
v 2.443625 -0.623464 -0.154309
v 2.456812 -0.617060 -0.151575
v 2.450876 -0.640771 -0.141908
v 2.463598 -0.635480 -0.138473
v 2.407287 -0.587028 -0.082403
v 2.417564 -0.579744 -0.078544
v 2.414521 -0.604344 -0.070005
v 2.424395 -0.598142 -0.065431
v 2.456812 -0.617060 -0.151575
v 2.470722 -0.610725 -0.147194
v 2.463598 -0.635480 -0.138473
v 2.476841 -0.630213 -0.133876
v 2.417564 -0.579744 -0.078544
v 2.428265 -0.572951 -0.072095
v 2.424395 -0.598142 -0.065431
v 2.434432 -0.592418 -0.058763
v 2.470722 -0.610725 -0.147194
v 2.485239 -0.604136 -0.142485
v 2.476841 -0.630213 -0.133876
v 2.490595 -0.624706 -0.129025
v 2.428265 -0.572951 -0.072095
v 2.439385 -0.565942 -0.065472
v 2.434432 -0.592418 -0.058763
v 2.444793 -0.586489 -0.051995
v 2.485239 -0.604136 -0.142485
v 2.500333 -0.597315 -0.137438
v 2.490595 -0.624706 -0.129025
v 2.504832 -0.618969 -0.123919
v 2.439385 -0.565942 -0.065472
v 2.450907 -0.558728 -0.058692
v 2.444793 -0.586489 -0.051995
v 2.455461 -0.580361 -0.045152
v 2.500333 -0.597315 -0.137438
v 2.515970 -0.590288 -0.132046
v 2.504832 -0.618969 -0.123919
v 2.519521 -0.613021 -0.118559
v 2.450907 -0.558728 -0.058692
v 2.462809 -0.551326 -0.051773
v 2.455461 -0.580361 -0.045152
v 2.466418 -0.574038 -0.038261
v 2.515970 -0.590288 -0.132046
v 2.532109 -0.583084 -0.126301
v 2.519521 -0.613021 -0.118559
v 2.534625 -0.606878 -0.112949
v 2.462809 -0.551326 -0.051773
v 2.475067 -0.543753 -0.044732
v 2.466418 -0.574038 -0.038261
v 2.477643 -0.567527 -0.031350
v 2.532109 -0.583084 -0.126301
v 2.548699 -0.575736 -0.120201
v 2.534625 -0.606878 -0.112948
v 2.550102 -0.600563 -0.107092
v 2.475067 -0.543753 -0.044732
v 2.487653 -0.536027 -0.037590
v 2.477643 -0.567527 -0.031350
v 2.489119 -0.560836 -0.024446
v 2.548699 -0.575736 -0.120201
v 2.565672 -0.568340 -0.113704
v 2.550102 -0.600563 -0.107092
v 2.565781 -0.594593 -0.100655
v 2.487653 -0.536027 -0.037590
v 2.500536 -0.528171 -0.030365
v 2.489119 -0.560836 -0.024446
v 2.500821 -0.553974 -0.017575
v 2.565672 -0.568340 -0.113704
v 2.581727 -0.566508 -0.102891
v 2.565781 -0.594593 -0.100655
v 2.580416 -0.593736 -0.090403
v 2.500536 -0.528171 -0.030365
v 2.514773 -0.524272 -0.018527
v 2.500821 -0.553974 -0.017575
v 2.513771 -0.551440 -0.005842
v 2.581727 -0.566508 -0.102891
v 2.598044 -0.564754 -0.091762
v 2.580416 -0.593736 -0.090403
v 2.595235 -0.592857 -0.079940
v 2.514773 -0.524272 -0.018527
v 2.529594 -0.521469 -0.005340
v 2.513771 -0.551440 -0.005842
v 2.527106 -0.549530 0.006697
v 2.598044 -0.564754 -0.091762
v 2.614560 -0.563098 -0.080353
v 2.595235 -0.592857 -0.079939
v 2.610188 -0.591964 -0.069295
v 2.529594 -0.521469 -0.005340
v 2.544683 -0.518807 0.008052
v 2.527106 -0.549530 0.006697
v 2.540644 -0.547651 0.019342
v 2.614560 -0.563098 -0.080353
v 2.631205 -0.561561 -0.068703
v 2.610188 -0.591964 -0.069295
v 2.625220 -0.591064 -0.058505
v 2.544683 -0.518807 0.008052
v 2.559979 -0.516313 0.021601
v 2.540644 -0.547651 0.019342
v 2.554336 -0.545817 0.032047
v 2.631205 -0.561561 -0.068703
v 2.647902 -0.560160 -0.056859
v 2.625220 -0.591064 -0.058505
v 2.640272 -0.590164 -0.047608
v 2.559979 -0.516313 0.021601
v 2.575410 -0.514010 0.035250
v 2.554336 -0.545817 0.032047
v 2.568129 -0.544039 0.044766
v 2.647902 -0.560160 -0.056859
v 2.664572 -0.558913 -0.044873
v 2.640272 -0.590164 -0.047608
v 2.655283 -0.589273 -0.036647
v 2.575410 -0.514010 0.035250
v 2.590900 -0.511918 0.048940
v 2.568129 -0.544039 0.044766
v 2.581966 -0.542330 0.057447
v 2.664572 -0.558913 -0.044873
v 2.680829 -0.558781 -0.032905
v 2.655283 -0.589273 -0.036647
v 2.669741 -0.589956 -0.025802
v 2.590901 -0.511918 0.048940
v 2.606370 -0.510056 0.062601
v 2.581967 -0.542330 0.057447
v 2.595788 -0.540702 0.070033
v 2.680829 -0.558781 -0.032905
v 2.695048 -0.564740 -0.021605
v 2.669741 -0.589956 -0.025802
v 2.682481 -0.596018 -0.015475
v 2.606371 -0.510056 0.062601
v 2.622522 -0.515300 0.077682
v 2.595788 -0.540702 0.070033
v 2.610545 -0.546752 0.084292
v 2.695048 -0.564740 -0.021605
v 2.709034 -0.570713 -0.010413
v 2.682481 -0.596018 -0.015475
v 2.694999 -0.601948 -0.005248
v 2.622522 -0.515300 0.077683
v 2.638642 -0.521610 0.092652
v 2.610545 -0.546752 0.084292
v 2.625209 -0.553068 0.098296
v 2.709034 -0.570713 -0.010413
v 2.722708 -0.576668 0.000610
v 2.694999 -0.601948 -0.005248
v 2.707236 -0.607719 0.004832
v 2.638642 -0.521610 0.092652
v 2.654536 -0.528198 0.107238
v 2.625209 -0.553068 0.098296
v 2.639673 -0.559522 0.111934
v 2.722708 -0.576668 0.000610
v 2.735987 -0.582568 0.011399
v 2.707236 -0.607719 0.004832
v 2.719127 -0.613303 0.014711
v 2.654536 -0.528198 0.107238
v 2.670085 -0.535004 0.121334
v 2.639673 -0.559522 0.111934
v 2.653838 -0.566061 0.125113
v 2.735987 -0.582568 0.011399
v 2.748784 -0.588370 0.021887
v 2.719127 -0.613304 0.014711
v 2.730603 -0.618671 0.024336
v 2.670085 -0.535004 0.121334
v 2.685169 -0.541958 0.134837
v 2.653838 -0.566061 0.125113
v 2.667600 -0.572626 0.137742
v 2.748784 -0.588370 0.021887
v 2.761008 -0.594027 0.032007
v 2.730603 -0.618671 0.024336
v 2.741592 -0.623789 0.033646
v 2.685169 -0.541958 0.134837
v 2.699662 -0.548976 0.147642
v 2.667601 -0.572626 0.137742
v 2.680855 -0.579148 0.149725
v 2.761008 -0.594027 0.032007
v 2.772567 -0.599488 0.041686
v 2.741592 -0.623789 0.033646
v 2.752017 -0.628624 0.042580
v 2.699662 -0.548976 0.147642
v 2.713442 -0.555962 0.159647
v 2.680855 -0.579148 0.149725
v 2.693495 -0.585548 0.160971
v 2.772567 -0.599488 0.041686
v 2.782402 -0.606821 0.048388
v 2.752017 -0.628624 0.042580
v 2.760888 -0.635931 0.048268
v 2.713442 -0.555962 0.159647
v 2.726361 -0.564007 0.169981
v 2.693495 -0.585548 0.160971
v 2.705513 -0.593654 0.170316
v 2.782402 -0.606821 0.048388
v 2.790799 -0.615146 0.052975
v 2.760888 -0.635931 0.048268
v 2.768730 -0.643820 0.052506
v 2.726361 -0.564007 0.169981
v 2.738308 -0.575257 0.177047
v 2.705513 -0.593654 0.170316
v 2.716904 -0.604496 0.177000
v 2.790799 -0.615146 0.052975
v 2.798955 -0.623259 0.057473
v 2.768730 -0.643820 0.052506
v 2.776362 -0.651472 0.056691
v 2.738308 -0.575257 0.177047
v 2.749940 -0.586369 0.183698
v 2.716904 -0.604496 0.177000
v 2.728012 -0.615172 0.183306
v 2.798955 -0.623259 0.057473
v 2.807144 -0.631414 0.061975
v 2.776362 -0.651472 0.056691
v 2.784030 -0.659148 0.060906
v 2.749940 -0.586370 0.183698
v 2.761596 -0.597651 0.190183
v 2.728012 -0.615172 0.183306
v 2.739143 -0.625998 0.189471
v 2.807144 -0.631414 0.061975
v 2.815366 -0.639613 0.066479
v 2.784030 -0.659148 0.060906
v 2.791733 -0.666849 0.065150
v 2.761596 -0.597651 0.190183
v 2.773269 -0.609097 0.196493
v 2.739143 -0.625998 0.189471
v 2.750294 -0.636969 0.195487
v 2.815366 -0.639613 0.066479
v 2.823619 -0.647856 0.070981
v 2.791733 -0.666849 0.065150
v 2.799471 -0.674578 0.069419
v 2.773269 -0.609098 0.196493
v 2.784952 -0.620704 0.202625
v 2.750294 -0.636969 0.195487
v 2.761457 -0.648083 0.201351
v 2.823619 -0.647856 0.070981
v 2.831903 -0.656145 0.075479
v 2.799471 -0.674578 0.069419
v 2.807245 -0.682336 0.073711
v 2.784952 -0.620704 0.202625
v 2.796638 -0.632466 0.208570
v 2.761457 -0.648083 0.201351
v 2.772626 -0.659334 0.207056
v 2.831903 -0.656145 0.075479
v 2.840217 -0.664481 0.079970
v 2.807245 -0.682336 0.073711
v 2.815054 -0.690126 0.078023
v 2.796638 -0.632466 0.208570
v 2.808319 -0.644377 0.214325
v 2.772626 -0.659334 0.207056
v 2.783795 -0.670719 0.212597
v 2.840217 -0.664481 0.079970
v 2.848560 -0.672864 0.084450
v 2.815054 -0.690126 0.078023
v 2.822898 -0.697950 0.082353
v 2.808319 -0.644377 0.214325
v 2.819988 -0.656433 0.219884
v 2.783795 -0.670719 0.212597
v 2.794957 -0.682233 0.217970
v 2.848560 -0.672864 0.084450
v 2.856929 -0.681295 0.088916
v 2.822898 -0.697950 0.082353
v 2.830776 -0.705808 0.086698
v 2.819988 -0.656433 0.219884
v 2.831639 -0.668628 0.225241
v 2.794957 -0.682233 0.217970
v 2.806107 -0.693871 0.223169
v 2.856929 -0.681295 0.088916
v 2.864742 -0.689926 0.090857
v 2.830776 -0.705808 0.086698
v 2.838199 -0.714209 0.087892
v 2.831639 -0.668628 0.225241
v 2.843147 -0.681018 0.229796
v 2.806107 -0.693871 0.223169
v 2.817092 -0.705891 0.226917
v 2.864742 -0.689926 0.090857
v 2.871956 -0.698749 0.090136
v 2.838199 -0.714209 0.087892
v 2.845344 -0.722949 0.087164
v 2.843147 -0.681018 0.229796
v 2.853774 -0.693973 0.229598
v 2.817092 -0.705891 0.226917
v 2.827651 -0.718765 0.226684
v 2.871956 -0.698749 0.090136
v 2.879189 -0.707596 0.089435
v 2.845344 -0.722949 0.087164
v 2.852509 -0.731712 0.086462
v 2.853774 -0.693973 0.229598
v 2.864431 -0.706966 0.229213
v 2.827651 -0.718765 0.226684
v 2.838240 -0.731676 0.226267
v 2.879189 -0.707596 0.089435
v 2.886444 -0.716467 0.088754
v 2.852509 -0.731712 0.086462
v 2.859694 -0.740500 0.085782
v 2.864431 -0.706966 0.229213
v 2.875113 -0.719989 0.228639
v 2.838240 -0.731676 0.226267
v 2.848853 -0.744616 0.225666
v 2.886444 -0.716467 0.088754
v 2.893719 -0.725364 0.088088
v 2.859694 -0.740500 0.085782
v 2.866900 -0.749313 0.085123
v 2.875113 -0.719989 0.228639
v 2.885816 -0.733038 0.227875
v 2.848853 -0.744616 0.225666
v 2.859487 -0.757581 0.224878
v 2.893719 -0.725364 0.088088
v 2.901015 -0.734287 0.087438
v 2.866900 -0.749313 0.085123
v 2.874127 -0.758153 0.084484
v 2.885816 -0.733038 0.227875
v 2.896535 -0.746107 0.226917
v 2.859487 -0.757581 0.224878
v 2.870136 -0.770565 0.223901
v 2.901015 -0.734287 0.087438
v 2.908333 -0.743235 0.086801
v 2.874127 -0.758153 0.084484
v 2.881377 -0.767018 0.083861
v 2.896535 -0.746107 0.226917
v 2.907265 -0.759190 0.225765
v 2.870136 -0.770565 0.223901
v 2.880796 -0.783562 0.222734
v 2.908333 -0.743235 0.086801
v 2.915672 -0.752210 0.086176
v 2.881377 -0.767018 0.083861
v 2.888648 -0.775911 0.083254
v 2.907265 -0.759190 0.225765
v 2.918002 -0.772280 0.224418
v 2.880796 -0.783562 0.222734
v 2.891462 -0.796567 0.221376
v 2.915672 -0.752210 0.086176
v 2.923033 -0.761212 0.085559
v 2.888648 -0.775911 0.083254
v 2.895942 -0.784830 0.082660
v 2.918002 -0.772280 0.224418
v 2.928740 -0.785373 0.222874
v 2.891462 -0.796567 0.221376
v 2.902129 -0.809574 0.219826
v 2.923033 -0.761212 0.085559
v 2.930417 -0.770240 0.084949
v 2.895942 -0.784830 0.082660
v 2.903259 -0.793778 0.082077
v 2.928740 -0.785373 0.222874
v 2.939475 -0.798462 0.221134
v 2.902129 -0.809574 0.219826
v 2.912793 -0.822578 0.218083
v 2.930417 -0.770240 0.084949
v 2.937823 -0.779295 0.084345
v 2.903259 -0.793778 0.082077
v 2.910598 -0.802752 0.081503
v 2.939475 -0.798462 0.221134
v 2.950201 -0.811542 0.219196
v 2.912793 -0.822578 0.218083
v 2.923449 -0.835571 0.216147
v 2.937823 -0.779295 0.084345
v 2.944804 -0.786405 0.080266
v 2.910598 -0.802752 0.081503
v 2.917755 -0.809836 0.076731
v 2.950201 -0.811542 0.219196
v 2.960379 -0.823156 0.215292
v 2.923449 -0.835571 0.216147
v 2.933590 -0.846897 0.211628
v 2.944804 -0.786405 0.080266
v 2.951689 -0.793108 0.075448
v 2.917755 -0.809836 0.076731
v 2.924904 -0.816849 0.071777
v 2.960379 -0.823156 0.215292
v 2.969916 -0.832970 0.209114
v 2.933590 -0.846897 0.211628
v 2.943393 -0.857015 0.205303
v 2.951689 -0.793108 0.075448
v 2.958576 -0.799839 0.070661
v 2.924904 -0.816849 0.071777
v 2.932057 -0.823882 0.066842
v 2.969916 -0.832970 0.209114
v 2.979474 -0.842740 0.202845
v 2.943393 -0.857015 0.205303
v 2.953219 -0.867080 0.198875
v 2.958576 -0.799839 0.070661
v 2.965464 -0.806598 0.065903
v 2.932057 -0.823882 0.066842
v 2.939213 -0.830937 0.061924
v 2.979474 -0.842740 0.202845
v 2.989050 -0.852463 0.196487
v 2.953219 -0.867080 0.198875
v 2.963065 -0.877090 0.192345
v 2.965464 -0.806598 0.065903
v 2.972355 -0.813387 0.061173
v 2.939213 -0.830937 0.061924
v 2.946374 -0.838013 0.057023
v 2.989050 -0.852463 0.196487
v 2.998644 -0.862136 0.190041
v 2.963065 -0.877090 0.192345
v 2.972929 -0.887042 0.185715
v 2.972355 -0.813387 0.061173
v 2.979250 -0.820206 0.056471
v 2.946374 -0.838013 0.057023
v 2.953539 -0.845111 0.052138
v 2.998644 -0.862136 0.190041
v 3.008252 -0.871756 0.183506
v 2.972929 -0.887042 0.185715
v 2.982809 -0.896933 0.178987
v 2.979250 -0.820206 0.056471
v 2.986150 -0.827055 0.051795
v 2.953539 -0.845111 0.052138
v 2.960710 -0.852231 0.047268
v 3.008252 -0.871756 0.183506
v 3.017873 -0.881321 0.176885
v 2.982809 -0.896933 0.178987
v 2.992702 -0.906760 0.172160
v 2.986150 -0.827055 0.051795
v 2.993055 -0.833936 0.047145
v 2.960710 -0.852231 0.047268
v 2.967887 -0.859373 0.042413
v 3.017873 -0.881321 0.176885
v 3.027504 -0.890828 0.170177
v 2.992702 -0.906760 0.172160
v 3.002605 -0.916520 0.165236
v 2.993055 -0.833936 0.047145
v 2.999966 -0.840847 0.042519
v 2.967887 -0.859373 0.042413
v 2.975070 -0.866537 0.037571
v 3.027504 -0.890828 0.170177
v 3.037143 -0.900276 0.163386
v 3.002605 -0.916520 0.165236
v 3.012516 -0.926211 0.158218
v 2.999966 -0.840847 0.042519
v 3.006884 -0.847791 0.037917
v 2.975070 -0.866537 0.037571
v 2.982260 -0.873723 0.032741
v 3.037143 -0.900276 0.163386
v 3.046789 -0.909661 0.156511
v 3.012516 -0.926211 0.158218
v 3.022434 -0.935830 0.151105
v 3.006884 -0.847791 0.037917
v 3.013811 -0.854766 0.033337
v 2.982260 -0.873723 0.032741
v 2.989458 -0.880932 0.027924
v 3.046789 -0.909661 0.156511
v 3.056439 -0.918982 0.149554
v 3.022434 -0.935830 0.151105
v 3.032354 -0.945374 0.143901
v 3.013811 -0.854766 0.033337
v 3.020808 -0.860142 0.027843
v 2.989458 -0.880932 0.027924
v 2.996869 -0.886116 0.021774
v 3.056439 -0.918982 0.149554
v 3.066037 -0.927952 0.142441
v 3.032354 -0.945374 0.143901
v 3.042148 -0.953967 0.136326
v 3.020808 -0.860142 0.027843
v 3.027878 -0.863385 0.021130
v 2.996869 -0.886116 0.021774
v 3.004430 -0.889742 0.014603
v 3.066037 -0.927952 0.142441
v 3.074820 -0.932524 0.134132
v 3.042148 -0.953967 0.136326
v 3.051424 -0.958919 0.127558
v 3.027878 -0.863385 0.021130
v 3.034928 -0.866668 0.014443
v 3.004430 -0.889742 0.014603
v 3.011978 -0.893388 0.007449
v 3.074820 -0.932524 0.134132
v 3.083605 -0.937069 0.125816
v 3.051424 -0.958919 0.127558
v 3.060707 -0.963824 0.118774
v 3.034928 -0.866668 0.014443
v 3.041960 -0.869993 0.007781
v 3.011978 -0.893388 0.007449
v 3.019514 -0.897055 0.000312
v 3.083605 -0.937069 0.125816
v 3.092391 -0.941586 0.117495
v 3.060707 -0.963824 0.118774
v 3.069997 -0.968682 0.109977
v 3.041960 -0.869993 0.007781
v 3.048975 -0.873359 0.001144
v 3.019514 -0.897055 0.000312
v 3.027037 -0.900745 -0.006810
v 3.092391 -0.941586 0.117495
v 3.101179 -0.946074 0.109170
v 3.069997 -0.968682 0.109977
v 3.079293 -0.973492 0.101166
v 3.048975 -0.873359 0.001144
v 3.055974 -0.876768 -0.005470
v 3.027037 -0.900745 -0.006810
v 3.034549 -0.904457 -0.013916
v 3.101179 -0.946074 0.109170
v 3.109966 -0.950535 0.100840
v 3.079293 -0.973492 0.101166
v 3.088594 -0.978254 0.092343
v 3.055974 -0.876768 -0.005470
v 3.062956 -0.880221 -0.012062
v 3.034549 -0.904457 -0.013916
v 3.042049 -0.908192 -0.021007
v 3.109966 -0.950535 0.100840
v 3.118752 -0.954969 0.092506
v 3.088594 -0.978254 0.092343
v 3.097898 -0.982968 0.083509
v 3.062956 -0.880221 -0.012062
v 3.069925 -0.883718 -0.018631
v 3.042049 -0.908192 -0.021007
v 3.049539 -0.911951 -0.028084
v 3.118752 -0.954969 0.092506
v 3.127538 -0.959374 0.084169
v 3.097898 -0.982968 0.083509
v 3.107206 -0.987633 0.074664
v 3.069925 -0.883718 -0.018631
v 3.076879 -0.887261 -0.025179
v 3.049539 -0.911951 -0.028084
v 3.057018 -0.915734 -0.035145
v 3.127538 -0.959374 0.084169
v 3.136322 -0.963753 0.075830
v 3.107206 -0.987633 0.074664
v 3.116515 -0.992249 0.065811
v 3.076879 -0.887261 -0.025179
v 3.083820 -0.890850 -0.031707
v 3.057018 -0.915734 -0.035145
v 3.064488 -0.919543 -0.042194
v 3.136322 -0.963753 0.075830
v 3.145104 -0.968103 0.067490
v 3.116515 -0.992249 0.065811
v 3.125825 -0.996818 0.056950
v 3.083820 -0.890850 -0.031707
v 3.090750 -0.894486 -0.038216
v 3.064488 -0.919543 -0.042194
v 3.071948 -0.923378 -0.049228
v 3.145104 -0.968103 0.067490
v 3.153883 -0.972426 0.059148
v 3.125825 -0.996818 0.056950
v 3.135135 -1.001337 0.048082
v 3.090750 -0.894486 -0.038216
v 3.097669 -0.898170 -0.044707
v 3.071948 -0.923378 -0.049228
v 3.079400 -0.927239 -0.056250
v 3.153883 -0.972426 0.059148
v 3.162659 -0.976722 0.050806
v 3.135135 -1.001337 0.048082
v 3.144444 -1.005807 0.039208
v 3.097669 -0.898170 -0.044707
v 3.104863 -0.900005 -0.051085
v 3.079400 -0.927239 -0.056250
v 3.087320 -0.928705 -0.063245
v 3.162659 -0.976722 0.050806
v 3.171373 -0.980567 0.042600
v 3.144444 -1.005807 0.039208
v 3.153655 -1.009219 0.030616
v 3.104863 -0.900005 -0.051085
v 3.112351 -0.899701 -0.057345
v 3.087320 -0.928705 -0.063245
v 3.095532 -0.928580 -0.070218
v 3.171373 -0.980567 0.042600
v 3.179531 -0.980409 0.035690
v 3.153655 -1.009219 0.030616
v 3.162533 -1.009247 0.022992
v 3.112351 -0.899701 -0.057345
v 3.119795 -0.899456 -0.063598
v 3.095532 -0.928580 -0.070218
v 3.103711 -0.928486 -0.077181
v 3.179531 -0.980409 0.035690
v 3.187654 -0.980284 0.028792
v 3.162533 -1.009247 0.022992
v 3.171389 -1.009280 0.015384
v 3.119795 -0.899456 -0.063598
v 3.127196 -0.899270 -0.069848
v 3.103711 -0.928486 -0.077181
v 3.111858 -0.928425 -0.084133
v 3.187654 -0.980284 0.028792
v 3.195744 -0.980194 0.021904
v 3.171389 -1.009280 0.015384
v 3.180223 -1.009320 0.007792
v 3.127196 -0.899270 -0.069848
v 3.134555 -0.899146 -0.076095
v 3.111858 -0.928425 -0.084133
v 3.119974 -0.928396 -0.091076
v 3.195744 -0.980194 0.021904
v 3.203802 -0.980138 0.015025
v 3.180223 -1.009320 0.007792
v 3.189034 -1.009367 0.000214
v 3.134555 -0.899146 -0.076095
v 3.141873 -0.899085 -0.082341
v 3.119974 -0.928396 -0.091076
v 3.128058 -0.928402 -0.098011
v 3.203802 -0.980138 0.015025
v 3.211826 -0.980120 0.008154
v 3.189034 -1.009367 0.000214
v 3.197822 -1.009423 -0.007348
v 3.141873 -0.899085 -0.082341
v 3.149153 -0.899086 -0.088587
v 3.128058 -0.928402 -0.098011
v 3.136111 -0.928443 -0.104940
v 3.211826 -0.980120 0.008154
v 3.219820 -0.980139 0.001289
v 3.197822 -1.009423 -0.007348
v 3.206587 -1.009488 -0.014896
v 3.149153 -0.899086 -0.088587
v 3.156394 -0.899153 -0.094836
v 3.136111 -0.928443 -0.104940
v 3.144135 -0.928521 -0.111862
v 3.219820 -0.980139 0.001289
v 3.227782 -0.980197 -0.005570
v 3.206587 -1.009488 -0.014896
v 3.215330 -1.009564 -0.022430
v 3.156394 -0.899153 -0.094836
v 3.163598 -0.899286 -0.101089
v 3.144135 -0.928521 -0.111862
v 3.152129 -0.928637 -0.118780
v 3.227782 -0.980197 -0.005570
v 3.235713 -0.980294 -0.012424
v 3.215330 -1.009564 -0.022430
v 3.224050 -1.009652 -0.029952
v 3.163598 -0.899286 -0.101089
v 3.170767 -0.899485 -0.107348
v 3.152129 -0.928637 -0.118780
v 3.160095 -0.928791 -0.125694
v 3.235713 -0.980294 -0.012424
v 3.243615 -0.980433 -0.019275
v 3.224050 -1.009652 -0.029952
v 3.232746 -1.009752 -0.037460
v 3.170767 -0.899485 -0.107348
v 3.177902 -0.899752 -0.113615
v 3.160095 -0.928791 -0.125694
v 3.168032 -0.928986 -0.132605
v 3.243615 -0.980433 -0.019275
v 3.251487 -0.980614 -0.026124
v 3.232746 -1.009752 -0.037460
v 3.241420 -1.009867 -0.044957
v 3.177902 -0.899752 -0.113615
v 3.185003 -0.900088 -0.119890
v 3.168032 -0.928986 -0.132605
v 3.175942 -0.929220 -0.139515
v 3.251487 -0.980614 -0.026124
v 3.259332 -0.980837 -0.032972
v 3.241420 -1.009867 -0.044957
v 3.250071 -1.009996 -0.052442
v 3.185003 -0.900088 -0.119890
v 3.192476 -0.898535 -0.124663
v 3.175942 -0.929220 -0.139515
v 3.184470 -0.927034 -0.144647
v 3.259332 -0.980837 -0.032972
v 3.266969 -0.980506 -0.039077
v 3.250071 -1.009996 -0.052442
v 3.258454 -1.009091 -0.058675
v 3.192476 -0.898535 -0.124663
v 3.200206 -0.895468 -0.128247
v 3.184470 -0.927034 -0.144647
v 3.193236 -0.923774 -0.148983
v 3.266969 -0.980506 -0.039077
v 3.273738 -0.977589 -0.041915
v 3.258454 -1.009091 -0.058675
v 3.266249 -1.005996 -0.062282
v 3.200206 -0.895468 -0.128247
v 3.207859 -0.892482 -0.131885
v 3.193236 -0.923774 -0.148983
v 3.201941 -0.920564 -0.153340
v 3.273738 -0.977589 -0.041915
v 3.280413 -0.974783 -0.044837
v 3.266249 -1.005996 -0.062282
v 3.273968 -1.002981 -0.065939
v 3.207859 -0.892482 -0.131885
v 3.215438 -0.889578 -0.135581
v 3.201941 -0.920564 -0.153340
v 3.210588 -0.917406 -0.157722
v 3.280413 -0.974783 -0.044837
v 3.286996 -0.972087 -0.047847
v 3.273968 -1.002981 -0.065939
v 3.281612 -1.000047 -0.069653
v 3.215438 -0.889578 -0.135581
v 3.222944 -0.886758 -0.139338
v 3.210588 -0.917406 -0.157722
v 3.219176 -0.914301 -0.162130
v 3.286996 -0.972087 -0.047847
v 3.293494 -0.969503 -0.050951
v 3.281612 -1.000047 -0.069653
v 3.289184 -0.997194 -0.073425
v 3.222944 -0.886758 -0.139338
v 3.230383 -0.884020 -0.143162
v 3.219176 -0.914301 -0.162130
v 3.227709 -0.911250 -0.166570
v 3.293494 -0.969503 -0.050951
v 3.299908 -0.967031 -0.054154
v 3.289184 -0.997194 -0.073425
v 3.296688 -0.994423 -0.077261
v 3.230383 -0.884020 -0.143162
v 3.237755 -0.881366 -0.147056
v 3.227709 -0.911250 -0.166570
v 3.236187 -0.908254 -0.171042
v 3.299908 -0.967031 -0.054154
v 3.306246 -0.964671 -0.057461
v 3.296688 -0.994423 -0.077261
v 3.304125 -0.991734 -0.081165
v 3.237755 -0.881366 -0.147056
v 3.245065 -0.878797 -0.151024
v 3.236187 -0.908254 -0.171042
v 3.244612 -0.905313 -0.175552
v 3.306246 -0.964671 -0.057461
v 3.312510 -0.962422 -0.060876
v 3.304125 -0.991734 -0.081165
v 3.311500 -0.989128 -0.085140
v 3.245065 -0.878797 -0.151024
v 3.252316 -0.876312 -0.155070
v 3.244612 -0.905313 -0.175552
v 3.252987 -0.902428 -0.180101
v 3.312510 -0.962422 -0.060876
v 3.318706 -0.960285 -0.064403
v 3.311500 -0.989128 -0.085140
v 3.318816 -0.986605 -0.089190
v 3.252316 -0.876312 -0.155070
v 3.259511 -0.873912 -0.159197
v 3.252987 -0.902428 -0.180101
v 3.261312 -0.899600 -0.184694
v 3.318706 -0.960286 -0.064403
v 3.324838 -0.958260 -0.068048
v 3.318816 -0.986605 -0.089190
v 3.326075 -0.984166 -0.093319
v 3.259511 -0.873912 -0.159197
v 3.266655 -0.871596 -0.163410
v 3.261312 -0.899601 -0.184694
v 3.269590 -0.896830 -0.189332
v 3.324838 -0.958260 -0.068048
v 3.330913 -0.956344 -0.071814
v 3.326075 -0.984166 -0.093319
v 3.333282 -0.981809 -0.097531
v 3.266655 -0.871596 -0.163410
v 3.274094 -0.868461 -0.165635
v 3.269590 -0.896830 -0.189332
v 3.278246 -0.892934 -0.191251
v 3.330913 -0.956344 -0.071814
v 3.336867 -0.954486 -0.075448
v 3.333282 -0.981809 -0.097531
v 3.340159 -0.979329 -0.100784
v 3.274094 -0.868461 -0.165635
v 3.281947 -0.864099 -0.165021
v 3.278246 -0.892935 -0.191251
v 3.287185 -0.888105 -0.190955
v 3.336867 -0.954486 -0.075448
v 3.341304 -0.951593 -0.073754
v 3.340159 -0.979329 -0.100784
v 3.345672 -0.975974 -0.099450
v 3.281947 -0.864100 -0.165021
v 3.289721 -0.859780 -0.164534
v 3.287185 -0.888105 -0.190955
v 3.296057 -0.883310 -0.190734
v 3.341304 -0.951593 -0.073754
v 3.345625 -0.948768 -0.072351
v 3.345672 -0.975974 -0.099450
v 3.351083 -0.972679 -0.098355
v 3.289721 -0.859781 -0.164534
v 3.297422 -0.855502 -0.164178
v 3.296057 -0.883310 -0.190734
v 3.304862 -0.878549 -0.190591
v 3.345625 -0.948768 -0.072351
v 3.349844 -0.946007 -0.071246
v 3.351083 -0.972679 -0.098355
v 3.356400 -0.969441 -0.097505
v 3.297422 -0.855502 -0.164178
v 3.305055 -0.851263 -0.163959
v 3.304862 -0.878549 -0.190591
v 3.313606 -0.873820 -0.190532
v 3.349844 -0.946007 -0.071246
v 3.353971 -0.943305 -0.070444
v 3.356400 -0.969441 -0.097505
v 3.361633 -0.966255 -0.096906
v 3.305055 -0.851263 -0.163959
v 3.312625 -0.847060 -0.163881
v 3.313606 -0.873820 -0.190532
v 3.322292 -0.869124 -0.190561
v 3.353970 -0.943305 -0.070444
v 3.358018 -0.940658 -0.069952
v 3.361633 -0.966255 -0.096906
v 3.366794 -0.963117 -0.096563
v 3.312625 -0.847060 -0.163881
v 3.320138 -0.842892 -0.163948
v 3.322292 -0.869124 -0.190561
v 3.330922 -0.864457 -0.190681
v 3.358018 -0.940658 -0.069952
v 3.362000 -0.938058 -0.069775
v 3.366794 -0.963117 -0.096563
v 3.371891 -0.960023 -0.096482
v 3.320138 -0.842892 -0.163948
v 3.327599 -0.838755 -0.164165
v 3.330922 -0.864457 -0.190681
v 3.339501 -0.859819 -0.190898
v 3.361999 -0.938058 -0.069775
v 3.365927 -0.935502 -0.069916
v 3.371891 -0.960023 -0.096482
v 3.376937 -0.956967 -0.096666
v 3.327599 -0.838755 -0.164165
v 3.335016 -0.834647 -0.164535
v 3.339501 -0.859819 -0.190898
v 3.348033 -0.855208 -0.191213
v 3.365927 -0.935502 -0.069916
v 3.369814 -0.932984 -0.070381
v 3.376937 -0.956967 -0.096665
v 3.381942 -0.953947 -0.097119
v 3.335016 -0.834647 -0.164535
v 3.342395 -0.830566 -0.165062
v 3.348033 -0.855208 -0.191213
v 3.356522 -0.850623 -0.191632
v 3.369814 -0.932984 -0.070381
v 3.373673 -0.930497 -0.071172
v 3.381942 -0.953947 -0.097119
v 3.386916 -0.950956 -0.097844
v 3.342395 -0.830566 -0.165062
v 3.350093 -0.826504 -0.164966
v 3.356522 -0.850623 -0.191632
v 3.365391 -0.846184 -0.190628
v 3.373673 -0.930497 -0.071172
v 3.377518 -0.928036 -0.072291
v 3.386916 -0.950956 -0.097844
v 3.391871 -0.947990 -0.098846
v 3.350093 -0.826504 -0.164966
v 3.360069 -0.822422 -0.159826
v 3.365391 -0.846184 -0.190628
v 3.375382 -0.842095 -0.185486
v 3.377518 -0.928036 -0.072291
v 3.384120 -0.925212 -0.069026
v 3.391871 -0.947990 -0.098846
v 3.399085 -0.945040 -0.094751
v 3.360069 -0.822422 -0.159826
v 3.370030 -0.818342 -0.154693
v 3.375382 -0.842095 -0.185486
v 3.385358 -0.838009 -0.180350
v 3.384119 -0.925212 -0.069026
v 3.391548 -0.922239 -0.064384
v 3.399085 -0.945040 -0.094751
v 3.406527 -0.942055 -0.090112
v 3.370030 -0.818342 -0.154693
v 3.379976 -0.814266 -0.149565
v 3.385358 -0.838009 -0.180350
v 3.395319 -0.833926 -0.175219
v 3.391548 -0.922239 -0.064384
v 3.398952 -0.919229 -0.059787
v 3.406527 -0.942055 -0.090112
v 3.413945 -0.939033 -0.085517
v 3.379976 -0.814266 -0.149565
v 3.389907 -0.810192 -0.144443
v 3.395319 -0.833926 -0.175219
v 3.405265 -0.829845 -0.170094
v 3.398952 -0.919229 -0.059787
v 3.406332 -0.916181 -0.055234
v 3.413945 -0.939033 -0.085517
v 3.421339 -0.935972 -0.080966
v 3.389907 -0.810192 -0.144443
v 3.400048 -0.806062 -0.139200
v 3.405265 -0.829845 -0.170095
v 3.415415 -0.825699 -0.164835
v 3.406332 -0.916181 -0.055234
v 3.413853 -0.913004 -0.050654
v 3.421339 -0.935972 -0.080966
v 3.428867 -0.932773 -0.076375
v 3.400048 -0.806062 -0.139200
v 3.410771 -0.801781 -0.133623
v 3.415414 -0.825699 -0.164835
v 3.426125 -0.821376 -0.159207
v 3.413853 -0.913004 -0.050654
v 3.421784 -0.909540 -0.045936
v 3.428866 -0.932773 -0.076375
v 3.436786 -0.929260 -0.071612
v 3.410770 -0.801781 -0.133623
v 3.422007 -0.797374 -0.127746
v 3.426125 -0.821376 -0.159207
v 3.437329 -0.816901 -0.153245
v 3.421784 -0.909540 -0.045936
v 3.430086 -0.905799 -0.041111
v 3.436786 -0.929260 -0.071612
v 3.445058 -0.925444 -0.066707
v 3.422007 -0.797374 -0.127746
v 3.433682 -0.792865 -0.121608
v 3.437329 -0.816901 -0.153245
v 3.448953 -0.812298 -0.146990
v 3.430086 -0.905799 -0.041111
v 3.438716 -0.901796 -0.036210
v 3.445057 -0.925444 -0.066707
v 3.453639 -0.921340 -0.061694
v 3.433682 -0.792865 -0.121608
v 3.445726 -0.788275 -0.115248
v 3.448953 -0.812299 -0.146990
v 3.460928 -0.807593 -0.140481
v 3.438716 -0.901796 -0.036210
v 3.447633 -0.897543 -0.031262
v 3.453639 -0.921340 -0.061694
v 3.462491 -0.916963 -0.056601
v 3.445726 -0.788275 -0.115248
v 3.460905 -0.784182 -0.109038
v 3.460928 -0.807593 -0.140481
v 3.475825 -0.803755 -0.134473
v 3.447633 -0.897543 -0.031262
v 3.457795 -0.893182 -0.026347
v 3.462491 -0.916963 -0.056601
v 3.472996 -0.912676 -0.051691
v 3.460905 -0.784182 -0.109038
v 3.480625 -0.781032 -0.103267
v 3.475825 -0.803755 -0.134473
v 3.493626 -0.800879 -0.129031
v 3.457795 -0.893182 -0.026347
v 3.475348 -0.889622 -0.021834
v 3.472996 -0.912676 -0.051691
v 3.488632 -0.909405 -0.047518
v 3.480624 -0.781032 -0.103267
v 3.500815 -0.778133 -0.097538
v 3.493626 -0.800879 -0.129031
v 3.511849 -0.798146 -0.123544
v 3.475348 -0.889622 -0.021834
v 3.493337 -0.886094 -0.017374
v 3.488632 -0.909406 -0.047518
v 3.504654 -0.906058 -0.043310
v 3.500815 -0.778133 -0.097538
v 3.521377 -0.775513 -0.091890
v 3.511848 -0.798146 -0.123544
v 3.530414 -0.795578 -0.118046
v 3.493337 -0.886094 -0.017374
v 3.511688 -0.882626 -0.012992
v 3.504654 -0.906058 -0.043310
v 3.521007 -0.902656 -0.039089
v 3.521376 -0.775513 -0.091890
v 3.542210 -0.773194 -0.086358
v 3.530413 -0.795578 -0.118046
v 3.549242 -0.793196 -0.112569
v 3.511688 -0.882626 -0.012992
v 3.530324 -0.879243 -0.008713
v 3.521007 -0.902656 -0.039089
v 3.537634 -0.899226 -0.034877
v 3.542210 -0.773194 -0.086358
v 3.563215 -0.771190 -0.080972
v 3.549242 -0.793196 -0.112569
v 3.568254 -0.791017 -0.107143
v 3.530324 -0.879243 -0.008713
v 3.549168 -0.875968 -0.004559
v 3.537634 -0.899226 -0.034877
v 3.554482 -0.895789 -0.030693
v 3.563215 -0.771190 -0.080972
v 3.584296 -0.769513 -0.075757
v 3.568254 -0.791017 -0.107143
v 3.587373 -0.789053 -0.101792
v 3.549168 -0.875968 -0.004559
v 3.568148 -0.872822 -0.000550
v 3.554481 -0.895789 -0.030693
v 3.571492 -0.892370 -0.026559
v 3.584296 -0.769513 -0.075757
v 3.602887 -0.773609 -0.074453
v 3.587373 -0.789053 -0.101792
v 3.604643 -0.793436 -0.100624
v 3.568147 -0.872822 -0.000550
v 3.585968 -0.873655 0.000734
v 3.571492 -0.892370 -0.026559
v 3.587826 -0.893489 -0.025430
v 3.602887 -0.773609 -0.074453
v 3.620822 -0.779067 -0.074046
v 3.604643 -0.793436 -0.100624
v 3.621661 -0.798522 -0.099880
v 3.585968 -0.873655 0.000734
v 3.602818 -0.877490 -0.000052
v 3.587826 -0.893489 -0.025430
v 3.603756 -0.896954 -0.025881
v 3.620822 -0.779067 -0.074046
v 3.638614 -0.784598 -0.073668
v 3.621661 -0.798522 -0.099880
v 3.638570 -0.803649 -0.099132
v 3.602818 -0.877490 -0.000052
v 3.619590 -0.881307 -0.000890
v 3.603755 -0.896954 -0.025881
v 3.619642 -0.900369 -0.026351
v 3.638614 -0.784598 -0.073668
v 3.656211 -0.790183 -0.073320
v 3.638570 -0.803649 -0.099132
v 3.655323 -0.808802 -0.098384
v 3.619590 -0.881307 -0.000890
v 3.636237 -0.885098 -0.001777
v 3.619642 -0.900369 -0.026351
v 3.635441 -0.903729 -0.026839
v 3.656210 -0.790183 -0.073320
v 3.673564 -0.795803 -0.073001
v 3.655323 -0.808802 -0.098384
v 3.671874 -0.813965 -0.097639
v 3.636236 -0.885098 -0.001777
v 3.652714 -0.888853 -0.002709
v 3.635441 -0.903729 -0.026839
v 3.651113 -0.907030 -0.027347
v 3.673564 -0.795803 -0.073001
v 3.690629 -0.801439 -0.072712
v 3.671874 -0.813965 -0.097639
v 3.688183 -0.819125 -0.096899
v 3.652713 -0.888853 -0.002709
v 3.668979 -0.892565 -0.003683
v 3.651113 -0.907030 -0.027347
v 3.666619 -0.910267 -0.027871
v 3.690629 -0.801439 -0.072712
v 3.707366 -0.807074 -0.072451
v 3.688183 -0.819125 -0.096899
v 3.704212 -0.824265 -0.096167
v 3.668979 -0.892565 -0.003683
v 3.684995 -0.896225 -0.004695
v 3.666619 -0.910266 -0.027871
v 3.681922 -0.913435 -0.028412
v 3.707366 -0.807074 -0.072451
v 3.723738 -0.812688 -0.072217
v 3.704212 -0.824265 -0.096167
v 3.719925 -0.829373 -0.095444
v 3.684994 -0.896225 -0.004695
v 3.700725 -0.899827 -0.005740
v 3.681922 -0.913435 -0.028412
v 3.696990 -0.916531 -0.028969
v 3.723738 -0.812688 -0.072217
v 3.739713 -0.818265 -0.072010
v 3.719925 -0.829373 -0.095444
v 3.735290 -0.834434 -0.094732
v 3.700725 -0.899827 -0.005740
v 3.716138 -0.903364 -0.006813
v 3.696990 -0.916531 -0.028969
v 3.711789 -0.919553 -0.029540
v 3.739713 -0.818265 -0.072010
v 3.753403 -0.823243 -0.071694
v 3.735290 -0.834434 -0.094732
v 3.748812 -0.839004 -0.093929
v 3.716138 -0.903364 -0.006813
v 3.730452 -0.906612 -0.007860
v 3.711789 -0.919553 -0.029540
v 3.725861 -0.922373 -0.030094
v 3.753402 -0.823243 -0.071694
v 3.766323 -0.828011 -0.071349
v 3.748811 -0.839004 -0.093929
v 3.761829 -0.843436 -0.093109
v 3.730452 -0.906612 -0.007860
v 3.743861 -0.909604 -0.008873
v 3.725861 -0.922373 -0.030094
v 3.739367 -0.925029 -0.030634
v 3.766323 -0.828011 -0.071349
v 3.778866 -0.832673 -0.071000
v 3.761829 -0.843436 -0.093109
v 3.774471 -0.847763 -0.092287
v 3.743861 -0.909604 -0.008873
v 3.756894 -0.912490 -0.009885
v 3.739367 -0.925029 -0.030634
v 3.752498 -0.927579 -0.031172
v 3.778866 -0.832673 -0.071000
v 3.791019 -0.837222 -0.070650
v 3.774470 -0.847762 -0.092287
v 3.786721 -0.851976 -0.091465
v 3.756893 -0.912490 -0.009885
v 3.769533 -0.915269 -0.010890
v 3.752498 -0.927579 -0.031172
v 3.765235 -0.930023 -0.031705
v 3.791019 -0.837222 -0.070650
v 3.802770 -0.841649 -0.070300
v 3.786721 -0.851976 -0.091465
v 3.798569 -0.856071 -0.090647
v 3.769533 -0.915269 -0.010890
v 3.781768 -0.917939 -0.011886
v 3.765235 -0.930023 -0.031705
v 3.777566 -0.932361 -0.032232
v 3.802770 -0.841649 -0.070300
v 3.814110 -0.845948 -0.069953
v 3.798568 -0.856071 -0.090647
v 3.810004 -0.860042 -0.089836
v 3.781768 -0.917939 -0.011886
v 3.793586 -0.920501 -0.012868
v 3.777566 -0.932361 -0.032232
v 3.789481 -0.934595 -0.032751
v 3.814110 -0.845948 -0.069953
v 3.825035 -0.850114 -0.069608
v 3.810004 -0.860042 -0.089836
v 3.821023 -0.863884 -0.089035
v 3.793586 -0.920501 -0.012868
v 3.804982 -0.922956 -0.013834
v 3.789481 -0.934595 -0.032751
v 3.800970 -0.936727 -0.033260
v 3.825035 -0.850114 -0.069608
v 3.835540 -0.854140 -0.069269
v 3.821023 -0.863884 -0.089035
v 3.831621 -0.867594 -0.088249
v 3.804982 -0.922956 -0.013834
v 3.815949 -0.925305 -0.014779
v 3.800970 -0.936726 -0.033260
v 3.812030 -0.938758 -0.033758
v 3.835540 -0.854140 -0.069269
v 3.845628 -0.858023 -0.068937
v 3.831621 -0.867594 -0.088249
v 3.841799 -0.871167 -0.087480
v 3.815949 -0.925305 -0.014779
v 3.826487 -0.927551 -0.015700
v 3.812030 -0.938758 -0.033758
v 3.822658 -0.940695 -0.034243
v 3.845628 -0.858023 -0.068937
v 3.855299 -0.861760 -0.068613
v 3.841799 -0.871167 -0.087480
v 3.851558 -0.874603 -0.086732
v 3.826487 -0.927551 -0.015700
v 3.836597 -0.929697 -0.016594
v 3.822658 -0.940695 -0.034243
v 3.832855 -0.942540 -0.034713
v 3.855299 -0.861760 -0.068613
v 3.864562 -0.865347 -0.068300
v 3.851558 -0.874603 -0.086732
v 3.860905 -0.877900 -0.086008
v 3.836597 -0.929697 -0.016594
v 3.846282 -0.931747 -0.017458
v 3.832855 -0.942540 -0.034713
v 3.842626 -0.944300 -0.035167
v 3.864562 -0.865347 -0.068300
v 3.873424 -0.868783 -0.067998
v 3.860905 -0.877900 -0.086008
v 3.869848 -0.881057 -0.085313
v 3.846282 -0.931747 -0.017458
v 3.855551 -0.933706 -0.018287
v 3.842625 -0.944300 -0.035167
v 3.851976 -0.945980 -0.035602
v 3.873424 -0.868783 -0.067998
v 3.881897 -0.872067 -0.067711
v 3.869848 -0.881057 -0.085313
v 3.878400 -0.884074 -0.084650
v 3.855551 -0.933706 -0.018287
v 3.864413 -0.935581 -0.019079
v 3.851976 -0.945980 -0.035602
v 3.860915 -0.947588 -0.036018
v 3.881897 -0.872067 -0.067711
v 3.889997 -0.875198 -0.067439
v 3.878399 -0.884074 -0.084650
v 3.886572 -0.886953 -0.084022
v 3.864413 -0.935581 -0.019079
v 3.872880 -0.937376 -0.019830
v 3.860915 -0.947588 -0.036018
v 3.869455 -0.949131 -0.036412
v 3.889997 -0.875198 -0.067439
v 3.897739 -0.878178 -0.067184
v 3.886572 -0.886953 -0.084022
v 3.894384 -0.889695 -0.083432
v 3.872880 -0.937376 -0.019830
v 3.880968 -0.939101 -0.020536
v 3.869455 -0.949131 -0.036412
v 3.877612 -0.950618 -0.036784
v 3.897739 -0.878178 -0.067184
v 3.905145 -0.881007 -0.066949
v 3.894383 -0.889695 -0.083432
v 3.901854 -0.892303 -0.082886
v 3.880968 -0.939101 -0.020536
v 3.888695 -0.940762 -0.021195
v 3.877612 -0.950618 -0.036784
v 3.885404 -0.952059 -0.037131
v 3.905145 -0.881007 -0.066949
v 3.912238 -0.883688 -0.066735
v 3.901854 -0.892303 -0.082886
v 3.909006 -0.894781 -0.082385
v 3.888695 -0.940762 -0.021195
v 3.896084 -0.942369 -0.021802
v 3.885404 -0.952059 -0.037131
v 3.892852 -0.953463 -0.037453
v 3.912238 -0.883687 -0.066735
v 3.919044 -0.886223 -0.066543
v 3.909006 -0.894781 -0.082385
v 3.915866 -0.897133 -0.081934
v 3.896083 -0.942369 -0.021802
v 3.903158 -0.943932 -0.022356
v 3.892851 -0.953463 -0.037453
v 3.899980 -0.954842 -0.037747
v 3.919044 -0.886223 -0.066543
v 3.925593 -0.888617 -0.066377
v 3.915866 -0.897133 -0.081934
v 3.922462 -0.899363 -0.081537
v 3.903158 -0.943932 -0.022356
v 3.909944 -0.945461 -0.022851
v 3.899980 -0.954842 -0.037747
v 3.906814 -0.956208 -0.038012
v 3.925593 -0.888617 -0.066377
v 3.931916 -0.890874 -0.066237
v 3.922462 -0.899363 -0.081537
v 3.928826 -0.901478 -0.081197
v 3.909944 -0.945461 -0.022851
v 3.916473 -0.946968 -0.023286
v 3.906813 -0.956208 -0.038012
v 3.913384 -0.957573 -0.038246
v 3.931916 -0.890874 -0.066237
v 3.938047 -0.893000 -0.066126
v 3.928826 -0.901478 -0.081197
v 3.934992 -0.903485 -0.080919
v 3.916473 -0.946968 -0.023286
v 3.922777 -0.948465 -0.023657
v 3.913384 -0.957573 -0.038246
v 3.919723 -0.958950 -0.038449
v 3.938047 -0.893000 -0.066126
v 3.944025 -0.895000 -0.066046
v 3.934992 -0.903485 -0.080919
v 3.940997 -0.905391 -0.080704
v 3.922777 -0.948465 -0.023657
v 3.928893 -0.949964 -0.023960
v 3.919723 -0.958950 -0.038449
v 3.925866 -0.960355 -0.038619
v 3.944025 -0.895000 -0.066046
v 3.949889 -0.896882 -0.065998
v 3.940997 -0.905391 -0.080704
v 3.946882 -0.907204 -0.080559
v 3.928893 -0.949964 -0.023960
v 3.934859 -0.951480 -0.024193
v 3.925866 -0.960355 -0.038619
v 3.931852 -0.961802 -0.038754
v 3.949889 -0.896882 -0.065998
v 3.955684 -0.898654 -0.065985
v 3.946882 -0.907204 -0.080559
v 3.952689 -0.908933 -0.080486
v 3.934859 -0.951480 -0.024193
v 3.940716 -0.953027 -0.024352
v 3.931852 -0.961802 -0.038754
v 3.937721 -0.963307 -0.038853
v 3.955684 -0.898654 -0.065985
v 3.961456 -0.900325 -0.066008
v 3.952689 -0.908933 -0.080486
v 3.958466 -0.910589 -0.080489
v 3.940716 -0.953027 -0.024352
v 3.946508 -0.954621 -0.024434
v 3.937721 -0.963307 -0.038853
v 3.943518 -0.964886 -0.038915
vn 0.2815 -0.4856 -0.8276
vn 0.4475 -0.6966 0.5608
vn -0.3136 0.4649 0.8279
vn -0.4558 0.6913 -0.5607
vn -0.8411 -0.5408 0.0081
vn 0.8411 0.5408 -0.0081
vn 0.2509 -0.5044 -0.8262
vn 0.4397 -0.7015 0.5608
vn -0.3434 0.4449 0.8271
vn -0.4635 0.6862 -0.5606
vn 0.2239 -0.5202 -0.8241
vn 0.4328 -0.7058 0.5608
vn -0.3691 0.4269 0.8256
vn -0.4703 0.6817 -0.5604
vn 0.2016 -0.5329 -0.8218
vn 0.4271 -0.7093 0.5608
vn -0.3899 0.4118 0.8236
vn -0.4758 0.6780 -0.5603
vn 0.1841 -0.5425 -0.8196
vn 0.4226 -0.7120 0.5607
vn -0.4059 0.3999 0.8218
vn -0.4801 0.6750 -0.5602
vn 0.1713 -0.5494 -0.8178
vn 0.4193 -0.7140 0.5607
vn -0.4176 0.3910 0.8202
vn -0.4833 0.6729 -0.5600
vn 0.1625 -0.5540 -0.8165
vn 0.4171 -0.7154 0.5606
vn -0.4255 0.3849 0.8190
vn -0.4855 0.6714 -0.5600
vn 0.1571 -0.5569 -0.8156
vn 0.4157 -0.7162 0.5606
vn -0.4303 0.3812 0.8183
vn -0.4868 0.6705 -0.5599
vn 0.1543 -0.5583 -0.8152
vn 0.4150 -0.7166 0.5606
vn -0.4327 0.3793 0.8179
vn -0.4875 0.6700 -0.5599
vn 0.1537 -0.5586 -0.8151
vn 0.4148 -0.7167 0.5606
vn -0.4333 0.3788 0.8178
vn -0.4877 0.6699 -0.5599
vn 0.1555 -0.5573 -0.8156
vn 0.4151 -0.7165 0.5606
vn -0.4362 0.3771 0.8170
vn -0.4874 0.6699 -0.5600
vn 0.8425 0.5386 -0.0016
vn 0.1580 -0.5551 -0.8167
vn 0.4158 -0.7161 0.5607
vn -0.4393 0.3764 0.8157
vn -0.4872 0.6697 -0.5605
vn -0.8425 -0.5386 0.0016
vn 0.8442 0.5360 0.0104
vn 0.1607 -0.5525 -0.8179
vn 0.4167 -0.7154 0.5608
vn -0.4375 0.3797 0.8152
vn -0.4862 0.6698 -0.5612
vn -0.8442 -0.5360 -0.0104
vn 0.8458 0.5330 0.0233
vn 0.1639 -0.5494 -0.8193
vn 0.4178 -0.7146 0.5611
vn -0.4350 0.3834 0.8147
vn -0.4850 0.6699 -0.5621
vn -0.8458 -0.5330 -0.0233
vn 0.8473 0.5298 0.0372
vn 0.1675 -0.5461 -0.8208
vn 0.4190 -0.7136 0.5615
vn -0.4322 0.3873 0.8144
vn -0.4837 0.6701 -0.5631
vn -0.8473 -0.5298 -0.0372
vn 0.8488 0.5261 0.0521
vn 0.1713 -0.5426 -0.8223
vn 0.4201 -0.7125 0.5620
vn -0.4289 0.3915 0.8141
vn -0.4822 0.6702 -0.5642
vn -0.8488 -0.5261 -0.0521
vn 0.8501 0.5221 0.0680
vn 0.1752 -0.5389 -0.8240
vn 0.4213 -0.7112 0.5628
vn -0.4254 0.3956 0.8140
vn -0.4806 0.6702 -0.5655
vn -0.8501 -0.5221 -0.0680
vn 0.8513 0.5177 0.0849
vn 0.1791 -0.5350 -0.8257
vn 0.4224 -0.7098 0.5637
vn -0.4216 0.3997 0.8139
vn -0.4789 0.6702 -0.5670
vn -0.8513 -0.5177 -0.0849
vn 0.8523 0.5129 0.1027
vn 0.1830 -0.5309 -0.8274
vn 0.4235 -0.7082 0.5648
vn -0.4176 0.4037 0.8140
vn -0.4771 0.6701 -0.5686
vn -0.8523 -0.5129 -0.1027
vn 0.8530 0.5075 0.1216
vn 0.1868 -0.5267 -0.8292
vn 0.4245 -0.7065 0.5663
vn -0.4133 0.4076 0.8143
vn -0.4753 0.6698 -0.5705
vn -0.8530 -0.5075 -0.1216
vn 0.8534 0.5017 0.1414
vn 0.1906 -0.5224 -0.8311
vn 0.4254 -0.7046 0.5679
vn -0.4089 0.4112 0.8147
vn -0.4733 0.6694 -0.5727
vn -0.8534 -0.5017 -0.1414
vn 0.8534 0.4954 0.1621
vn 0.1942 -0.5178 -0.8331
vn 0.4262 -0.7025 0.5699
vn -0.4042 0.4146 0.8153
vn -0.4712 0.6688 -0.5751
vn -0.8534 -0.4954 -0.1621
vn 0.8530 0.4885 0.1837
vn 0.3881 -0.4296 -0.8154
vn 0.2259 -0.8155 0.5328
vn -0.5454 0.3343 0.7686
vn -0.2990 0.7784 -0.5520
vn -0.8530 -0.4885 -0.1837
vn 0.8546 0.4713 0.2181
vn 0.4391 -0.4083 -0.8003
vn 0.1514 -0.8455 0.5121
vn -0.6299 0.2876 0.7214
vn -0.2054 0.8226 -0.5303
vn -0.8546 -0.4713 -0.2181
vn 0.8562 0.4471 0.2588
vn 0.4440 -0.4066 -0.7985
vn 0.1543 -0.8452 0.5117
vn -0.6281 0.2995 0.7182
vn -0.2030 0.8238 -0.5293
vn -0.8562 -0.4471 -0.2588
vn 0.8559 0.4209 0.3005
vn 0.4489 -0.4044 -0.7968
vn 0.1566 -0.8445 0.5121
vn -0.6259 0.3104 0.7155
vn -0.1999 0.8248 -0.5289
vn -0.8559 -0.4209 -0.3005
vn 0.8534 0.3928 0.3428
vn 0.4539 -0.4016 -0.7954
vn 0.1583 -0.8434 0.5134
vn -0.6233 0.3204 0.7133
vn -0.1960 0.8256 -0.5291
vn -0.8534 -0.3928 -0.3428
vn 0.8485 0.3627 0.3855
vn 0.4588 -0.3983 -0.7942
vn 0.1593 -0.8418 0.5157
vn -0.6204 0.3293 0.7118
vn -0.1913 0.8262 -0.5299
vn -0.8485 -0.3627 -0.3855
vn 0.8410 0.3307 0.4282
vn 0.4638 -0.3944 -0.7933
vn 0.1596 -0.8398 0.5189
vn -0.6170 0.3369 0.7111
vn -0.1858 0.8265 -0.5315
vn -0.8410 -0.3307 -0.4282
vn 0.8308 0.2970 0.4707
vn 0.4728 -0.3905 -0.7899
vn 0.1435 -0.8433 0.5179
vn -0.6133 0.3433 0.7113
vn -0.1775 0.8272 -0.5331
vn -0.8308 -0.2970 -0.4707
vn 0.8179 0.2607 0.5128
vn 0.5475 -0.3706 -0.7503
vn -0.1549 -0.9285 0.3376
vn -0.6615 0.3323 0.6723
vn 0.1035 0.9225 -0.3718
vn -0.8179 -0.2607 -0.5128
vn 0.8155 0.2142 0.5377
vn 0.5504 -0.3699 -0.7485
vn -0.1750 -0.9288 0.3268
vn -0.6648 0.3398 0.6653
vn 0.1398 0.9253 -0.3525
vn -0.8155 -0.2142 -0.5377
vn 0.8124 0.1614 0.5603
vn 0.5532 -0.3696 -0.7466
vn -0.1762 -0.9288 0.3260
vn -0.6603 0.3484 0.6653
vn 0.1465 0.9260 -0.3479
vn -0.8124 -0.1614 -0.5603
vn 0.8065 0.1075 0.5813
vn 0.5559 -0.3698 -0.7445
vn -0.1775 -0.9289 0.3251
vn -0.6559 0.3567 0.6653
vn 0.1536 0.9267 -0.3430
vn -0.8065 -0.1075 -0.5813
vn 0.7979 0.0529 0.6005
vn 0.5585 -0.3704 -0.7423
vn -0.1790 -0.9290 0.3240
vn -0.6514 0.3646 0.6655
vn 0.1611 0.9274 -0.3377
vn -0.7979 -0.0529 -0.6005
vn 0.7864 -0.0022 0.6177
vn 0.5610 -0.3714 -0.7398
vn -0.1807 -0.9291 0.3227
vn -0.6468 0.3721 0.6658
vn 0.1688 0.9280 -0.3322
vn -0.7864 0.0022 -0.6177
vn 0.7722 -0.0573 0.6327
vn 0.5499 -0.3688 -0.7494
vn -0.2183 -0.9283 0.3009
vn -0.6422 0.3792 0.6662
vn 0.1966 0.9283 -0.3156
vn -0.7722 0.0573 -0.6327
vn 0.7561 -0.1135 0.6446
vn 0.4846 -0.3531 -0.8003
vn -0.4693 -0.8782 0.0923
vn -0.5641 0.3717 0.7373
vn 0.4348 0.8923 -0.1216
vn -0.7561 0.1135 -0.6446
vn 0.7565 -0.1676 0.6321
vn 0.4877 -0.3519 -0.7990
vn -0.4754 -0.8751 0.0910
vn -0.5524 0.3687 0.7476
vn 0.4552 0.8837 -0.1089
vn -0.7565 0.1676 -0.6321
vn 0.7539 -0.2238 0.6177
vn 0.4900 -0.3523 -0.7974
vn -0.4794 -0.8730 0.0897
vn -0.5429 0.3689 0.7544
vn 0.4631 0.8802 -0.1036
vn -0.7539 0.2238 -0.6177
vn 0.7489 -0.2782 0.6014
vn 0.4916 -0.3543 -0.7955
vn -0.4828 -0.8713 0.0874
vn -0.5330 0.3693 0.7613
vn 0.4707 0.8769 -0.0975
vn -0.7489 0.2782 -0.6014
vn 0.7417 -0.3304 0.5838
vn 0.4927 -0.3577 -0.7933
vn -0.4857 -0.8701 0.0843
vn -0.5227 0.3696 0.7682
vn 0.4778 0.8737 -0.0907
vn -0.7417 0.3304 -0.5838
vn 0.7325 -0.3799 0.5649
vn 0.4934 -0.3627 -0.7906
vn -0.4879 -0.8692 0.0804
vn -0.5121 0.3698 0.7752
vn 0.4847 0.8707 -0.0834
vn -0.7325 0.3799 -0.5649
vn 0.7217 -0.4264 0.5453
vn 0.4938 -0.3690 -0.7874
vn -0.4896 -0.8686 0.0759
vn -0.5012 0.3697 0.7824
vn 0.4911 0.8678 -0.0758
vn -0.7217 0.4264 -0.5453
vn 0.7096 -0.4696 0.5253
vn 0.3693 -0.2785 -0.8866
vn -0.5952 -0.8035 0.0033
vn -0.4443 0.3293 0.8332
vn 0.5708 0.8208 -0.0214
vn -0.7096 0.4696 -0.5253
vn 0.7040 -0.5058 0.4986
vn 0.2943 -0.2124 -0.9318
vn -0.6807 -0.7306 -0.0542
vn -0.3196 0.2338 0.9182
vn 0.6768 0.7343 0.0518
vn -0.7040 0.5058 -0.4986
vn 0.7055 -0.5338 0.4662
vn 0.2983 -0.2137 -0.9303
vn -0.6829 -0.7286 -0.0530
vn -0.3107 0.2250 0.9235
vn 0.6807 0.7307 0.0519
vn -0.7055 0.5338 -0.4662
vn 0.7058 -0.5600 0.4339
vn 0.2986 -0.2132 -0.9303
vn -0.6855 -0.7262 -0.0528
vn -0.3036 0.2178 0.9276
vn 0.6839 0.7277 0.0521
vn -0.7058 0.5600 -0.4339
vn 0.7048 -0.5854 0.4008
vn 0.2983 -0.2131 -0.9304
vn -0.6879 -0.7238 -0.0532
vn -0.2961 0.2108 0.9316
vn 0.6870 0.7248 0.0528
vn -0.7048 0.5854 -0.4008
vn 0.7026 -0.6098 0.3669
vn 0.2973 -0.2134 -0.9306
vn -0.6903 -0.7215 -0.0540
vn -0.2884 0.2039 0.9355
vn 0.6900 0.7218 0.0539
vn -0.7026 0.6098 -0.3669
vn 0.6991 -0.6331 0.3323
vn 0.2957 -0.2141 -0.9310
vn -0.6925 -0.7192 -0.0554
vn -0.2803 0.1972 0.9394
vn 0.6929 0.7189 0.0555
vn -0.6991 0.6331 -0.3323
vn 0.6945 -0.6554 0.2970
vn 0.2933 -0.2152 -0.9315
vn -0.6947 -0.7170 -0.0573
vn -0.2720 0.1906 0.9432
vn 0.6957 0.7161 0.0575
vn -0.6945 0.6554 -0.2970
vn 0.6886 -0.6765 0.2611
vn 0.2904 -0.2166 -0.9321
vn -0.6968 -0.7148 -0.0597
vn -0.2633 0.1841 0.9470
vn 0.6984 0.7132 0.0600
vn -0.6886 0.6765 -0.2611
vn 0.6814 -0.6965 0.2247
vn 0.2868 -0.2185 -0.9327
vn -0.6987 -0.7126 -0.0627
vn -0.2544 0.1777 0.9506
vn 0.7010 0.7104 0.0629
vn -0.6814 0.6965 -0.2247
vn 0.6731 -0.7153 0.1878
vn 0.1453 -0.0519 -0.9880
vn -0.7322 -0.6773 -0.0719
vn -0.2177 0.1285 0.9675
vn 0.7237 0.6866 0.0694
vn -0.6731 0.7153 -0.1878
vn 0.6665 -0.7307 0.1477
vn 0.0208 0.0991 -0.9949
vn -0.7729 -0.6296 -0.0794
vn -0.0532 -0.0603 0.9968
vn 0.7728 0.6297 0.0795
vn -0.6665 0.7307 -0.1477
vn 0.6699 -0.7343 0.1097
vn 0.0225 0.0977 -0.9950
vn -0.7732 -0.6293 -0.0790
vn -0.0464 -0.0689 0.9965
vn 0.7731 0.6294 0.0790
vn -0.6699 0.7343 -0.1097
vn 0.6724 -0.7367 0.0716
vn 0.0239 0.0963 -0.9951
vn -0.7735 -0.6289 -0.0786
vn -0.0395 -0.0775 0.9962
vn 0.7734 0.6290 0.0787
vn -0.6724 0.7367 -0.0716
vn 0.6738 -0.7381 0.0332
vn 0.0252 0.0950 -0.9952
vn -0.7738 -0.6286 -0.0783
vn -0.0325 -0.0861 0.9958
vn 0.7737 0.6287 0.0784
vn -0.6738 0.7381 -0.0332
vn 0.6743 -0.7384 -0.0052
vn 0.0263 0.0937 -0.9953
vn -0.7741 -0.6283 -0.0782
vn -0.0254 -0.0948 0.9952
vn 0.7740 0.6283 0.0782
vn -0.6743 0.7384 0.0052
vn 0.6738 -0.7376 -0.0436
vn 0.0271 0.0925 -0.9953
vn -0.7744 -0.6279 -0.0781
vn -0.0183 -0.1034 0.9945
vn 0.7743 0.6280 0.0781
vn -0.6738 0.7376 0.0436
vn 0.6723 -0.7357 -0.0821
vn 0.0277 0.0914 -0.9954
vn -0.7747 -0.6276 -0.0780
vn -0.0110 -0.1120 0.9936
vn 0.7746 0.6276 0.0780
vn -0.6723 0.7357 0.0821
vn 0.6698 -0.7327 -0.1204
vn 0.0281 0.0903 -0.9955
vn -0.7750 -0.6272 -0.0781
vn -0.0037 -0.1207 0.9927
vn 0.7749 0.6272 0.0781
vn -0.6698 0.7327 0.1204
vn 0.6663 -0.7286 -0.1587
vn 0.0284 0.0892 -0.9956
vn -0.7753 -0.6268 -0.0782
vn 0.0037 -0.1293 0.9916
vn 0.7753 0.6268 0.0782
vn -0.6663 0.7286 0.1587
vn 0.6619 -0.7233 -0.1967
vn 0.0284 0.0883 -0.9957
vn -0.7756 -0.6263 -0.0785
vn 0.0112 -0.1379 0.9904
vn 0.7756 0.6263 0.0784
vn -0.6619 0.7233 0.1967
vn 0.6564 -0.7170 -0.2346
vn -0.2059 0.3619 -0.9092
vn -0.7482 -0.6572 -0.0908
vn 0.1085 -0.2566 0.9604
vn 0.7529 0.6521 0.0887
vn -0.6564 0.7170 0.2346
vn 0.6548 -0.7062 -0.2693
vn -0.2297 0.3978 -0.8883
vn -0.7387 -0.6669 -0.0974
vn 0.2046 -0.3700 0.9062
vn 0.7375 0.6682 0.0978
vn -0.6548 0.7062 0.2693
vn 0.6601 -0.6898 -0.2973
vn -0.2290 0.3949 -0.8897
vn -0.7383 -0.6672 -0.0992
vn 0.2094 -0.3737 0.9036
vn 0.7373 0.6682 0.0995
vn -0.6601 0.6898 0.2973
vn 0.6647 -0.6727 -0.3250
vn -0.2280 0.3923 -0.8911
vn -0.7378 -0.6675 -0.1007
vn 0.2141 -0.3776 0.9009
vn 0.7371 0.6682 0.1010
vn -0.6647 0.6727 0.3250
vn 0.6686 -0.6548 -0.3524
vn -0.2268 0.3901 -0.8924
vn -0.7372 -0.6680 -0.1020
vn 0.2186 -0.3817 0.8981
vn 0.7367 0.6684 0.1021
vn -0.6686 0.6548 0.3524
vn 0.6718 -0.6362 -0.3794
vn -0.2252 0.3881 -0.8937
vn -0.7365 -0.6686 -0.1030
vn 0.2230 -0.3859 0.8952
vn 0.7363 0.6688 0.1030
vn -0.6718 0.6362 0.3794
vn 0.6743 -0.6169 -0.4059
vn -0.2234 0.3865 -0.8948
vn -0.7358 -0.6693 -0.1037
vn 0.2272 -0.3902 0.8923
vn 0.7358 0.6692 0.1036
vn -0.6743 0.6169 0.4059
vn 0.6760 -0.5969 -0.4321
vn -0.2213 0.3852 -0.8959
vn -0.7349 -0.6701 -0.1042
vn 0.2313 -0.3946 0.8893
vn 0.7352 0.6698 0.1040
vn -0.6760 0.5969 0.4321
vn 0.6770 -0.5763 -0.4578
vn -0.2189 0.3842 -0.8970
vn -0.7340 -0.6710 -0.1044
vn 0.2352 -0.3992 0.8862
vn 0.7346 0.6705 0.1041
vn -0.6770 0.5763 0.4578
vn 0.6773 -0.5550 -0.4830
vn -0.2162 0.3835 -0.8979
vn -0.7331 -0.6721 -0.1044
vn 0.2390 -0.4039 0.8830
vn 0.7338 0.6714 0.1039
vn -0.6773 0.5550 0.4830
vn 0.6768 -0.5331 -0.5077
vn -0.2132 0.3831 -0.8988
vn -0.7320 -0.6733 -0.1041
vn 0.2426 -0.4087 0.8798
vn 0.7330 0.6724 0.1034
vn -0.6768 0.5331 0.5077
vn 0.6756 -0.5106 -0.5318
vn -0.3165 0.4741 -0.8216
vn -0.6867 -0.7121 -0.1460
vn 0.2613 -0.4329 0.8627
vn 0.7036 0.6983 0.1316
vn -0.6756 0.5106 0.5318
vn 0.6729 -0.4889 -0.5552
vn -0.4212 0.5542 -0.7180
vn -0.6000 -0.7691 -0.2199
vn 0.4066 -0.5445 0.7336
vn 0.5937 0.7727 0.2245
vn -0.6729 0.4889 0.5552
vn 0.6808 -0.4638 -0.5669
vn -0.4210 0.5515 -0.7202
vn -0.6005 -0.7682 -0.2219
vn 0.4090 -0.5439 0.7327
vn 0.5952 0.7711 0.2259
vn -0.6808 0.4638 0.5669
vn 0.6882 -0.4383 -0.5782
vn -0.4205 0.5492 -0.7222
vn -0.6007 -0.7675 -0.2237
vn 0.4111 -0.5436 0.7318
vn 0.5966 0.7698 0.2270
vn -0.6882 0.4383 0.5782
vn 0.6950 -0.4124 -0.5890
vn -0.4197 0.5473 -0.7241
vn -0.6009 -0.7670 -0.2252
vn 0.4130 -0.5435 0.7307
vn 0.5977 0.7687 0.2277
vn -0.6950 0.4124 0.5890
vn 0.7012 -0.3863 -0.5992
vn -0.4186 0.5457 -0.7259
vn -0.6008 -0.7667 -0.2263
vn 0.4147 -0.5437 0.7297
vn 0.5987 0.7678 0.2281
vn -0.7012 0.3863 0.5992
vn 0.7069 -0.3598 -0.6090
vn -0.4171 0.5446 -0.7276
vn -0.6007 -0.7666 -0.2272
vn 0.4162 -0.5441 0.7285
vn 0.5995 0.7671 0.2281
vn -0.7069 0.3598 0.6090
vn 0.7119 -0.3330 -0.6183
vn -0.4153 0.5438 -0.7292
vn -0.6003 -0.7666 -0.2277
vn 0.4175 -0.5448 0.7273
vn 0.6002 0.7667 0.2278
vn -0.7119 0.3330 0.6183
vn 0.7164 -0.3059 -0.6270
vn -0.4132 0.5435 -0.7307
vn -0.5999 -0.7669 -0.2280
vn 0.4185 -0.5457 0.7260
vn 0.6007 0.7665 0.2272
vn -0.7164 0.3059 0.6270
vn 0.7203 -0.2787 -0.6353
vn -0.4107 0.5435 -0.7321
vn -0.5992 -0.7674 -0.2279
vn 0.4194 -0.5469 0.7246
vn 0.6010 0.7665 0.2262
vn -0.7203 0.2787 0.6353
vn 0.7235 -0.2511 -0.6430
vn -0.4079 0.5439 -0.7334
vn -0.5985 -0.7681 -0.2276
vn 0.4200 -0.5483 0.7232
vn 0.6012 0.7668 0.2249
vn -0.7235 0.2511 0.6430
vn 0.7262 -0.2234 -0.6502
vn -0.4047 0.5447 -0.7345
vn -0.5975 -0.7690 -0.2270
vn 0.4204 -0.5500 0.7217
vn 0.6011 0.7673 0.2233
vn -0.7262 0.2234 0.6502
vn 0.7283 -0.1956 -0.6568
vn -0.4718 0.5689 -0.6736
vn -0.5135 -0.7984 -0.3145
vn 0.4351 -0.5590 0.7058
vn 0.5437 0.7891 0.2858
vn -0.7283 0.1956 0.6568
vn 0.7296 -0.1697 -0.6625
vn -0.5324 0.5841 -0.6127
vn -0.3712 -0.8177 -0.4400
vn 0.5295 -0.5839 0.6154
vn 0.3560 0.8181 0.4517
vn -0.7296 0.1697 0.6625
vn 0.7403 -0.1427 -0.6570
vn -0.5321 0.5829 -0.6141
vn -0.3731 -0.8170 -0.4396
vn 0.5296 -0.5828 0.6163
vn 0.3604 0.8173 0.4496
vn -0.7403 0.1427 0.6570
vn 0.7504 -0.1156 -0.6509
vn -0.5317 0.5819 -0.6154
vn -0.3750 -0.8165 -0.4390
vn 0.5297 -0.5819 0.6171
vn 0.3647 0.8167 0.4472
vn -0.7504 0.1156 0.6509
vn 0.7597 -0.0884 -0.6442
vn -0.5313 0.5811 -0.6165
vn -0.3769 -0.8160 -0.4383
vn 0.5297 -0.5812 0.6178
vn 0.3690 0.8162 0.4446
vn -0.7597 0.0884 0.6442
vn 0.7685 -0.0612 -0.6370
vn -0.5306 0.5805 -0.6176
vn -0.3787 -0.8157 -0.4373
vn 0.5296 -0.5806 0.6184
vn 0.3733 0.8158 0.4417
vn -0.7685 0.0612 0.6370
vn 0.7765 -0.0339 -0.6292
vn -0.5299 0.5802 -0.6186
vn -0.3805 -0.8155 -0.4361
vn 0.5294 -0.5802 0.6189
vn 0.3776 0.8156 0.4385
vn -0.7765 0.0339 0.6292
vn 0.7839 -0.0067 -0.6209
vn -0.5290 0.5800 -0.6195
vn -0.3823 -0.8154 -0.4347
vn 0.5291 -0.5800 0.6194
vn 0.3818 0.8154 0.4351
vn -0.7839 0.0067 0.6209
vn 0.7905 0.0206 -0.6121
vn -0.5280 0.5801 -0.6203
vn -0.3840 -0.8155 -0.4330
vn 0.5286 -0.5800 0.6198
vn 0.3860 0.8154 0.4314
vn -0.7905 -0.0206 0.6121
vn 0.7965 0.0478 -0.6028
vn -0.5269 0.5804 -0.6209
vn -0.3857 -0.8156 -0.4312
vn 0.5281 -0.5802 0.6201
vn 0.3901 0.8156 0.4274
vn -0.7965 -0.0478 0.6028
vn 0.8018 0.0749 -0.5929
vn -0.5256 0.5809 -0.6215
vn -0.3874 -0.8159 -0.4291
vn 0.5274 -0.5806 0.6203
vn 0.3942 0.8158 0.4232
vn -0.8018 -0.0749 0.5929
vn 0.8064 0.1019 -0.5826
vn -0.5242 0.5816 -0.6220
vn -0.3890 -0.8164 -0.4269
vn 0.5267 -0.5811 0.6204
vn 0.3982 0.8162 0.4187
vn -0.8064 -0.1019 0.5826
vn 0.8102 0.1288 -0.5718
vn -0.5218 0.5827 -0.6230
vn -0.2280 -0.7989 -0.5566
vn 0.5239 -0.5820 0.6219
vn 0.2758 0.8066 0.5229
vn -0.8102 -0.1288 0.5718
vn 0.8147 0.1522 -0.5596
vn -0.5224 0.5835 -0.6218
vn -0.0381 -0.7400 -0.6716
vn 0.5177 -0.5839 0.6254
vn 0.0053 0.7256 0.6881
vn -0.8147 -0.1522 0.5596
vn 0.8272 0.1758 -0.5336
vn -0.5241 0.5838 -0.6201
vn -0.0436 -0.7438 -0.6670
vn 0.5208 -0.5842 0.6224
vn 0.0158 0.7321 0.6810
vn -0.8272 -0.1758 0.5336
vn 0.8386 0.1992 -0.5070
vn -0.5260 0.5837 -0.6186
vn -0.0497 -0.7474 -0.6625
vn 0.5240 -0.5840 0.6199
vn 0.0272 0.7384 0.6738
vn -0.8386 -0.1992 0.5070
vn 0.8488 0.2222 -0.4797
vn -0.5280 0.5832 -0.6174
vn -0.0564 -0.7508 -0.6581
vn 0.5274 -0.5834 0.6177
vn 0.0394 0.7443 0.6666
vn -0.8488 -0.2222 0.4797
vn 0.8578 0.2448 -0.4518
vn -0.5300 0.5823 -0.6165
vn -0.0636 -0.7540 -0.6538
vn 0.5308 -0.5822 0.6159
vn 0.0524 0.7500 0.6594
vn -0.8578 -0.2448 0.4518
vn 0.8657 0.2672 -0.4234
vn -0.5322 0.5810 -0.6158
vn -0.0714 -0.7570 -0.6495
vn 0.5344 -0.5805 0.6144
vn 0.0663 0.7552 0.6521
vn -0.8657 -0.2672 0.4234
vn 0.8723 0.2891 -0.3945
vn -0.5344 0.5793 -0.6154
vn -0.0798 -0.7597 -0.6453
vn 0.5381 -0.5784 0.6132
vn 0.0809 0.7601 0.6447
vn -0.8723 -0.2891 0.3944
vn 0.8777 0.3105 -0.3650
vn -0.5368 0.5772 -0.6153
vn -0.0888 -0.7622 -0.6412
vn 0.5419 -0.5756 0.6123
vn 0.0962 0.7645 0.6374
vn -0.8777 -0.3105 0.3650
vn 0.8819 0.3315 -0.3351
vn -0.5394 0.5746 -0.6155
vn -0.0982 -0.7644 -0.6372
vn 0.5460 -0.5723 0.6118
vn 0.1122 0.7684 0.6301
vn -0.8819 -0.3315 0.3351
vn 0.8849 0.3521 -0.3049
vn -0.5420 0.5716 -0.6160
vn -0.1083 -0.7663 -0.6333
vn 0.5502 -0.5685 0.6116
vn 0.1289 0.7717 0.6227
vn -0.8849 -0.3521 0.3049
vn 0.8867 0.3721 -0.2743
vn -0.4378 0.6163 -0.6546
vn 0.0561 -0.7078 -0.7042
vn 0.5293 -0.5742 0.6245
vn 0.0215 0.7361 0.6765
vn -0.8867 -0.3721 0.2743
vn 0.8891 0.3868 -0.2445
vn -0.3240 0.6590 -0.6788
vn 0.3839 -0.5267 -0.7584
vn 0.2193 -0.6856 0.6942
vn -0.4312 0.4893 0.7581
vn -0.8891 -0.3868 0.2445
vn 0.8972 0.3930 -0.2014
vn -0.3322 0.6591 -0.6747
vn 0.3756 -0.5405 -0.7528
vn 0.2532 -0.6825 0.6856
vn -0.4182 0.5090 0.7524
vn -0.8972 -0.3930 0.2014
vn 0.9035 0.3984 -0.1580
vn -0.3401 0.6581 -0.6717
vn 0.3660 -0.5534 -0.7482
vn 0.2864 -0.6764 0.6786
vn -0.4032 0.5277 0.7476
vn -0.9035 -0.3984 0.1580
vn 0.9080 0.4031 -0.1144
vn -0.3479 0.6561 -0.6697
vn 0.3551 -0.5654 -0.7445
vn 0.3190 -0.6673 0.6731
vn -0.3864 0.5453 0.7439
vn -0.9080 -0.4031 0.1144
vn 0.9107 0.4069 -0.0707
vn -0.3555 0.6530 -0.6688
vn 0.3429 -0.5763 -0.7418
vn 0.3509 -0.6551 0.6692
vn -0.3676 0.5617 0.7412
vn -0.9107 -0.4069 0.0707
vn 0.9117 0.4099 -0.0269
vn -0.3629 0.6488 -0.6689
vn 0.3294 -0.5863 -0.7401
vn 0.3822 -0.6398 0.6668
vn -0.3467 0.5768 0.7397
vn -0.9117 -0.4099 0.0269
vn 0.9110 0.4122 0.0167
vn -0.3701 0.6435 -0.6701
vn 0.3144 -0.5952 -0.7395
vn 0.4127 -0.6213 0.6661
vn -0.3238 0.5905 0.7392
vn -0.9110 -0.4122 -0.0167
vn 0.9085 0.4136 0.0603
vn -0.3771 0.6370 -0.6724
vn 0.2979 -0.6030 -0.7400
vn 0.4424 -0.5996 0.6670
vn -0.2987 0.6027 0.7400
vn -0.9085 -0.4136 -0.0603
vn 0.9042 0.4142 0.1036
vn -0.3840 0.6293 -0.6757
vn 0.2800 -0.6096 -0.7417
vn 0.4711 -0.5745 0.6693
vn -0.2714 0.6132 0.7419
vn -0.9042 -0.4142 -0.1036
vn 0.8983 0.4141 0.1467
vn -0.2990 0.6707 -0.6787
vn 0.3170 -0.5915 -0.7414
vn 0.4989 -0.5459 0.6731
vn -0.2776 0.6080 0.7439
vn -0.8983 -0.4141 -0.1467
vn 0.8906 0.4115 0.1934
vn -0.0088 0.7910 -0.6118
vn 0.5591 -0.4711 -0.6822
vn 0.0077 -0.7937 0.6083
vn -0.5474 0.4786 0.6865
vn -0.8906 -0.4115 -0.1934
vn 0.8906 0.3991 0.2180
vn -0.0089 0.7910 -0.6117
vn 0.5693 -0.4677 -0.6761
vn -0.0473 -0.8044 0.5922
vn -0.5696 0.4671 0.6763
vn -0.8906 -0.3991 -0.2180
vn 0.8936 0.3845 0.2316
vn -0.0090 0.7911 -0.6117
vn 0.5695 -0.4711 -0.6736
vn -0.0416 -0.8032 0.5942
vn -0.5698 0.4705 0.6738
vn -0.8936 -0.3845 -0.2316
vn 0.8962 0.3698 0.2451
vn -0.0092 0.7911 -0.6117
vn 0.5698 -0.4745 -0.6710
vn -0.0358 -0.8020 0.5962
vn -0.5701 0.4738 0.6712
vn -0.8962 -0.3698 -0.2451
vn 0.8984 0.3550 0.2585
vn -0.0069 0.7918 -0.6107
vn 0.5707 -0.4775 -0.6681
vn -0.0265 -0.7999 0.5996
vn -0.5696 0.4776 0.6689
vn -0.8984 -0.3550 -0.2585
vn 0.9004 0.3396 0.2720
vn -0.0006 0.7937 -0.6083
vn 0.5726 -0.4801 -0.6646
vn -0.0114 -0.7961 0.6050
vn -0.5682 0.4819 0.6671
vn -0.9004 -0.3396 -0.2720
vn 0.9020 0.3233 0.2862
vn 0.0050 0.7954 -0.6061
vn 0.5744 -0.4830 -0.6609
vn 0.0031 -0.7923 0.6101
vn -0.5670 0.4861 0.6650
vn -0.9020 -0.3233 -0.2862
vn 0.9032 0.3060 0.3009
vn 0.0098 0.7968 -0.6042
vn 0.5760 -0.4861 -0.6572
vn 0.0172 -0.7884 0.6149
vn -0.5659 0.4904 0.6628
vn -0.9032 -0.3060 -0.3009
vn 0.9040 0.2878 0.3161
vn 0.0140 0.7980 -0.6025
vn 0.5774 -0.4896 -0.6534
vn 0.0309 -0.7844 0.6195
vn -0.5650 0.4947 0.6604
vn -0.9040 -0.2878 -0.3161
vn 0.9043 0.2689 0.3315
vn 0.0311 0.8017 -0.5969
vn 0.4722 -0.5366 -0.6993
vn 0.0326 -0.7833 0.6208
vn -0.4829 0.5332 0.6947
vn -0.9043 -0.2689 -0.3315
vn 0.9048 0.2417 0.3507
vn 0.0480 0.8039 -0.5928
vn 0.3219 -0.5781 -0.7498
vn 0.0030 -0.7916 0.6110
vn -0.3120 0.5798 0.7527
vn -0.9048 -0.2417 -0.3507
vn 0.9262 0.1973 0.3213
vn 0.0553 0.8034 -0.5929
vn 0.3156 -0.5794 -0.7515
vn 0.0042 -0.7914 0.6113
vn -0.2997 0.5818 0.7561
vn -0.9262 -0.1973 -0.3213
vn 0.9449 0.1514 0.2901
vn 0.0624 0.8029 -0.5929
vn 0.3089 -0.5813 -0.7528
vn 0.0053 -0.7918 0.6107
vn -0.2871 0.5843 0.7591
vn -0.9449 -0.1513 -0.2901
vn 0.9606 0.1042 0.2575
vn 0.0694 0.8024 -0.5927
vn 0.3017 -0.5838 -0.7538
vn 0.0065 -0.7930 0.6092
vn -0.2742 0.5871 0.7617
vn -0.9606 -0.1042 -0.2575
vn 0.9730 0.0560 0.2237
vn 0.0762 0.8021 -0.5923
vn 0.2941 -0.5870 -0.7543
vn 0.0077 -0.7948 0.6068
vn -0.2610 0.5903 0.7638
vn -0.9730 -0.0560 -0.2237
vn 0.9820 0.0073 0.1888
vn 0.0829 0.8018 -0.5918
vn 0.2861 -0.5907 -0.7545
vn 0.0089 -0.7973 0.6035
vn -0.2478 0.5938 0.7655
vn -0.9820 -0.0073 -0.1888
vn 0.9873 -0.0416 0.1531
vn 0.2258 0.7878 -0.5731
vn -0.0415 -0.5898 -0.8065
vn -0.0877 -0.7993 0.5946
vn 0.0229 0.5921 0.8056
vn -0.9873 0.0416 -0.1531
vn 0.9895 -0.0736 0.1241
vn 0.2536 0.7779 -0.5749
vn -0.1430 -0.5786 -0.8030
vn -0.1541 -0.7922 0.5905
vn 0.1622 0.5745 0.8023
vn -0.9895 0.0736 -0.1241
vn 0.9892 -0.0989 0.1085
vn 0.2567 0.7749 -0.5776
vn -0.1436 -0.5774 -0.8037
vn -0.1516 -0.7917 0.5918
vn 0.1655 0.5726 0.8030
vn -0.9892 0.0989 -0.1085
vn 0.9879 -0.1239 0.0929
vn 0.2598 0.7719 -0.5802
vn -0.1444 -0.5765 -0.8043
vn -0.1493 -0.7915 0.5927
vn 0.1689 0.5708 0.8035
vn -0.9879 0.1239 -0.0929
vn 0.9859 -0.1487 0.0774
vn 0.2629 0.7690 -0.5827
vn -0.1453 -0.5757 -0.8047
vn -0.1471 -0.7914 0.5933
vn 0.1723 0.5692 0.8039
vn -0.9859 0.1487 -0.0774
vn 0.9830 -0.1730 0.0619
vn 0.2659 0.7662 -0.5850
vn -0.1463 -0.5751 -0.8049
vn -0.1451 -0.7916 0.5935
vn 0.1758 0.5678 0.8042
vn -0.9830 0.1730 -0.0619
vn 0.9793 -0.1968 0.0467
vn 0.2689 0.7634 -0.5873
vn -0.1475 -0.5747 -0.8049
vn -0.1433 -0.7920 0.5934
vn 0.1792 0.5665 0.8043
vn -0.9793 0.1968 -0.0467
vn 0.9750 -0.2201 0.0317
vn 0.2718 0.7608 -0.5894
vn -0.1488 -0.5745 -0.8048
vn -0.1416 -0.7926 0.5931
vn 0.1827 0.5654 0.8043
vn -0.9750 0.2201 -0.0317
vn 0.9699 -0.2428 0.0169
vn 0.2747 0.7582 -0.5914
vn -0.1502 -0.5745 -0.8046
vn -0.1400 -0.7933 0.5925
vn 0.1861 0.5645 0.8042
vn -0.9699 0.2428 -0.0169
vn 0.9643 -0.2648 0.0024
vn 0.2884 0.7524 -0.5922
vn -0.1469 -0.5756 -0.8045
vn -0.1365 -0.7945 0.5917
vn 0.1868 0.5643 0.8041
vn -0.9643 0.2648 -0.0024
vn 0.9627 -0.2705 -0.0071
vn 0.2928 0.7505 -0.5925
vn -0.1454 -0.5759 -0.8045
vn -0.1328 -0.7955 0.5913
vn 0.1867 0.5643 0.8042
vn -0.9627 0.2705 0.0071
vn 0.2951 0.7497 -0.5923
vn -0.1448 -0.5761 -0.8045
vn -0.1304 -0.7960 0.5911
vn 0.1873 0.5642 0.8041
vn 0.2973 0.7489 -0.5922
vn -0.1442 -0.5762 -0.8044
vn -0.1281 -0.7964 0.5910
vn 0.1879 0.5640 0.8041
vn -0.9627 0.2704 0.0071
vn 0.2995 0.7481 -0.5921
vn -0.1437 -0.5764 -0.8044
vn -0.1258 -0.7969 0.5909
vn 0.1885 0.5638 0.8041
vn 0.9627 -0.2704 -0.0071
vn 0.3015 0.7474 -0.5920
vn -0.1431 -0.5765 -0.8044
vn -0.1237 -0.7973 0.5907
vn 0.1890 0.5637 0.8041
vn 0.3034 0.7467 -0.5919
vn -0.1426 -0.5767 -0.8044
vn -0.1218 -0.7977 0.5906
vn 0.1895 0.5635 0.8041
vn 0.3051 0.7461 -0.5919
vn -0.1422 -0.5768 -0.8044
vn -0.1200 -0.7981 0.5905
vn 0.1900 0.5634 0.8041
vn 0.3065 0.7456 -0.5918
vn -0.1418 -0.5769 -0.8044
vn -0.1185 -0.7984 0.5904
vn 0.1904 0.5633 0.8041
vn 0.3077 0.7451 -0.5917
vn -0.1415 -0.5770 -0.8044
vn -0.1173 -0.7986 0.5903
vn 0.1907 0.5632 0.8040
vn 0.3085 0.7448 -0.5917
vn -0.1413 -0.5770 -0.8044
vn -0.1165 -0.7988 0.5903
vn 0.1909 0.5631 0.8040
vn 0.3089 0.7447 -0.5916
vn -0.1412 -0.5771 -0.8044
vn -0.1161 -0.7988 0.5902
vn 0.1910 0.5631 0.8040
vn 0.3087 0.7447 -0.5917
vn -0.1162 -0.7988 0.5902
vn 0.3079 0.7450 -0.5917
vn -0.1414 -0.5770 -0.8044
vn -0.1170 -0.7987 0.5903
vn 0.1907 0.5631 0.8040
vn 0.3064 0.7456 -0.5918
vn -0.1187 -0.7983 0.5904
vn 0.1903 0.5633 0.8041
vn 0.3040 0.7465 -0.5919
vn -0.1425 -0.5767 -0.8044
vn -0.1212 -0.7978 0.5906
vn 0.1897 0.5635 0.8041
vn 0.3005 0.7478 -0.5921
vn -0.1434 -0.5765 -0.8044
vn -0.1248 -0.7971 0.5908
vn 0.1888 0.5637 0.8041
vn 0.2958 0.7494 -0.5923
vn -0.1447 -0.5761 -0.8044
vn -0.1297 -0.7961 0.5911
vn 0.1875 0.5641 0.8041
vn 0.2898 0.7516 -0.5926
vn -0.1462 -0.5757 -0.8045
vn -0.1359 -0.7948 0.5915
vn 0.1859 0.5646 0.8042
vn 0.2823 0.7542 -0.5929
vn -0.1482 -0.5752 -0.8045
vn -0.1436 -0.7931 0.5919
vn 0.1840 0.5651 0.8042
vn 0.2733 0.7573 -0.5932
vn -0.1506 -0.5745 -0.8045
vn -0.1530 -0.7910 0.5923
vn 0.1816 0.5658 0.8043
vn 0.2626 0.7608 -0.5935
vn -0.1534 -0.5738 -0.8045
vn -0.1639 -0.7885 0.5928
vn 0.1788 0.5666 0.8043
vn 0.2503 0.7647 -0.5938
vn -0.1566 -0.5729 -0.8045
vn -0.1765 -0.7855 0.5932
vn 0.1756 0.5676 0.8044
vn 0.2365 0.7690 -0.5939
vn -0.1602 -0.5719 -0.8045
vn -0.1905 -0.7819 0.5936
vn 0.1720 0.5686 0.8044
vn 0.2214 0.7734 -0.5940
vn -0.1641 -0.5708 -0.8045
vn -0.2056 -0.7779 0.5939
vn 0.1682 0.5697 0.8045
vt 0.375000 0.000000
vt 0.625000 0.000000
vt 0.625000 0.250000
vt 0.375000 0.250000
vt 0.625000 0.500000
vt 0.375000 0.500000
vt 0.625000 0.750000
vt 0.375000 0.750000
vt 0.625000 1.000000
vt 0.375000 1.000000
vt 0.125000 0.500000
vt 0.125000 0.750000
vt 0.875000 0.500000
vt 0.875000 0.750000
s 0
usemtl Material.001
f 5711/619/3979 5712/620/3979 5714/621/3979 5713/622/3979
f 5713/622/3980 5714/621/3980 5718/623/3980 5717/624/3980
f 5717/624/3981 5718/623/3981 5716/625/3981 5715/626/3981
f 5715/626/3982 5716/625/3982 5712/627/3982 5711/628/3982
f 5713/629/3983 5717/624/3983 5715/626/3983 5711/630/3983
f 5718/623/3984 5714/631/3984 5712/632/3984 5716/625/3984
f 5719/619/3985 5720/620/3985 5722/621/3985 5721/622/3985
f 5721/622/3986 5722/621/3986 5726/623/3986 5725/624/3986
f 5725/624/3987 5726/623/3987 5724/625/3987 5723/626/3987
f 5723/626/3988 5724/625/3988 5720/627/3988 5719/628/3988
f 5721/629/3983 5725/624/3983 5723/626/3983 5719/630/3983
f 5726/623/3984 5722/631/3984 5720/632/3984 5724/625/3984
f 5727/619/3989 5728/620/3989 5730/621/3989 5729/622/3989
f 5729/622/3990 5730/621/3990 5734/623/3990 5733/624/3990
f 5733/624/3991 5734/623/3991 5732/625/3991 5731/626/3991
f 5731/626/3992 5732/625/3992 5728/627/3992 5727/628/3992
f 5729/629/3983 5733/624/3983 5731/626/3983 5727/630/3983
f 5734/623/3984 5730/631/3984 5728/632/3984 5732/625/3984
f 5735/619/3993 5736/620/3993 5738/621/3993 5737/622/3993
f 5737/622/3994 5738/621/3994 5742/623/3994 5741/624/3994
f 5741/624/3995 5742/623/3995 5740/625/3995 5739/626/3995
f 5739/626/3996 5740/625/3996 5736/627/3996 5735/628/3996
f 5737/629/3983 5741/624/3983 5739/626/3983 5735/630/3983
f 5742/623/3984 5738/631/3984 5736/632/3984 5740/625/3984
f 5743/619/3997 5744/620/3997 5746/621/3997 5745/622/3997
f 5745/622/3998 5746/621/3998 5750/623/3998 5749/624/3998
f 5749/624/3999 5750/623/3999 5748/625/3999 5747/626/3999
f 5747/626/4000 5748/625/4000 5744/627/4000 5743/628/4000
f 5745/629/3983 5749/624/3983 5747/626/3983 5743/630/3983
f 5750/623/3984 5746/631/3984 5744/632/3984 5748/625/3984
f 5751/619/4001 5752/620/4001 5754/621/4001 5753/622/4001
f 5753/622/4002 5754/621/4002 5758/623/4002 5757/624/4002
f 5757/624/4003 5758/623/4003 5756/625/4003 5755/626/4003
f 5755/626/4004 5756/625/4004 5752/627/4004 5751/628/4004
f 5753/629/3983 5757/624/3983 5755/626/3983 5751/630/3983
f 5758/623/3984 5754/631/3984 5752/632/3984 5756/625/3984
f 5759/619/4005 5760/620/4005 5762/621/4005 5761/622/4005
f 5761/622/4006 5762/621/4006 5766/623/4006 5765/624/4006
f 5765/624/4007 5766/623/4007 5764/625/4007 5763/626/4007
f 5763/626/4008 5764/625/4008 5760/627/4008 5759/628/4008
f 5761/629/3983 5765/624/3983 5763/626/3983 5759/630/3983
f 5766/623/3984 5762/631/3984 5760/632/3984 5764/625/3984
f 5767/619/4009 5768/620/4009 5770/621/4009 5769/622/4009
f 5769/622/4010 5770/621/4010 5774/623/4010 5773/624/4010
f 5773/624/4011 5774/623/4011 5772/625/4011 5771/626/4011
f 5771/626/4012 5772/625/4012 5768/627/4012 5767/628/4012
f 5769/629/3983 5773/624/3983 5771/626/3983 5767/630/3983
f 5774/623/3984 5770/631/3984 5768/632/3984 5772/625/3984
f 5775/619/4013 5776/620/4013 5778/621/4013 5777/622/4013
f 5777/622/4014 5778/621/4014 5782/623/4014 5781/624/4014
f 5781/624/4015 5782/623/4015 5780/625/4015 5779/626/4015
f 5779/626/4016 5780/625/4016 5776/627/4016 5775/628/4016
f 5777/629/3983 5781/624/3983 5779/626/3983 5775/630/3983
f 5782/623/3984 5778/631/3984 5776/632/3984 5780/625/3984
f 5783/619/4017 5784/620/4017 5786/621/4017 5785/622/4017
f 5785/622/4018 5786/621/4018 5790/623/4018 5789/624/4018
f 5789/624/4019 5790/623/4019 5788/625/4019 5787/626/4019
f 5787/626/4020 5788/625/4020 5784/627/4020 5783/628/4020
f 5785/629/3983 5789/624/3983 5787/626/3983 5783/630/3983
f 5790/623/3984 5786/631/3984 5784/632/3984 5788/625/3984
f 5791/619/4021 5792/620/4021 5794/621/4021 5793/622/4021
f 5793/622/4022 5794/621/4022 5798/623/4022 5797/624/4022
f 5797/624/4023 5798/623/4023 5796/625/4023 5795/626/4023
f 5795/626/4024 5796/625/4024 5792/627/4024 5791/628/4024
f 5793/629/3983 5797/624/3983 5795/626/3983 5791/630/3983
f 5798/623/4025 5794/631/4025 5792/632/4025 5796/625/4025
f 5799/619/4026 5800/620/4026 5802/621/4026 5801/622/4026
f 5801/622/4027 5802/621/4027 5806/623/4027 5805/624/4027
f 5805/624/4028 5806/623/4028 5804/625/4028 5803/626/4028
f 5803/626/4029 5804/625/4029 5800/627/4029 5799/628/4029
f 5801/629/4030 5805/624/4030 5803/626/4030 5799/630/4030
f 5806/623/4031 5802/631/4031 5800/632/4031 5804/625/4031
f 5807/619/4032 5808/620/4032 5810/621/4032 5809/622/4032
f 5809/622/4033 5810/621/4033 5814/623/4033 5813/624/4033
f 5813/624/4034 5814/623/4034 5812/625/4034 5811/626/4034
f 5811/626/4035 5812/625/4035 5808/627/4035 5807/628/4035
f 5809/629/4036 5813/624/4036 5811/626/4036 5807/630/4036
f 5814/623/4037 5810/631/4037 5808/632/4037 5812/625/4037
f 5815/619/4038 5816/620/4038 5818/621/4038 5817/622/4038
f 5817/622/4039 5818/621/4039 5822/623/4039 5821/624/4039
f 5821/624/4040 5822/623/4040 5820/625/4040 5819/626/4040
f 5819/626/4041 5820/625/4041 5816/627/4041 5815/628/4041
f 5817/629/4042 5821/624/4042 5819/626/4042 5815/630/4042
f 5822/623/4043 5818/631/4043 5816/632/4043 5820/625/4043
f 5823/619/4044 5824/620/4044 5826/621/4044 5825/622/4044
f 5825/622/4045 5826/621/4045 5830/623/4045 5829/624/4045
f 5829/624/4046 5830/623/4046 5828/625/4046 5827/626/4046
f 5827/626/4047 5828/625/4047 5824/627/4047 5823/628/4047
f 5825/629/4048 5829/624/4048 5827/626/4048 5823/630/4048
f 5830/623/4049 5826/631/4049 5824/632/4049 5828/625/4049
f 5831/619/4050 5832/620/4050 5834/621/4050 5833/622/4050
f 5833/622/4051 5834/621/4051 5838/623/4051 5837/624/4051
f 5837/624/4052 5838/623/4052 5836/625/4052 5835/626/4052
f 5835/626/4053 5836/625/4053 5832/627/4053 5831/628/4053
f 5833/629/4054 5837/624/4054 5835/626/4054 5831/630/4054
f 5838/623/4055 5834/631/4055 5832/632/4055 5836/625/4055
f 5839/619/4056 5840/620/4056 5842/621/4056 5841/622/4056
f 5841/622/4057 5842/621/4057 5846/623/4057 5845/624/4057
f 5845/624/4058 5846/623/4058 5844/625/4058 5843/626/4058
f 5843/626/4059 5844/625/4059 5840/627/4059 5839/628/4059
f 5841/629/4060 5845/624/4060 5843/626/4060 5839/630/4060
f 5846/623/4061 5842/631/4061 5840/632/4061 5844/625/4061
f 5847/619/4062 5848/620/4062 5850/621/4062 5849/622/4062
f 5849/622/4063 5850/621/4063 5854/623/4063 5853/624/4063
f 5853/624/4064 5854/623/4064 5852/625/4064 5851/626/4064
f 5851/626/4065 5852/625/4065 5848/627/4065 5847/628/4065
f 5849/629/4066 5853/624/4066 5851/626/4066 5847/630/4066
f 5854/623/4067 5850/631/4067 5848/632/4067 5852/625/4067
f 5855/619/4068 5856/620/4068 5858/621/4068 5857/622/4068
f 5857/622/4069 5858/621/4069 5862/623/4069 5861/624/4069
f 5861/624/4070 5862/623/4070 5860/625/4070 5859/626/4070
f 5859/626/4071 5860/625/4071 5856/627/4071 5855/628/4071
f 5857/629/4072 5861/624/4072 5859/626/4072 5855/630/4072
f 5862/623/4073 5858/631/4073 5856/632/4073 5860/625/4073
f 5863/619/4074 5864/620/4074 5866/621/4074 5865/622/4074
f 5865/622/4075 5866/621/4075 5870/623/4075 5869/624/4075
f 5869/624/4076 5870/623/4076 5868/625/4076 5867/626/4076
f 5867/626/4077 5868/625/4077 5864/627/4077 5863/628/4077
f 5865/629/4078 5869/624/4078 5867/626/4078 5863/630/4078
f 5870/623/4079 5866/631/4079 5864/632/4079 5868/625/4079
f 5871/619/4080 5872/620/4080 5874/621/4080 5873/622/4080
f 5873/622/4081 5874/621/4081 5878/623/4081 5877/624/4081
f 5877/624/4082 5878/623/4082 5876/625/4082 5875/626/4082
f 5875/626/4083 5876/625/4083 5872/627/4083 5871/628/4083
f 5873/629/4084 5877/624/4084 5875/626/4084 5871/630/4084
f 5878/623/4085 5874/631/4085 5872/632/4085 5876/625/4085
f 5879/619/4086 5880/620/4086 5882/621/4086 5881/622/4086
f 5881/622/4087 5882/621/4087 5886/623/4087 5885/624/4087
f 5885/624/4088 5886/623/4088 5884/625/4088 5883/626/4088
f 5883/626/4089 5884/625/4089 5880/627/4089 5879/628/4089
f 5881/629/4090 5885/624/4090 5883/626/4090 5879/630/4090
f 5886/623/4091 5882/631/4091 5880/632/4091 5884/625/4091
f 5887/619/4092 5888/620/4092 5890/621/4092 5889/622/4092
f 5889/622/4093 5890/621/4093 5894/623/4093 5893/624/4093
f 5893/624/4094 5894/623/4094 5892/625/4094 5891/626/4094
f 5891/626/4095 5892/625/4095 5888/627/4095 5887/628/4095
f 5889/629/4096 5893/624/4096 5891/626/4096 5887/630/4096
f 5894/623/4097 5890/631/4097 5888/632/4097 5892/625/4097
f 5895/619/4098 5896/620/4098 5898/621/4098 5897/622/4098
f 5897/622/4099 5898/621/4099 5902/623/4099 5901/624/4099
f 5901/624/4100 5902/623/4100 5900/625/4100 5899/626/4100
f 5899/626/4101 5900/625/4101 5896/627/4101 5895/628/4101
f 5897/629/4102 5901/624/4102 5899/626/4102 5895/630/4102
f 5902/623/4103 5898/631/4103 5896/632/4103 5900/625/4103
f 5903/619/4104 5904/620/4104 5906/621/4104 5905/622/4104
f 5905/622/4105 5906/621/4105 5910/623/4105 5909/624/4105
f 5909/624/4106 5910/623/4106 5908/625/4106 5907/626/4106
f 5907/626/4107 5908/625/4107 5904/627/4107 5903/628/4107
f 5905/629/4108 5909/624/4108 5907/626/4108 5903/630/4108
f 5910/623/4109 5906/631/4109 5904/632/4109 5908/625/4109
f 5911/619/4110 5912/620/4110 5914/621/4110 5913/622/4110
f 5913/622/4111 5914/621/4111 5918/623/4111 5917/624/4111
f 5917/624/4112 5918/623/4112 5916/625/4112 5915/626/4112
f 5915/626/4113 5916/625/4113 5912/627/4113 5911/628/4113
f 5913/629/4114 5917/624/4114 5915/626/4114 5911/630/4114
f 5918/623/4115 5914/631/4115 5912/632/4115 5916/625/4115
f 5919/619/4116 5920/620/4116 5922/621/4116 5921/622/4116
f 5921/622/4117 5922/621/4117 5926/623/4117 5925/624/4117
f 5925/624/4118 5926/623/4118 5924/625/4118 5923/626/4118
f 5923/626/4119 5924/625/4119 5920/627/4119 5919/628/4119
f 5921/629/4120 5925/624/4120 5923/626/4120 5919/630/4120
f 5926/623/4121 5922/631/4121 5920/632/4121 5924/625/4121
f 5927/619/4122 5928/620/4122 5930/621/4122 5929/622/4122
f 5929/622/4123 5930/621/4123 5934/623/4123 5933/624/4123
f 5933/624/4124 5934/623/4124 5932/625/4124 5931/626/4124
f 5931/626/4125 5932/625/4125 5928/627/4125 5927/628/4125
f 5929/629/4126 5933/624/4126 5931/626/4126 5927/630/4126
f 5934/623/4127 5930/631/4127 5928/632/4127 5932/625/4127
f 5935/619/4128 5936/620/4128 5938/621/4128 5937/622/4128
f 5937/622/4129 5938/621/4129 5942/623/4129 5941/624/4129
f 5941/624/4130 5942/623/4130 5940/625/4130 5939/626/4130
f 5939/626/4131 5940/625/4131 5936/627/4131 5935/628/4131
f 5937/629/4132 5941/624/4132 5939/626/4132 5935/630/4132
f 5942/623/4133 5938/631/4133 5936/632/4133 5940/625/4133
f 5943/619/4134 5944/620/4134 5946/621/4134 5945/622/4134
f 5945/622/4135 5946/621/4135 5950/623/4135 5949/624/4135
f 5949/624/4136 5950/623/4136 5948/625/4136 5947/626/4136
f 5947/626/4137 5948/625/4137 5944/627/4137 5943/628/4137
f 5945/629/4138 5949/624/4138 5947/626/4138 5943/630/4138
f 5950/623/4139 5946/631/4139 5944/632/4139 5948/625/4139
f 5951/619/4140 5952/620/4140 5954/621/4140 5953/622/4140
f 5953/622/4141 5954/621/4141 5958/623/4141 5957/624/4141
f 5957/624/4142 5958/623/4142 5956/625/4142 5955/626/4142
f 5955/626/4143 5956/625/4143 5952/627/4143 5951/628/4143
f 5953/629/4144 5957/624/4144 5955/626/4144 5951/630/4144
f 5958/623/4145 5954/631/4145 5952/632/4145 5956/625/4145
f 5959/619/4146 5960/620/4146 5962/621/4146 5961/622/4146
f 5961/622/4147 5962/621/4147 5966/623/4147 5965/624/4147
f 5965/624/4148 5966/623/4148 5964/625/4148 5963/626/4148
f 5963/626/4149 5964/625/4149 5960/627/4149 5959/628/4149
f 5961/629/4150 5965/624/4150 5963/626/4150 5959/630/4150
f 5966/623/4151 5962/631/4151 5960/632/4151 5964/625/4151
f 5967/619/4152 5968/620/4152 5970/621/4152 5969/622/4152
f 5969/622/4153 5970/621/4153 5974/623/4153 5973/624/4153
f 5973/624/4154 5974/623/4154 5972/625/4154 5971/626/4154
f 5971/626/4155 5972/625/4155 5968/627/4155 5967/628/4155
f 5969/629/4156 5973/624/4156 5971/626/4156 5967/630/4156
f 5974/623/4157 5970/631/4157 5968/632/4157 5972/625/4157
f 5975/619/4158 5976/620/4158 5978/621/4158 5977/622/4158
f 5977/622/4159 5978/621/4159 5982/623/4159 5981/624/4159
f 5981/624/4160 5982/623/4160 5980/625/4160 5979/626/4160
f 5979/626/4161 5980/625/4161 5976/627/4161 5975/628/4161
f 5977/629/4162 5981/624/4162 5979/626/4162 5975/630/4162
f 5982/623/4163 5978/631/4163 5976/632/4163 5980/625/4163
f 5983/619/4164 5984/620/4164 5986/621/4164 5985/622/4164
f 5985/622/4165 5986/621/4165 5990/623/4165 5989/624/4165
f 5989/624/4166 5990/623/4166 5988/625/4166 5987/626/4166
f 5987/626/4167 5988/625/4167 5984/627/4167 5983/628/4167
f 5985/629/4168 5989/624/4168 5987/626/4168 5983/630/4168
f 5990/623/4169 5986/631/4169 5984/632/4169 5988/625/4169
f 5991/619/4170 5992/620/4170 5994/621/4170 5993/622/4170
f 5993/622/4171 5994/621/4171 5998/623/4171 5997/624/4171
f 5997/624/4172 5998/623/4172 5996/625/4172 5995/626/4172
f 5995/626/4173 5996/625/4173 5992/627/4173 5991/628/4173
f 5993/629/4174 5997/624/4174 5995/626/4174 5991/630/4174
f 5998/623/4175 5994/631/4175 5992/632/4175 5996/625/4175
f 5999/619/4176 6000/620/4176 6002/621/4176 6001/622/4176
f 6001/622/4177 6002/621/4177 6006/623/4177 6005/624/4177
f 6005/624/4178 6006/623/4178 6004/625/4178 6003/626/4178
f 6003/626/4179 6004/625/4179 6000/627/4179 5999/628/4179
f 6001/629/4180 6005/624/4180 6003/626/4180 5999/630/4180
f 6006/623/4181 6002/631/4181 6000/632/4181 6004/625/4181
f 6007/619/4182 6008/620/4182 6010/621/4182 6009/622/4182
f 6009/622/4183 6010/621/4183 6014/623/4183 6013/624/4183
f 6013/624/4184 6014/623/4184 6012/625/4184 6011/626/4184
f 6011/626/4185 6012/625/4185 6008/627/4185 6007/628/4185
f 6009/629/4186 6013/624/4186 6011/626/4186 6007/630/4186
f 6014/623/4187 6010/631/4187 6008/632/4187 6012/625/4187
f 6015/619/4188 6016/620/4188 6018/621/4188 6017/622/4188
f 6017/622/4189 6018/621/4189 6022/623/4189 6021/624/4189
f 6021/624/4190 6022/623/4190 6020/625/4190 6019/626/4190
f 6019/626/4191 6020/625/4191 6016/627/4191 6015/628/4191
f 6017/629/4192 6021/624/4192 6019/626/4192 6015/630/4192
f 6022/623/4193 6018/631/4193 6016/632/4193 6020/625/4193
f 6023/619/4194 6024/620/4194 6026/621/4194 6025/622/4194
f 6025/622/4195 6026/621/4195 6030/623/4195 6029/624/4195
f 6029/624/4196 6030/623/4196 6028/625/4196 6027/626/4196
f 6027/626/4197 6028/625/4197 6024/627/4197 6023/628/4197
f 6025/629/4198 6029/624/4198 6027/626/4198 6023/630/4198
f 6030/623/4199 6026/631/4199 6024/632/4199 6028/625/4199
f 6031/619/4200 6032/620/4200 6034/621/4200 6033/622/4200
f 6033/622/4201 6034/621/4201 6038/623/4201 6037/624/4201
f 6037/624/4202 6038/623/4202 6036/625/4202 6035/626/4202
f 6035/626/4203 6036/625/4203 6032/627/4203 6031/628/4203
f 6033/629/4204 6037/624/4204 6035/626/4204 6031/630/4204
f 6038/623/4205 6034/631/4205 6032/632/4205 6036/625/4205
f 6039/619/4206 6040/620/4206 6042/621/4206 6041/622/4206
f 6041/622/4207 6042/621/4207 6046/623/4207 6045/624/4207
f 6045/624/4208 6046/623/4208 6044/625/4208 6043/626/4208
f 6043/626/4209 6044/625/4209 6040/627/4209 6039/628/4209
f 6041/629/4210 6045/624/4210 6043/626/4210 6039/630/4210
f 6046/623/4211 6042/631/4211 6040/632/4211 6044/625/4211
f 6047/619/4212 6048/620/4212 6050/621/4212 6049/622/4212
f 6049/622/4213 6050/621/4213 6054/623/4213 6053/624/4213
f 6053/624/4214 6054/623/4214 6052/625/4214 6051/626/4214
f 6051/626/4215 6052/625/4215 6048/627/4215 6047/628/4215
f 6049/629/4216 6053/624/4216 6051/626/4216 6047/630/4216
f 6054/623/4217 6050/631/4217 6048/632/4217 6052/625/4217
f 6055/619/4218 6056/620/4218 6058/621/4218 6057/622/4218
f 6057/622/4219 6058/621/4219 6062/623/4219 6061/624/4219
f 6061/624/4220 6062/623/4220 6060/625/4220 6059/626/4220
f 6059/626/4221 6060/625/4221 6056/627/4221 6055/628/4221
f 6057/629/4222 6061/624/4222 6059/626/4222 6055/630/4222
f 6062/623/4223 6058/631/4223 6056/632/4223 6060/625/4223
f 6063/619/4224 6064/620/4224 6066/621/4224 6065/622/4224
f 6065/622/4225 6066/621/4225 6070/623/4225 6069/624/4225
f 6069/624/4226 6070/623/4226 6068/625/4226 6067/626/4226
f 6067/626/4227 6068/625/4227 6064/627/4227 6063/628/4227
f 6065/629/4228 6069/624/4228 6067/626/4228 6063/630/4228
f 6070/623/4229 6066/631/4229 6064/632/4229 6068/625/4229
f 6071/619/4230 6072/620/4230 6074/621/4230 6073/622/4230
f 6073/622/4231 6074/621/4231 6078/623/4231 6077/624/4231
f 6077/624/4232 6078/623/4232 6076/625/4232 6075/626/4232
f 6075/626/4233 6076/625/4233 6072/627/4233 6071/628/4233
f 6073/629/4234 6077/624/4234 6075/626/4234 6071/630/4234
f 6078/623/4235 6074/631/4235 6072/632/4235 6076/625/4235
f 6079/619/4236 6080/620/4236 6082/621/4236 6081/622/4236
f 6081/622/4237 6082/621/4237 6086/623/4237 6085/624/4237
f 6085/624/4238 6086/623/4238 6084/625/4238 6083/626/4238
f 6083/626/4239 6084/625/4239 6080/627/4239 6079/628/4239
f 6081/629/4240 6085/624/4240 6083/626/4240 6079/630/4240
f 6086/623/4241 6082/631/4241 6080/632/4241 6084/625/4241
f 6087/619/4242 6088/620/4242 6090/621/4242 6089/622/4242
f 6089/622/4243 6090/621/4243 6094/623/4243 6093/624/4243
f 6093/624/4244 6094/623/4244 6092/625/4244 6091/626/4244
f 6091/626/4245 6092/625/4245 6088/627/4245 6087/628/4245
f 6089/629/4246 6093/624/4246 6091/626/4246 6087/630/4246
f 6094/623/4247 6090/631/4247 6088/632/4247 6092/625/4247
f 6095/619/4248 6096/620/4248 6098/621/4248 6097/622/4248
f 6097/622/4249 6098/621/4249 6102/623/4249 6101/624/4249
f 6101/624/4250 6102/623/4250 6100/625/4250 6099/626/4250
f 6099/626/4251 6100/625/4251 6096/627/4251 6095/628/4251
f 6097/629/4252 6101/624/4252 6099/626/4252 6095/630/4252
f 6102/623/4253 6098/631/4253 6096/632/4253 6100/625/4253
f 6103/619/4254 6104/620/4254 6106/621/4254 6105/622/4254
f 6105/622/4255 6106/621/4255 6110/623/4255 6109/624/4255
f 6109/624/4256 6110/623/4256 6108/625/4256 6107/626/4256
f 6107/626/4257 6108/625/4257 6104/627/4257 6103/628/4257
f 6105/629/4258 6109/624/4258 6107/626/4258 6103/630/4258
f 6110/623/4259 6106/631/4259 6104/632/4259 6108/625/4259
f 6111/619/4260 6112/620/4260 6114/621/4260 6113/622/4260
f 6113/622/4261 6114/621/4261 6118/623/4261 6117/624/4261
f 6117/624/4262 6118/623/4262 6116/625/4262 6115/626/4262
f 6115/626/4263 6116/625/4263 6112/627/4263 6111/628/4263
f 6113/629/4264 6117/624/4264 6115/626/4264 6111/630/4264
f 6118/623/4265 6114/631/4265 6112/632/4265 6116/625/4265
f 6119/619/4266 6120/620/4266 6122/621/4266 6121/622/4266
f 6121/622/4267 6122/621/4267 6126/623/4267 6125/624/4267
f 6125/624/4268 6126/623/4268 6124/625/4268 6123/626/4268
f 6123/626/4269 6124/625/4269 6120/627/4269 6119/628/4269
f 6121/629/4270 6125/624/4270 6123/626/4270 6119/630/4270
f 6126/623/4271 6122/631/4271 6120/632/4271 6124/625/4271
f 6127/619/4272 6128/620/4272 6130/621/4272 6129/622/4272
f 6129/622/4273 6130/621/4273 6134/623/4273 6133/624/4273
f 6133/624/4274 6134/623/4274 6132/625/4274 6131/626/4274
f 6131/626/4275 6132/625/4275 6128/627/4275 6127/628/4275
f 6129/629/4276 6133/624/4276 6131/626/4276 6127/630/4276
f 6134/623/4277 6130/631/4277 6128/632/4277 6132/625/4277
f 6135/619/4278 6136/620/4278 6138/621/4278 6137/622/4278
f 6137/622/4279 6138/621/4279 6142/623/4279 6141/624/4279
f 6141/624/4280 6142/623/4280 6140/625/4280 6139/626/4280
f 6139/626/4281 6140/625/4281 6136/627/4281 6135/628/4281
f 6137/629/4282 6141/624/4282 6139/626/4282 6135/630/4282
f 6142/623/4283 6138/631/4283 6136/632/4283 6140/625/4283
f 6143/619/4284 6144/620/4284 6146/621/4284 6145/622/4284
f 6145/622/4285 6146/621/4285 6150/623/4285 6149/624/4285
f 6149/624/4286 6150/623/4286 6148/625/4286 6147/626/4286
f 6147/626/4287 6148/625/4287 6144/627/4287 6143/628/4287
f 6145/629/4288 6149/624/4288 6147/626/4288 6143/630/4288
f 6150/623/4289 6146/631/4289 6144/632/4289 6148/625/4289
f 6151/619/4290 6152/620/4290 6154/621/4290 6153/622/4290
f 6153/622/4291 6154/621/4291 6158/623/4291 6157/624/4291
f 6157/624/4292 6158/623/4292 6156/625/4292 6155/626/4292
f 6155/626/4293 6156/625/4293 6152/627/4293 6151/628/4293
f 6153/629/4294 6157/624/4294 6155/626/4294 6151/630/4294
f 6158/623/4295 6154/631/4295 6152/632/4295 6156/625/4295
f 6159/619/4296 6160/620/4296 6162/621/4296 6161/622/4296
f 6161/622/4297 6162/621/4297 6166/623/4297 6165/624/4297
f 6165/624/4298 6166/623/4298 6164/625/4298 6163/626/4298
f 6163/626/4299 6164/625/4299 6160/627/4299 6159/628/4299
f 6161/629/4300 6165/624/4300 6163/626/4300 6159/630/4300
f 6166/623/4301 6162/631/4301 6160/632/4301 6164/625/4301
f 6167/619/4302 6168/620/4302 6170/621/4302 6169/622/4302
f 6169/622/4303 6170/621/4303 6174/623/4303 6173/624/4303
f 6173/624/4304 6174/623/4304 6172/625/4304 6171/626/4304
f 6171/626/4305 6172/625/4305 6168/627/4305 6167/628/4305
f 6169/629/4306 6173/624/4306 6171/626/4306 6167/630/4306
f 6174/623/4307 6170/631/4307 6168/632/4307 6172/625/4307
f 6175/619/4308 6176/620/4308 6178/621/4308 6177/622/4308
f 6177/622/4309 6178/621/4309 6182/623/4309 6181/624/4309
f 6181/624/4310 6182/623/4310 6180/625/4310 6179/626/4310
f 6179/626/4311 6180/625/4311 6176/627/4311 6175/628/4311
f 6177/629/4312 6181/624/4312 6179/626/4312 6175/630/4312
f 6182/623/4313 6178/631/4313 6176/632/4313 6180/625/4313
f 6183/619/4314 6184/620/4314 6186/621/4314 6185/622/4314
f 6185/622/4315 6186/621/4315 6190/623/4315 6189/624/4315
f 6189/624/4316 6190/623/4316 6188/625/4316 6187/626/4316
f 6187/626/4317 6188/625/4317 6184/627/4317 6183/628/4317
f 6185/629/4318 6189/624/4318 6187/626/4318 6183/630/4318
f 6190/623/4319 6186/631/4319 6184/632/4319 6188/625/4319
f 6191/619/4320 6192/620/4320 6194/621/4320 6193/622/4320
f 6193/622/4321 6194/621/4321 6198/623/4321 6197/624/4321
f 6197/624/4322 6198/623/4322 6196/625/4322 6195/626/4322
f 6195/626/4323 6196/625/4323 6192/627/4323 6191/628/4323
f 6193/629/4324 6197/624/4324 6195/626/4324 6191/630/4324
f 6198/623/4325 6194/631/4325 6192/632/4325 6196/625/4325
f 6199/619/4326 6200/620/4326 6202/621/4326 6201/622/4326
f 6201/622/4327 6202/621/4327 6206/623/4327 6205/624/4327
f 6205/624/4328 6206/623/4328 6204/625/4328 6203/626/4328
f 6203/626/4329 6204/625/4329 6200/627/4329 6199/628/4329
f 6201/629/4330 6205/624/4330 6203/626/4330 6199/630/4330
f 6206/623/4331 6202/631/4331 6200/632/4331 6204/625/4331
f 6207/619/4332 6208/620/4332 6210/621/4332 6209/622/4332
f 6209/622/4333 6210/621/4333 6214/623/4333 6213/624/4333
f 6213/624/4334 6214/623/4334 6212/625/4334 6211/626/4334
f 6211/626/4335 6212/625/4335 6208/627/4335 6207/628/4335
f 6209/629/4336 6213/624/4336 6211/626/4336 6207/630/4336
f 6214/623/4337 6210/631/4337 6208/632/4337 6212/625/4337
f 6215/619/4338 6216/620/4338 6218/621/4338 6217/622/4338
f 6217/622/4339 6218/621/4339 6222/623/4339 6221/624/4339
f 6221/624/4340 6222/623/4340 6220/625/4340 6219/626/4340
f 6219/626/4341 6220/625/4341 6216/627/4341 6215/628/4341
f 6217/629/4342 6221/624/4342 6219/626/4342 6215/630/4342
f 6222/623/4343 6218/631/4343 6216/632/4343 6220/625/4343
f 6223/619/4344 6224/620/4344 6226/621/4344 6225/622/4344
f 6225/622/4345 6226/621/4345 6230/623/4345 6229/624/4345
f 6229/624/4346 6230/623/4346 6228/625/4346 6227/626/4346
f 6227/626/4347 6228/625/4347 6224/627/4347 6223/628/4347
f 6225/629/4348 6229/624/4348 6227/626/4348 6223/630/4348
f 6230/623/4349 6226/631/4349 6224/632/4349 6228/625/4349
f 6231/619/4350 6232/620/4350 6234/621/4350 6233/622/4350
f 6233/622/4351 6234/621/4351 6238/623/4351 6237/624/4351
f 6237/624/4352 6238/623/4352 6236/625/4352 6235/626/4352
f 6235/626/4353 6236/625/4353 6232/627/4353 6231/628/4353
f 6233/629/4354 6237/624/4354 6235/626/4354 6231/630/4354
f 6238/623/4355 6234/631/4355 6232/632/4355 6236/625/4355
f 6239/619/4356 6240/620/4356 6242/621/4356 6241/622/4356
f 6241/622/4357 6242/621/4357 6246/623/4357 6245/624/4357
f 6245/624/4358 6246/623/4358 6244/625/4358 6243/626/4358
f 6243/626/4359 6244/625/4359 6240/627/4359 6239/628/4359
f 6241/629/4360 6245/624/4360 6243/626/4360 6239/630/4360
f 6246/623/4361 6242/631/4361 6240/632/4361 6244/625/4361
f 6247/619/4362 6248/620/4362 6250/621/4362 6249/622/4362
f 6249/622/4363 6250/621/4363 6254/623/4363 6253/624/4363
f 6253/624/4364 6254/623/4364 6252/625/4364 6251/626/4364
f 6251/626/4365 6252/625/4365 6248/627/4365 6247/628/4365
f 6249/629/4366 6253/624/4366 6251/626/4366 6247/630/4366
f 6254/623/4367 6250/631/4367 6248/632/4367 6252/625/4367
f 6255/619/4368 6256/620/4368 6258/621/4368 6257/622/4368
f 6257/622/4369 6258/621/4369 6262/623/4369 6261/624/4369
f 6261/624/4370 6262/623/4370 6260/625/4370 6259/626/4370
f 6259/626/4371 6260/625/4371 6256/627/4371 6255/628/4371
f 6257/629/4372 6261/624/4372 6259/626/4372 6255/630/4372
f 6262/623/4373 6258/631/4373 6256/632/4373 6260/625/4373
f 6263/619/4374 6264/620/4374 6266/621/4374 6265/622/4374
f 6265/622/4375 6266/621/4375 6270/623/4375 6269/624/4375
f 6269/624/4376 6270/623/4376 6268/625/4376 6267/626/4376
f 6267/626/4377 6268/625/4377 6264/627/4377 6263/628/4377
f 6265/629/4378 6269/624/4378 6267/626/4378 6263/630/4378
f 6270/623/4379 6266/631/4379 6264/632/4379 6268/625/4379
f 6271/619/4380 6272/620/4380 6274/621/4380 6273/622/4380
f 6273/622/4381 6274/621/4381 6278/623/4381 6277/624/4381
f 6277/624/4382 6278/623/4382 6276/625/4382 6275/626/4382
f 6275/626/4383 6276/625/4383 6272/627/4383 6271/628/4383
f 6273/629/4384 6277/624/4384 6275/626/4384 6271/630/4384
f 6278/623/4385 6274/631/4385 6272/632/4385 6276/625/4385
f 6279/619/4386 6280/620/4386 6282/621/4386 6281/622/4386
f 6281/622/4387 6282/621/4387 6286/623/4387 6285/624/4387
f 6285/624/4388 6286/623/4388 6284/625/4388 6283/626/4388
f 6283/626/4389 6284/625/4389 6280/627/4389 6279/628/4389
f 6281/629/4390 6285/624/4390 6283/626/4390 6279/630/4390
f 6286/623/4391 6282/631/4391 6280/632/4391 6284/625/4391
f 6287/619/4392 6288/620/4392 6290/621/4392 6289/622/4392
f 6289/622/4393 6290/621/4393 6294/623/4393 6293/624/4393
f 6293/624/4394 6294/623/4394 6292/625/4394 6291/626/4394
f 6291/626/4395 6292/625/4395 6288/627/4395 6287/628/4395
f 6289/629/4396 6293/624/4396 6291/626/4396 6287/630/4396
f 6294/623/4397 6290/631/4397 6288/632/4397 6292/625/4397
f 6295/619/4398 6296/620/4398 6298/621/4398 6297/622/4398
f 6297/622/4399 6298/621/4399 6302/623/4399 6301/624/4399
f 6301/624/4400 6302/623/4400 6300/625/4400 6299/626/4400
f 6299/626/4401 6300/625/4401 6296/627/4401 6295/628/4401
f 6297/629/4402 6301/624/4402 6299/626/4402 6295/630/4402
f 6302/623/4403 6298/631/4403 6296/632/4403 6300/625/4403
f 6303/619/4404 6304/620/4404 6306/621/4404 6305/622/4404
f 6305/622/4405 6306/621/4405 6310/623/4405 6309/624/4405
f 6309/624/4406 6310/623/4406 6308/625/4406 6307/626/4406
f 6307/626/4407 6308/625/4407 6304/627/4407 6303/628/4407
f 6305/629/4408 6309/624/4408 6307/626/4408 6303/630/4408
f 6310/623/4409 6306/631/4409 6304/632/4409 6308/625/4409
f 6311/619/4410 6312/620/4410 6314/621/4410 6313/622/4410
f 6313/622/4411 6314/621/4411 6318/623/4411 6317/624/4411
f 6317/624/4412 6318/623/4412 6316/625/4412 6315/626/4412
f 6315/626/4413 6316/625/4413 6312/627/4413 6311/628/4413
f 6313/629/4414 6317/624/4414 6315/626/4414 6311/630/4414
f 6318/623/4415 6314/631/4415 6312/632/4415 6316/625/4415
f 6319/619/4416 6320/620/4416 6322/621/4416 6321/622/4416
f 6321/622/4417 6322/621/4417 6326/623/4417 6325/624/4417
f 6325/624/4418 6326/623/4418 6324/625/4418 6323/626/4418
f 6323/626/4419 6324/625/4419 6320/627/4419 6319/628/4419
f 6321/629/4420 6325/624/4420 6323/626/4420 6319/630/4420
f 6326/623/4421 6322/631/4421 6320/632/4421 6324/625/4421
f 6327/619/4422 6328/620/4422 6330/621/4422 6329/622/4422
f 6329/622/4423 6330/621/4423 6334/623/4423 6333/624/4423
f 6333/624/4424 6334/623/4424 6332/625/4424 6331/626/4424
f 6331/626/4425 6332/625/4425 6328/627/4425 6327/628/4425
f 6329/629/4426 6333/624/4426 6331/626/4426 6327/630/4426
f 6334/623/4427 6330/631/4427 6328/632/4427 6332/625/4427
f 6335/619/4428 6336/620/4428 6338/621/4428 6337/622/4428
f 6337/622/4429 6338/621/4429 6342/623/4429 6341/624/4429
f 6341/624/4430 6342/623/4430 6340/625/4430 6339/626/4430
f 6339/626/4431 6340/625/4431 6336/627/4431 6335/628/4431
f 6337/629/4432 6341/624/4432 6339/626/4432 6335/630/4432
f 6342/623/4433 6338/631/4433 6336/632/4433 6340/625/4433
f 6343/619/4434 6344/620/4434 6346/621/4434 6345/622/4434
f 6345/622/4435 6346/621/4435 6350/623/4435 6349/624/4435
f 6349/624/4436 6350/623/4436 6348/625/4436 6347/626/4436
f 6347/626/4437 6348/625/4437 6344/627/4437 6343/628/4437
f 6345/629/4438 6349/624/4438 6347/626/4438 6343/630/4438
f 6350/623/4439 6346/631/4439 6344/632/4439 6348/625/4439
f 6351/619/4440 6352/620/4440 6354/621/4440 6353/622/4440
f 6353/622/4441 6354/621/4441 6358/623/4441 6357/624/4441
f 6357/624/4442 6358/623/4442 6356/625/4442 6355/626/4442
f 6355/626/4443 6356/625/4443 6352/627/4443 6351/628/4443
f 6353/629/4444 6357/624/4444 6355/626/4444 6351/630/4444
f 6358/623/4445 6354/631/4445 6352/632/4445 6356/625/4445
f 6359/619/4446 6360/620/4446 6362/621/4446 6361/622/4446
f 6361/622/4447 6362/621/4447 6366/623/4447 6365/624/4447
f 6365/624/4448 6366/623/4448 6364/625/4448 6363/626/4448
f 6363/626/4449 6364/625/4449 6360/627/4449 6359/628/4449
f 6361/629/4450 6365/624/4450 6363/626/4450 6359/630/4450
f 6366/623/4451 6362/631/4451 6360/632/4451 6364/625/4451
f 6367/619/4452 6368/620/4452 6370/621/4452 6369/622/4452
f 6369/622/4453 6370/621/4453 6374/623/4453 6373/624/4453
f 6373/624/4454 6374/623/4454 6372/625/4454 6371/626/4454
f 6371/626/4455 6372/625/4455 6368/627/4455 6367/628/4455
f 6369/629/4456 6373/624/4456 6371/626/4456 6367/630/4456
f 6374/623/4457 6370/631/4457 6368/632/4457 6372/625/4457
f 6375/619/4458 6376/620/4458 6378/621/4458 6377/622/4458
f 6377/622/4459 6378/621/4459 6382/623/4459 6381/624/4459
f 6381/624/4460 6382/623/4460 6380/625/4460 6379/626/4460
f 6379/626/4461 6380/625/4461 6376/627/4461 6375/628/4461
f 6377/629/4462 6381/624/4462 6379/626/4462 6375/630/4462
f 6382/623/4463 6378/631/4463 6376/632/4463 6380/625/4463
f 6383/619/4464 6384/620/4464 6386/621/4464 6385/622/4464
f 6385/622/4465 6386/621/4465 6390/623/4465 6389/624/4465
f 6389/624/4466 6390/623/4466 6388/625/4466 6387/626/4466
f 6387/626/4467 6388/625/4467 6384/627/4467 6383/628/4467
f 6385/629/4468 6389/624/4468 6387/626/4468 6383/630/4468
f 6390/623/4469 6386/631/4469 6384/632/4469 6388/625/4469
f 6391/619/4470 6392/620/4470 6394/621/4470 6393/622/4470
f 6393/622/4471 6394/621/4471 6398/623/4471 6397/624/4471
f 6397/624/4472 6398/623/4472 6396/625/4472 6395/626/4472
f 6395/626/4473 6396/625/4473 6392/627/4473 6391/628/4473
f 6393/629/4474 6397/624/4474 6395/626/4474 6391/630/4474
f 6398/623/4475 6394/631/4475 6392/632/4475 6396/625/4475
f 6399/619/4476 6400/620/4476 6402/621/4476 6401/622/4476
f 6401/622/4477 6402/621/4477 6406/623/4477 6405/624/4477
f 6405/624/4478 6406/623/4478 6404/625/4478 6403/626/4478
f 6403/626/4479 6404/625/4479 6400/627/4479 6399/628/4479
f 6401/629/4480 6405/624/4480 6403/626/4480 6399/630/4480
f 6406/623/4481 6402/631/4481 6400/632/4481 6404/625/4481
f 6407/619/4482 6408/620/4482 6410/621/4482 6409/622/4482
f 6409/622/4483 6410/621/4483 6414/623/4483 6413/624/4483
f 6413/624/4484 6414/623/4484 6412/625/4484 6411/626/4484
f 6411/626/4485 6412/625/4485 6408/627/4485 6407/628/4485
f 6409/629/4486 6413/624/4486 6411/626/4486 6407/630/4486
f 6414/623/4487 6410/631/4487 6408/632/4487 6412/625/4487
f 6415/619/4488 6416/620/4488 6418/621/4488 6417/622/4488
f 6417/622/4489 6418/621/4489 6422/623/4489 6421/624/4489
f 6421/624/4490 6422/623/4490 6420/625/4490 6419/626/4490
f 6419/626/4491 6420/625/4491 6416/627/4491 6415/628/4491
f 6417/629/4492 6421/624/4492 6419/626/4492 6415/630/4492
f 6422/623/4493 6418/631/4493 6416/632/4493 6420/625/4493
f 6423/619/4494 6424/620/4494 6426/621/4494 6425/622/4494
f 6425/622/4495 6426/621/4495 6430/623/4495 6429/624/4495
f 6429/624/4496 6430/623/4496 6428/625/4496 6427/626/4496
f 6427/626/4497 6428/625/4497 6424/627/4497 6423/628/4497
f 6425/629/4498 6429/624/4498 6427/626/4498 6423/630/4498
f 6430/623/4499 6426/631/4499 6424/632/4499 6428/625/4499
f 6431/619/4500 6432/620/4500 6434/621/4500 6433/622/4500
f 6433/622/4501 6434/621/4501 6438/623/4501 6437/624/4501
f 6437/624/4502 6438/623/4502 6436/625/4502 6435/626/4502
f 6435/626/4503 6436/625/4503 6432/627/4503 6431/628/4503
f 6433/629/4504 6437/624/4504 6435/626/4504 6431/630/4504
f 6438/623/4505 6434/631/4505 6432/632/4505 6436/625/4505
f 6439/619/4506 6440/620/4506 6442/621/4506 6441/622/4506
f 6441/622/4507 6442/621/4507 6446/623/4507 6445/624/4507
f 6445/624/4508 6446/623/4508 6444/625/4508 6443/626/4508
f 6443/626/4509 6444/625/4509 6440/627/4509 6439/628/4509
f 6441/629/4510 6445/624/4510 6443/626/4510 6439/630/4510
f 6446/623/4511 6442/631/4511 6440/632/4511 6444/625/4511
f 6447/619/4512 6448/620/4512 6450/621/4512 6449/622/4512
f 6449/622/4513 6450/621/4513 6454/623/4513 6453/624/4513
f 6453/624/4514 6454/623/4514 6452/625/4514 6451/626/4514
f 6451/626/4515 6452/625/4515 6448/627/4515 6447/628/4515
f 6449/629/4516 6453/624/4516 6451/626/4516 6447/630/4516
f 6454/623/4517 6450/631/4517 6448/632/4517 6452/625/4517
f 6455/619/4518 6456/620/4518 6458/621/4518 6457/622/4518
f 6457/622/4519 6458/621/4519 6462/623/4519 6461/624/4519
f 6461/624/4520 6462/623/4520 6460/625/4520 6459/626/4520
f 6459/626/4521 6460/625/4521 6456/627/4521 6455/628/4521
f 6457/629/4522 6461/624/4522 6459/626/4522 6455/630/4522
f 6462/623/4523 6458/631/4523 6456/632/4523 6460/625/4523
f 6463/619/4524 6464/620/4524 6466/621/4524 6465/622/4524
f 6465/622/4525 6466/621/4525 6470/623/4525 6469/624/4525
f 6469/624/4526 6470/623/4526 6468/625/4526 6467/626/4526
f 6467/626/4527 6468/625/4527 6464/627/4527 6463/628/4527
f 6465/629/4528 6469/624/4528 6467/626/4528 6463/630/4528
f 6470/623/4529 6466/631/4529 6464/632/4529 6468/625/4529
f 6471/619/4530 6472/620/4530 6474/621/4530 6473/622/4530
f 6473/622/4531 6474/621/4531 6478/623/4531 6477/624/4531
f 6477/624/4532 6478/623/4532 6476/625/4532 6475/626/4532
f 6475/626/4533 6476/625/4533 6472/627/4533 6471/628/4533
f 6473/629/4534 6477/624/4534 6475/626/4534 6471/630/4534
f 6478/623/4535 6474/631/4535 6472/632/4535 6476/625/4535
f 6479/619/4536 6480/620/4536 6482/621/4536 6481/622/4536
f 6481/622/4537 6482/621/4537 6486/623/4537 6485/624/4537
f 6485/624/4538 6486/623/4538 6484/625/4538 6483/626/4538
f 6483/626/4539 6484/625/4539 6480/627/4539 6479/628/4539
f 6481/629/4540 6485/624/4540 6483/626/4540 6479/630/4540
f 6486/623/4541 6482/631/4541 6480/632/4541 6484/625/4541
f 6487/619/4542 6488/620/4542 6490/621/4542 6489/622/4542
f 6489/622/4543 6490/621/4543 6494/623/4543 6493/624/4543
f 6493/624/4544 6494/623/4544 6492/625/4544 6491/626/4544
f 6491/626/4545 6492/625/4545 6488/627/4545 6487/628/4545
f 6489/629/4546 6493/624/4546 6491/626/4546 6487/630/4546
f 6494/623/4547 6490/631/4547 6488/632/4547 6492/625/4547
f 6495/619/4548 6496/620/4548 6498/621/4548 6497/622/4548
f 6497/622/4549 6498/621/4549 6502/623/4549 6501/624/4549
f 6501/624/4550 6502/623/4550 6500/625/4550 6499/626/4550
f 6499/626/4551 6500/625/4551 6496/627/4551 6495/628/4551
f 6497/629/4552 6501/624/4552 6499/626/4552 6495/630/4552
f 6502/623/4553 6498/631/4553 6496/632/4553 6500/625/4553
f 6503/619/4554 6504/620/4554 6506/621/4554 6505/622/4554
f 6505/622/4555 6506/621/4555 6510/623/4555 6509/624/4555
f 6509/624/4556 6510/623/4556 6508/625/4556 6507/626/4556
f 6507/626/4557 6508/625/4557 6504/627/4557 6503/628/4557
f 6505/629/4558 6509/624/4558 6507/626/4558 6503/630/4558
f 6510/623/4559 6506/631/4559 6504/632/4559 6508/625/4559
f 6511/619/4560 6512/620/4560 6514/621/4560 6513/622/4560
f 6513/622/4561 6514/621/4561 6518/623/4561 6517/624/4561
f 6517/624/4562 6518/623/4562 6516/625/4562 6515/626/4562
f 6515/626/4563 6516/625/4563 6512/627/4563 6511/628/4563
f 6513/629/4564 6517/624/4564 6515/626/4564 6511/630/4564
f 6518/623/4565 6514/631/4565 6512/632/4565 6516/625/4565
f 6519/619/4566 6520/620/4566 6522/621/4566 6521/622/4566
f 6521/622/4567 6522/621/4567 6526/623/4567 6525/624/4567
f 6525/624/4568 6526/623/4568 6524/625/4568 6523/626/4568
f 6523/626/4569 6524/625/4569 6520/627/4569 6519/628/4569
f 6521/629/4570 6525/624/4570 6523/626/4570 6519/630/4570
f 6526/623/4571 6522/631/4571 6520/632/4571 6524/625/4571
f 6527/619/4572 6528/620/4572 6530/621/4572 6529/622/4572
f 6529/622/4573 6530/621/4573 6534/623/4573 6533/624/4573
f 6533/624/4574 6534/623/4574 6532/625/4574 6531/626/4574
f 6531/626/4575 6532/625/4575 6528/627/4575 6527/628/4575
f 6529/629/4576 6533/624/4576 6531/626/4576 6527/630/4576
f 6534/623/4577 6530/631/4577 6528/632/4577 6532/625/4577
f 6535/619/4578 6536/620/4578 6538/621/4578 6537/622/4578
f 6537/622/4579 6538/621/4579 6542/623/4579 6541/624/4579
f 6541/624/4580 6542/623/4580 6540/625/4580 6539/626/4580
f 6539/626/4581 6540/625/4581 6536/627/4581 6535/628/4581
f 6537/629/4582 6541/624/4582 6539/626/4582 6535/630/4582
f 6542/623/4583 6538/631/4583 6536/632/4583 6540/625/4583
f 6543/619/4584 6544/620/4584 6546/621/4584 6545/622/4584
f 6545/622/4585 6546/621/4585 6550/623/4585 6549/624/4585
f 6549/624/4586 6550/623/4586 6548/625/4586 6547/626/4586
f 6547/626/4587 6548/625/4587 6544/627/4587 6543/628/4587
f 6545/629/4588 6549/624/4588 6547/626/4588 6543/630/4588
f 6550/623/4589 6546/631/4589 6544/632/4589 6548/625/4589
f 6551/619/4590 6552/620/4590 6554/621/4590 6553/622/4590
f 6553/622/4591 6554/621/4591 6558/623/4591 6557/624/4591
f 6557/624/4592 6558/623/4592 6556/625/4592 6555/626/4592
f 6555/626/4593 6556/625/4593 6552/627/4593 6551/628/4593
f 6553/629/4594 6557/624/4594 6555/626/4594 6551/630/4594
f 6558/623/4595 6554/631/4595 6552/632/4595 6556/625/4595
f 6559/619/4596 6560/620/4596 6562/621/4596 6561/622/4596
f 6561/622/4597 6562/621/4597 6566/623/4597 6565/624/4597
f 6565/624/4598 6566/623/4598 6564/625/4598 6563/626/4598
f 6563/626/4599 6564/625/4599 6560/627/4599 6559/628/4599
f 6561/629/4600 6565/624/4600 6563/626/4600 6559/630/4600
f 6566/623/4601 6562/631/4601 6560/632/4601 6564/625/4601
f 6567/619/4602 6568/620/4602 6570/621/4602 6569/622/4602
f 6569/622/4603 6570/621/4603 6574/623/4603 6573/624/4603
f 6573/624/4604 6574/623/4604 6572/625/4604 6571/626/4604
f 6571/626/4605 6572/625/4605 6568/627/4605 6567/628/4605
f 6569/629/4606 6573/624/4606 6571/626/4606 6567/630/4606
f 6574/623/4607 6570/631/4607 6568/632/4607 6572/625/4607
f 6575/619/4608 6576/620/4608 6578/621/4608 6577/622/4608
f 6577/622/4609 6578/621/4609 6582/623/4609 6581/624/4609
f 6581/624/4610 6582/623/4610 6580/625/4610 6579/626/4610
f 6579/626/4611 6580/625/4611 6576/627/4611 6575/628/4611
f 6577/629/4612 6581/624/4612 6579/626/4612 6575/630/4612
f 6582/623/4613 6578/631/4613 6576/632/4613 6580/625/4613
f 6583/619/4614 6584/620/4614 6586/621/4614 6585/622/4614
f 6585/622/4615 6586/621/4615 6590/623/4615 6589/624/4615
f 6589/624/4616 6590/623/4616 6588/625/4616 6587/626/4616
f 6587/626/4617 6588/625/4617 6584/627/4617 6583/628/4617
f 6585/629/4618 6589/624/4618 6587/626/4618 6583/630/4618
f 6590/623/4619 6586/631/4619 6584/632/4619 6588/625/4619
f 6591/619/4620 6592/620/4620 6594/621/4620 6593/622/4620
f 6593/622/4621 6594/621/4621 6598/623/4621 6597/624/4621
f 6597/624/4622 6598/623/4622 6596/625/4622 6595/626/4622
f 6595/626/4623 6596/625/4623 6592/627/4623 6591/628/4623
f 6593/629/4624 6597/624/4624 6595/626/4624 6591/630/4624
f 6598/623/4625 6594/631/4625 6592/632/4625 6596/625/4625
f 6599/619/4626 6600/620/4626 6602/621/4626 6601/622/4626
f 6601/622/4627 6602/621/4627 6606/623/4627 6605/624/4627
f 6605/624/4628 6606/623/4628 6604/625/4628 6603/626/4628
f 6603/626/4629 6604/625/4629 6600/627/4629 6599/628/4629
f 6601/629/4630 6605/624/4630 6603/626/4630 6599/630/4630
f 6606/623/4631 6602/631/4631 6600/632/4631 6604/625/4631
f 6607/619/4632 6608/620/4632 6610/621/4632 6609/622/4632
f 6609/622/4633 6610/621/4633 6614/623/4633 6613/624/4633
f 6613/624/4634 6614/623/4634 6612/625/4634 6611/626/4634
f 6611/626/4635 6612/625/4635 6608/627/4635 6607/628/4635
f 6609/629/4636 6613/624/4636 6611/626/4636 6607/630/4636
f 6614/623/4637 6610/631/4637 6608/632/4637 6612/625/4637
f 6615/619/4638 6616/620/4638 6618/621/4638 6617/622/4638
f 6617/622/4639 6618/621/4639 6622/623/4639 6621/624/4639
f 6621/624/4640 6622/623/4640 6620/625/4640 6619/626/4640
f 6619/626/4641 6620/625/4641 6616/627/4641 6615/628/4641
f 6617/629/4642 6621/624/4642 6619/626/4642 6615/630/4642
f 6622/623/4643 6618/631/4643 6616/632/4643 6620/625/4643
f 6623/619/4644 6624/620/4644 6626/621/4644 6625/622/4644
f 6625/622/4645 6626/621/4645 6630/623/4645 6629/624/4645
f 6629/624/4646 6630/623/4646 6628/625/4646 6627/626/4646
f 6627/626/4647 6628/625/4647 6624/627/4647 6623/628/4647
f 6625/629/4648 6629/624/4648 6627/626/4648 6623/630/4648
f 6630/623/4649 6626/631/4649 6624/632/4649 6628/625/4649
f 6631/619/4650 6632/620/4650 6634/621/4650 6633/622/4650
f 6633/622/4651 6634/621/4651 6638/623/4651 6637/624/4651
f 6637/624/4652 6638/623/4652 6636/625/4652 6635/626/4652
f 6635/626/4653 6636/625/4653 6632/627/4653 6631/628/4653
f 6633/629/4654 6637/624/4654 6635/626/4654 6631/630/4654
f 6638/623/4655 6634/631/4655 6632/632/4655 6636/625/4655
f 6639/619/4656 6640/620/4656 6642/621/4656 6641/622/4656
f 6641/622/4657 6642/621/4657 6646/623/4657 6645/624/4657
f 6645/624/4658 6646/623/4658 6644/625/4658 6643/626/4658
f 6643/626/4659 6644/625/4659 6640/627/4659 6639/628/4659
f 6641/629/4660 6645/624/4660 6643/626/4660 6639/630/4660
f 6646/623/4661 6642/631/4661 6640/632/4661 6644/625/4661
f 6647/619/4662 6648/620/4662 6650/621/4662 6649/622/4662
f 6649/622/4663 6650/621/4663 6654/623/4663 6653/624/4663
f 6653/624/4664 6654/623/4664 6652/625/4664 6651/626/4664
f 6651/626/4665 6652/625/4665 6648/627/4665 6647/628/4665
f 6649/629/4666 6653/624/4666 6651/626/4666 6647/630/4666
f 6654/623/4667 6650/631/4667 6648/632/4667 6652/625/4667
f 6655/619/4668 6656/620/4668 6658/621/4668 6657/622/4668
f 6657/622/4669 6658/621/4669 6662/623/4669 6661/624/4669
f 6661/624/4670 6662/623/4670 6660/625/4670 6659/626/4670
f 6659/626/4671 6660/625/4671 6656/627/4671 6655/628/4671
f 6657/629/4672 6661/624/4672 6659/626/4672 6655/630/4672
f 6662/623/4673 6658/631/4673 6656/632/4673 6660/625/4673
f 6663/619/4674 6664/620/4674 6666/621/4674 6665/622/4674
f 6665/622/4675 6666/621/4675 6670/623/4675 6669/624/4675
f 6669/624/4676 6670/623/4676 6668/625/4676 6667/626/4676
f 6667/626/4677 6668/625/4677 6664/627/4677 6663/628/4677
f 6665/629/4678 6669/624/4678 6667/626/4678 6663/630/4678
f 6670/623/4679 6666/631/4679 6664/632/4679 6668/625/4679
f 6671/619/4680 6672/620/4680 6674/621/4680 6673/622/4680
f 6673/622/4681 6674/621/4681 6678/623/4681 6677/624/4681
f 6677/624/4682 6678/623/4682 6676/625/4682 6675/626/4682
f 6675/626/4683 6676/625/4683 6672/627/4683 6671/628/4683
f 6673/629/4684 6677/624/4684 6675/626/4684 6671/630/4684
f 6678/623/4685 6674/631/4685 6672/632/4685 6676/625/4685
f 6679/619/4686 6680/620/4686 6682/621/4686 6681/622/4686
f 6681/622/4687 6682/621/4687 6686/623/4687 6685/624/4687
f 6685/624/4688 6686/623/4688 6684/625/4688 6683/626/4688
f 6683/626/4689 6684/625/4689 6680/627/4689 6679/628/4689
f 6681/629/4690 6685/624/4690 6683/626/4690 6679/630/4690
f 6686/623/4691 6682/631/4691 6680/632/4691 6684/625/4691
f 6687/619/4692 6688/620/4692 6690/621/4692 6689/622/4692
f 6689/622/4693 6690/621/4693 6694/623/4693 6693/624/4693
f 6693/624/4694 6694/623/4694 6692/625/4694 6691/626/4694
f 6691/626/4695 6692/625/4695 6688/627/4695 6687/628/4695
f 6689/629/4696 6693/624/4696 6691/626/4696 6687/630/4696
f 6694/623/4697 6690/631/4697 6688/632/4697 6692/625/4697
f 6695/619/4698 6696/620/4698 6698/621/4698 6697/622/4698
f 6697/622/4699 6698/621/4699 6702/623/4699 6701/624/4699
f 6701/624/4700 6702/623/4700 6700/625/4700 6699/626/4700
f 6699/626/4701 6700/625/4701 6696/627/4701 6695/628/4701
f 6697/629/4702 6701/624/4702 6699/626/4702 6695/630/4702
f 6702/623/4703 6698/631/4703 6696/632/4703 6700/625/4703
f 6703/619/4704 6704/620/4704 6706/621/4704 6705/622/4704
f 6705/622/4705 6706/621/4705 6710/623/4705 6709/624/4705
f 6709/624/4706 6710/623/4706 6708/625/4706 6707/626/4706
f 6707/626/4707 6708/625/4707 6704/627/4707 6703/628/4707
f 6705/629/4708 6709/624/4708 6707/626/4708 6703/630/4708
f 6710/623/4709 6706/631/4709 6704/632/4709 6708/625/4709
f 6711/619/4710 6712/620/4710 6714/621/4710 6713/622/4710
f 6713/622/4711 6714/621/4711 6718/623/4711 6717/624/4711
f 6717/624/4712 6718/623/4712 6716/625/4712 6715/626/4712
f 6715/626/4713 6716/625/4713 6712/627/4713 6711/628/4713
f 6713/629/4714 6717/624/4714 6715/626/4714 6711/630/4714
f 6718/623/4715 6714/631/4715 6712/632/4715 6716/625/4715
f 6719/619/4716 6720/620/4716 6722/621/4716 6721/622/4716
f 6721/622/4717 6722/621/4717 6726/623/4717 6725/624/4717
f 6725/624/4718 6726/623/4718 6724/625/4718 6723/626/4718
f 6723/626/4719 6724/625/4719 6720/627/4719 6719/628/4719
f 6721/629/4720 6725/624/4720 6723/626/4720 6719/630/4720
f 6726/623/4721 6722/631/4721 6720/632/4721 6724/625/4721
f 6727/619/4722 6728/620/4722 6730/621/4722 6729/622/4722
f 6729/622/4723 6730/621/4723 6734/623/4723 6733/624/4723
f 6733/624/4724 6734/623/4724 6732/625/4724 6731/626/4724
f 6731/626/4725 6732/625/4725 6728/627/4725 6727/628/4725
f 6729/629/4726 6733/624/4726 6731/626/4726 6727/630/4726
f 6734/623/4727 6730/631/4727 6728/632/4727 6732/625/4727
f 6735/619/4728 6736/620/4728 6738/621/4728 6737/622/4728
f 6737/622/4729 6738/621/4729 6742/623/4729 6741/624/4729
f 6741/624/4730 6742/623/4730 6740/625/4730 6739/626/4730
f 6739/626/4731 6740/625/4731 6736/627/4731 6735/628/4731
f 6737/629/4732 6741/624/4732 6739/626/4732 6735/630/4732
f 6742/623/4733 6738/631/4733 6736/632/4733 6740/625/4733
f 6743/619/4734 6744/620/4734 6746/621/4734 6745/622/4734
f 6745/622/4735 6746/621/4735 6750/623/4735 6749/624/4735
f 6749/624/4736 6750/623/4736 6748/625/4736 6747/626/4736
f 6747/626/4737 6748/625/4737 6744/627/4737 6743/628/4737
f 6745/629/4738 6749/624/4738 6747/626/4738 6743/630/4738
f 6750/623/4739 6746/631/4739 6744/632/4739 6748/625/4739
f 6751/619/4740 6752/620/4740 6754/621/4740 6753/622/4740
f 6753/622/4741 6754/621/4741 6758/623/4741 6757/624/4741
f 6757/624/4742 6758/623/4742 6756/625/4742 6755/626/4742
f 6755/626/4743 6756/625/4743 6752/627/4743 6751/628/4743
f 6753/629/4744 6757/624/4744 6755/626/4744 6751/630/4744
f 6758/623/4745 6754/631/4745 6752/632/4745 6756/625/4745
f 6759/619/4746 6760/620/4746 6762/621/4746 6761/622/4746
f 6761/622/4747 6762/621/4747 6766/623/4747 6765/624/4747
f 6765/624/4748 6766/623/4748 6764/625/4748 6763/626/4748
f 6763/626/4749 6764/625/4749 6760/627/4749 6759/628/4749
f 6761/629/4750 6765/624/4750 6763/626/4750 6759/630/4750
f 6766/623/4751 6762/631/4751 6760/632/4751 6764/625/4751
f 6767/619/4752 6768/620/4752 6770/621/4752 6769/622/4752
f 6769/622/4753 6770/621/4753 6774/623/4753 6773/624/4753
f 6773/624/4754 6774/623/4754 6772/625/4754 6771/626/4754
f 6771/626/4755 6772/625/4755 6768/627/4755 6767/628/4755
f 6769/629/4756 6773/624/4756 6771/626/4756 6767/630/4756
f 6774/623/4757 6770/631/4757 6768/632/4757 6772/625/4757
f 6775/619/4758 6776/620/4758 6778/621/4758 6777/622/4758
f 6777/622/4759 6778/621/4759 6782/623/4759 6781/624/4759
f 6781/624/4760 6782/623/4760 6780/625/4760 6779/626/4760
f 6779/626/4761 6780/625/4761 6776/627/4761 6775/628/4761
f 6777/629/4762 6781/624/4762 6779/626/4762 6775/630/4762
f 6782/623/4763 6778/631/4763 6776/632/4763 6780/625/4763
f 6783/619/4764 6784/620/4764 6786/621/4764 6785/622/4764
f 6785/622/4765 6786/621/4765 6790/623/4765 6789/624/4765
f 6789/624/4766 6790/623/4766 6788/625/4766 6787/626/4766
f 6787/626/4767 6788/625/4767 6784/627/4767 6783/628/4767
f 6785/629/4768 6789/624/4768 6787/626/4768 6783/630/4768
f 6790/623/4769 6786/631/4769 6784/632/4769 6788/625/4769
f 6791/619/4770 6792/620/4770 6794/621/4770 6793/622/4770
f 6793/622/4771 6794/621/4771 6798/623/4771 6797/624/4771
f 6797/624/4772 6798/623/4772 6796/625/4772 6795/626/4772
f 6795/626/4773 6796/625/4773 6792/627/4773 6791/628/4773
f 6793/629/4774 6797/624/4774 6795/626/4774 6791/630/4774
f 6798/623/4775 6794/631/4775 6792/632/4775 6796/625/4775
f 6799/619/4776 6800/620/4776 6802/621/4776 6801/622/4776
f 6801/622/4777 6802/621/4777 6806/623/4777 6805/624/4777
f 6805/624/4778 6806/623/4778 6804/625/4778 6803/626/4778
f 6803/626/4779 6804/625/4779 6800/627/4779 6799/628/4779
f 6801/629/4780 6805/624/4780 6803/626/4780 6799/630/4780
f 6806/623/4781 6802/631/4781 6800/632/4781 6804/625/4781
f 6807/619/4782 6808/620/4782 6810/621/4782 6809/622/4782
f 6809/622/4783 6810/621/4783 6814/623/4783 6813/624/4783
f 6813/624/4784 6814/623/4784 6812/625/4784 6811/626/4784
f 6811/626/4785 6812/625/4785 6808/627/4785 6807/628/4785
f 6809/629/4786 6813/624/4786 6811/626/4786 6807/630/4786
f 6814/623/4787 6810/631/4787 6808/632/4787 6812/625/4787
f 6815/619/4788 6816/620/4788 6818/621/4788 6817/622/4788
f 6817/622/4789 6818/621/4789 6822/623/4789 6821/624/4789
f 6821/624/4790 6822/623/4790 6820/625/4790 6819/626/4790
f 6819/626/4791 6820/625/4791 6816/627/4791 6815/628/4791
f 6817/629/4792 6821/624/4792 6819/626/4792 6815/630/4792
f 6822/623/4793 6818/631/4793 6816/632/4793 6820/625/4793
f 6823/619/4794 6824/620/4794 6826/621/4794 6825/622/4794
f 6825/622/4795 6826/621/4795 6830/623/4795 6829/624/4795
f 6829/624/4796 6830/623/4796 6828/625/4796 6827/626/4796
f 6827/626/4797 6828/625/4797 6824/627/4797 6823/628/4797
f 6825/629/4798 6829/624/4798 6827/626/4798 6823/630/4798
f 6830/623/4799 6826/631/4799 6824/632/4799 6828/625/4799
f 6831/619/4800 6832/620/4800 6834/621/4800 6833/622/4800
f 6833/622/4801 6834/621/4801 6838/623/4801 6837/624/4801
f 6837/624/4802 6838/623/4802 6836/625/4802 6835/626/4802
f 6835/626/4803 6836/625/4803 6832/627/4803 6831/628/4803
f 6833/629/4804 6837/624/4804 6835/626/4804 6831/630/4804
f 6838/623/4805 6834/631/4805 6832/632/4805 6836/625/4805
f 6839/619/4806 6840/620/4806 6842/621/4806 6841/622/4806
f 6841/622/4807 6842/621/4807 6846/623/4807 6845/624/4807
f 6845/624/4808 6846/623/4808 6844/625/4808 6843/626/4808
f 6843/626/4809 6844/625/4809 6840/627/4809 6839/628/4809
f 6841/629/4810 6845/624/4810 6843/626/4810 6839/630/4810
f 6846/623/4811 6842/631/4811 6840/632/4811 6844/625/4811
f 6847/619/4812 6848/620/4812 6850/621/4812 6849/622/4812
f 6849/622/4813 6850/621/4813 6854/623/4813 6853/624/4813
f 6853/624/4814 6854/623/4814 6852/625/4814 6851/626/4814
f 6851/626/4815 6852/625/4815 6848/627/4815 6847/628/4815
f 6849/629/4816 6853/624/4816 6851/626/4816 6847/630/4816
f 6854/623/4817 6850/631/4817 6848/632/4817 6852/625/4817
f 6855/619/4818 6856/620/4818 6858/621/4818 6857/622/4818
f 6857/622/4819 6858/621/4819 6862/623/4819 6861/624/4819
f 6861/624/4820 6862/623/4820 6860/625/4820 6859/626/4820
f 6859/626/4821 6860/625/4821 6856/627/4821 6855/628/4821
f 6857/629/4822 6861/624/4822 6859/626/4822 6855/630/4822
f 6862/623/4823 6858/631/4823 6856/632/4823 6860/625/4823
f 6863/619/4824 6864/620/4824 6866/621/4824 6865/622/4824
f 6865/622/4825 6866/621/4825 6870/623/4825 6869/624/4825
f 6869/624/4826 6870/623/4826 6868/625/4826 6867/626/4826
f 6867/626/4827 6868/625/4827 6864/627/4827 6863/628/4827
f 6865/629/4828 6869/624/4828 6867/626/4828 6863/630/4828
f 6870/623/4829 6866/631/4829 6864/632/4829 6868/625/4829
f 6871/619/4830 6872/620/4830 6874/621/4830 6873/622/4830
f 6873/622/4831 6874/621/4831 6878/623/4831 6877/624/4831
f 6877/624/4832 6878/623/4832 6876/625/4832 6875/626/4832
f 6875/626/4833 6876/625/4833 6872/627/4833 6871/628/4833
f 6873/629/4834 6877/624/4834 6875/626/4834 6871/630/4834
f 6878/623/4835 6874/631/4835 6872/632/4835 6876/625/4835
f 6879/619/4836 6880/620/4836 6882/621/4836 6881/622/4836
f 6881/622/4837 6882/621/4837 6886/623/4837 6885/624/4837
f 6885/624/4838 6886/623/4838 6884/625/4838 6883/626/4838
f 6883/626/4839 6884/625/4839 6880/627/4839 6879/628/4839
f 6881/629/4840 6885/624/4840 6883/626/4840 6879/630/4840
f 6886/623/4841 6882/631/4841 6880/632/4841 6884/625/4841
f 6887/619/4842 6888/620/4842 6890/621/4842 6889/622/4842
f 6889/622/4843 6890/621/4843 6894/623/4843 6893/624/4843
f 6893/624/4844 6894/623/4844 6892/625/4844 6891/626/4844
f 6891/626/4845 6892/625/4845 6888/627/4845 6887/628/4845
f 6889/629/4846 6893/624/4846 6891/626/4846 6887/630/4846
f 6894/623/4847 6890/631/4847 6888/632/4847 6892/625/4847
f 6895/619/4848 6896/620/4848 6898/621/4848 6897/622/4848
f 6897/622/4849 6898/621/4849 6902/623/4849 6901/624/4849
f 6901/624/4850 6902/623/4850 6900/625/4850 6899/626/4850
f 6899/626/4851 6900/625/4851 6896/627/4851 6895/628/4851
f 6897/629/4852 6901/624/4852 6899/626/4852 6895/630/4852
f 6902/623/4847 6898/631/4847 6896/632/4847 6900/625/4847
f 6903/619/4853 6904/620/4853 6906/621/4853 6905/622/4853
f 6905/622/4854 6906/621/4854 6910/623/4854 6909/624/4854
f 6909/624/4855 6910/623/4855 6908/625/4855 6907/626/4855
f 6907/626/4856 6908/625/4856 6904/627/4856 6903/628/4856
f 6905/629/4852 6909/624/4852 6907/626/4852 6903/630/4852
f 6910/623/4847 6906/631/4847 6904/632/4847 6908/625/4847
f 6911/619/4857 6912/620/4857 6914/621/4857 6913/622/4857
f 6913/622/4858 6914/621/4858 6918/623/4858 6917/624/4858
f 6917/624/4859 6918/623/4859 6916/625/4859 6915/626/4859
f 6915/626/4860 6916/625/4860 6912/627/4860 6911/628/4860
f 6913/629/4861 6917/624/4861 6915/626/4861 6911/630/4861
f 6918/623/4847 6914/631/4847 6912/632/4847 6916/625/4847
f 6919/619/4862 6920/620/4862 6922/621/4862 6921/622/4862
f 6921/622/4863 6922/621/4863 6926/623/4863 6925/624/4863
f 6925/624/4864 6926/623/4864 6924/625/4864 6923/626/4864
f 6923/626/4865 6924/625/4865 6920/627/4865 6919/628/4865
f 6921/629/4852 6925/624/4852 6923/626/4852 6919/630/4852
f 6926/623/4866 6922/631/4866 6920/632/4866 6924/625/4866
f 6927/619/4867 6928/620/4867 6930/621/4867 6929/622/4867
f 6929/622/4868 6930/621/4868 6934/623/4868 6933/624/4868
f 6933/624/4869 6934/623/4869 6932/625/4869 6931/626/4869
f 6931/626/4870 6932/625/4870 6928/627/4870 6927/628/4870
f 6929/629/4861 6933/624/4861 6931/626/4861 6927/630/4861
f 6934/623/4866 6930/631/4866 6928/632/4866 6932/625/4866
f 6935/619/4871 6936/620/4871 6938/621/4871 6937/622/4871
f 6937/622/4872 6938/621/4872 6942/623/4872 6941/624/4872
f 6941/624/4873 6942/623/4873 6940/625/4873 6939/626/4873
f 6939/626/4874 6940/625/4874 6936/627/4874 6935/628/4874
f 6937/629/4852 6941/624/4852 6939/626/4852 6935/630/4852
f 6942/623/4847 6938/631/4847 6936/632/4847 6940/625/4847
f 6943/619/4875 6944/620/4875 6946/621/4875 6945/622/4875
f 6945/622/4876 6946/621/4876 6950/623/4876 6949/624/4876
f 6949/624/4877 6950/623/4877 6948/625/4877 6947/626/4877
f 6947/626/4878 6948/625/4878 6944/627/4878 6943/628/4878
f 6945/629/4852 6949/624/4852 6947/626/4852 6943/630/4852
f 6950/623/4866 6946/631/4866 6944/632/4866 6948/625/4866
f 6951/619/4879 6952/620/4879 6954/621/4879 6953/622/4879
f 6953/622/4880 6954/621/4880 6958/623/4880 6957/624/4880
f 6957/624/4881 6958/623/4881 6956/625/4881 6955/626/4881
f 6955/626/4882 6956/625/4882 6952/627/4882 6951/628/4882
f 6953/629/4861 6957/624/4861 6955/626/4861 6951/630/4861
f 6958/623/4847 6954/631/4847 6952/632/4847 6956/625/4847
f 6959/619/4883 6960/620/4883 6962/621/4883 6961/622/4883
f 6961/622/4884 6962/621/4884 6966/623/4884 6965/624/4884
f 6965/624/4885 6966/623/4885 6964/625/4885 6963/626/4885
f 6963/626/4886 6964/625/4886 6960/627/4886 6959/628/4886
f 6961/629/4852 6965/624/4852 6963/626/4852 6959/630/4852
f 6966/623/4847 6962/631/4847 6960/632/4847 6964/625/4847
f 6967/619/4887 6968/620/4887 6970/621/4887 6969/622/4887
f 6969/622/4888 6970/621/4888 6974/623/4888 6973/624/4888
f 6973/624/4889 6974/623/4889 6972/625/4889 6971/626/4889
f 6971/626/4890 6972/625/4890 6968/627/4890 6967/628/4890
f 6969/629/4852 6973/624/4852 6971/626/4852 6967/630/4852
f 6974/623/4847 6970/631/4847 6968/632/4847 6972/625/4847
f 6975/619/4891 6976/620/4891 6978/621/4891 6977/622/4891
f 6977/622/4892 6978/621/4892 6982/623/4892 6981/624/4892
f 6981/624/4893 6982/623/4893 6980/625/4893 6979/626/4893
f 6979/626/4894 6980/625/4894 6976/627/4894 6975/628/4894
f 6977/629/4852 6981/624/4852 6979/626/4852 6975/630/4852
f 6982/623/4847 6978/631/4847 6976/632/4847 6980/625/4847
f 6983/619/4895 6984/620/4895 6986/621/4895 6985/622/4895
f 6985/622/4892 6986/621/4892 6990/623/4892 6989/624/4892
f 6989/624/4896 6990/623/4896 6988/625/4896 6987/626/4896
f 6987/626/4890 6988/625/4890 6984/627/4890 6983/628/4890
f 6985/629/4861 6989/624/4861 6987/626/4861 6983/630/4861
f 6990/623/4847 6986/631/4847 6984/632/4847 6988/625/4847
f 6991/619/4897 6992/620/4897 6994/621/4897 6993/622/4897
f 6993/622/4898 6994/621/4898 6998/623/4898 6997/624/4898
f 6997/624/4899 6998/623/4899 6996/625/4899 6995/626/4899
f 6995/626/4900 6996/625/4900 6992/627/4900 6991/628/4900
f 6993/629/4852 6997/624/4852 6995/626/4852 6991/630/4852
f 6998/623/4847 6994/631/4847 6992/632/4847 6996/625/4847
f 6999/619/4901 7000/620/4901 7002/621/4901 7001/622/4901
f 7001/622/4880 7002/621/4880 7006/623/4880 7005/624/4880
f 7005/624/4902 7006/623/4902 7004/625/4902 7003/626/4902
f 7003/626/4903 7004/625/4903 7000/627/4903 6999/628/4903
f 7001/629/4852 7005/624/4852 7003/626/4852 6999/630/4852
f 7006/623/4866 7002/631/4866 7000/632/4866 7004/625/4866
f 7007/619/4904 7008/620/4904 7010/621/4904 7009/622/4904
f 7009/622/4905 7010/621/4905 7014/623/4905 7013/624/4905
f 7013/624/4906 7014/623/4906 7012/625/4906 7011/626/4906
f 7011/626/4907 7012/625/4907 7008/627/4907 7007/628/4907
f 7009/629/4852 7013/624/4852 7011/626/4852 7007/630/4852
f 7014/623/4847 7010/631/4847 7008/632/4847 7012/625/4847
f 7015/619/4908 7016/620/4908 7018/621/4908 7017/622/4908
f 7017/622/4909 7018/621/4909 7022/623/4909 7021/624/4909
f 7021/624/4910 7022/623/4910 7020/625/4910 7019/626/4910
f 7019/626/4911 7020/625/4911 7016/627/4911 7015/628/4911
f 7017/629/4852 7021/624/4852 7019/626/4852 7015/630/4852
f 7022/623/4847 7018/631/4847 7016/632/4847 7020/625/4847
f 7023/619/4912 7024/620/4912 7026/621/4912 7025/622/4912
f 7025/622/4913 7026/621/4913 7030/623/4913 7029/624/4913
f 7029/624/4914 7030/623/4914 7028/625/4914 7027/626/4914
f 7027/626/4915 7028/625/4915 7024/627/4915 7023/628/4915
f 7025/629/4852 7029/624/4852 7027/626/4852 7023/630/4852
f 7030/623/4847 7026/631/4847 7024/632/4847 7028/625/4847
f 7031/619/4916 7032/620/4916 7034/621/4916 7033/622/4916
f 7033/622/4917 7034/621/4917 7038/623/4917 7037/624/4917
f 7037/624/4918 7038/623/4918 7036/625/4918 7035/626/4918
f 7035/626/4919 7036/625/4919 7032/627/4919 7031/628/4919
f 7033/629/4852 7037/624/4852 7035/626/4852 7031/630/4852
f 7038/623/4847 7034/631/4847 7032/632/4847 7036/625/4847
f 7039/619/4920 7040/620/4920 7042/621/4920 7041/622/4920
f 7041/622/4921 7042/621/4921 7046/623/4921 7045/624/4921
f 7045/624/4922 7046/623/4922 7044/625/4922 7043/626/4922
f 7043/626/4923 7044/625/4923 7040/627/4923 7039/628/4923
f 7041/629/4861 7045/624/4861 7043/626/4861 7039/630/4861
f 7046/623/4847 7042/631/4847 7040/632/4847 7044/625/4847
f 7047/619/4924 7048/620/4924 7050/621/4924 7049/622/4924
f 7049/622/4925 7050/621/4925 7054/623/4925 7053/624/4925
f 7053/624/4926 7054/623/4926 7052/625/4926 7051/626/4926
f 7051/626/4927 7052/625/4927 7048/627/4927 7047/628/4927
f 7049/629/4852 7053/624/4852 7051/626/4852 7047/630/4852
f 7054/623/4847 7050/631/4847 7048/632/4847 7052/625/4847
f 7055/619/4928 7056/620/4928 7058/621/4928 7057/622/4928
f 7057/622/4929 7058/621/4929 7062/623/4929 7061/624/4929
f 7061/624/4930 7062/623/4930 7060/625/4930 7059/626/4930
f 7059/626/4931 7060/625/4931 7056/627/4931 7055/628/4931
f 7057/629/4852 7061/624/4852 7059/626/4852 7055/630/4852
f 7062/623/4847 7058/631/4847 7056/632/4847 7060/625/4847
f 7063/619/4932 7064/620/4932 7066/621/4932 7065/622/4932
f 7065/622/4933 7066/621/4933 7070/623/4933 7069/624/4933
f 7069/624/4934 7070/623/4934 7068/625/4934 7067/626/4934
f 7067/626/4935 7068/625/4935 7064/627/4935 7063/628/4935
f 7065/629/4852 7069/624/4852 7067/626/4852 7063/630/4852
f 7070/623/4847 7066/631/4847 7064/632/4847 7068/625/4847
f 7071/619/4936 7072/620/4936 7074/621/4936 7073/622/4936
f 7073/622/4937 7074/621/4937 7078/623/4937 7077/624/4937
f 7077/624/4938 7078/623/4938 7076/625/4938 7075/626/4938
f 7075/626/4939 7076/625/4939 7072/627/4939 7071/628/4939
f 7073/629/4852 7077/624/4852 7075/626/4852 7071/630/4852
f 7078/623/4847 7074/631/4847 7072/632/4847 7076/625/4847
f 7079/619/4940 7080/620/4940 7082/621/4940 7081/622/4940
f 7081/622/4941 7082/621/4941 7086/623/4941 7085/624/4941
f 7085/624/4942 7086/623/4942 7084/625/4942 7083/626/4942
f 7083/626/4943 7084/625/4943 7080/627/4943 7079/628/4943
f 7081/629/4852 7085/624/4852 7083/626/4852 7079/630/4852
f 7086/623/4847 7082/631/4847 7080/632/4847 7084/625/4847
o Spiral.005
v 2.347402 -0.703628 -0.129693
v 2.452648 -0.643859 -0.130781
v 2.555424 -0.599508 -0.084733
v 2.650289 -0.594704 -0.009715
v 2.734859 -0.638833 0.063963
v 2.812520 -0.723841 0.104218
v 2.888813 -0.825675 0.092504
v 2.970367 -0.914508 0.028610
v 3.062272 -0.965913 -0.068681
v 3.165382 -0.969514 -0.167310
v 3.275475 -0.932416 -0.233001
v 3.384739 -0.876196 -0.241562
v 3.492839 -0.832773 -0.194005
v 3.593149 -0.815972 -0.171913
v 3.725846 -0.853448 -0.180479
l 7087 7088
l 7088 7089
l 7089 7090
l 7090 7091
l 7091 7092
l 7092 7093
l 7093 7094
l 7094 7095
l 7095 7096
l 7096 7097
l 7097 7098
l 7098 7099
l 7099 7100
l 7100 7101
o Cube.001
v 2.341102 -0.535926 0.132898
v 2.342777 -0.539125 0.132995
v 2.349073 -0.531874 0.126842
v 2.350775 -0.535060 0.126919
v 2.320294 -0.546965 0.098125
v 2.321901 -0.550200 0.098107
v 2.328266 -0.542913 0.092069
v 2.329899 -0.546135 0.092031
v 2.342777 -0.539125 0.132995
v 2.344525 -0.542364 0.133222
v 2.350775 -0.535060 0.126919
v 2.352600 -0.538260 0.127087
v 2.321901 -0.550200 0.098107
v 2.323448 -0.553545 0.097999
v 2.329899 -0.546135 0.092031
v 2.331523 -0.549441 0.091864
v 2.344525 -0.542364 0.133222
v 2.346374 -0.545701 0.133574
v 2.352600 -0.538260 0.127087
v 2.354574 -0.541533 0.127345
v 2.323448 -0.553545 0.097999
v 2.324970 -0.557057 0.097804
v 2.331523 -0.549441 0.091864
v 2.333170 -0.552889 0.091574
v 2.346374 -0.545701 0.133574
v 2.348350 -0.549194 0.134047
v 2.354574 -0.541533 0.127345
v 2.356722 -0.544939 0.127686
v 2.324970 -0.557057 0.097804
v 2.326498 -0.560787 0.097527
v 2.333170 -0.552889 0.091574
v 2.334870 -0.556532 0.091167
v 2.348350 -0.549194 0.134047
v 2.350478 -0.552893 0.134633
v 2.356722 -0.544939 0.127686
v 2.359065 -0.548528 0.128109
v 2.326498 -0.560787 0.097527
v 2.328063 -0.564784 0.097174
v 2.334870 -0.556532 0.091167
v 2.336651 -0.560420 0.090650
v 2.350478 -0.552893 0.134633
v 2.352780 -0.556846 0.135329
v 2.359065 -0.548528 0.128109
v 2.361624 -0.552351 0.128610
v 2.328063 -0.564784 0.097174
v 2.329694 -0.569094 0.096748
v 2.336651 -0.560420 0.090650
v 2.338539 -0.564599 0.090029
v 2.352780 -0.556846 0.135329
v 2.355277 -0.561099 0.136128
v 2.361624 -0.552351 0.128610
v 2.364417 -0.556454 0.129183
v 2.329694 -0.569094 0.096748
v 2.331418 -0.573757 0.096255
v 2.338539 -0.564599 0.090029
v 2.340559 -0.569112 0.089310
v 2.355277 -0.561099 0.136128
v 2.357987 -0.565693 0.137024
v 2.364417 -0.556454 0.129183
v 2.367460 -0.560878 0.129827
v 2.331418 -0.573757 0.096255
v 2.333258 -0.578812 0.095698
v 2.340559 -0.569112 0.089310
v 2.342732 -0.573997 0.088501
v 2.357987 -0.565693 0.137024
v 2.360927 -0.570663 0.138013
v 2.367460 -0.560878 0.129827
v 2.370768 -0.565661 0.130536
v 2.333258 -0.578812 0.095698
v 2.335238 -0.584292 0.095083
v 2.342732 -0.573997 0.088501
v 2.345080 -0.579290 0.087606
v 2.360927 -0.570663 0.138013
v 2.364112 -0.576045 0.139088
v 2.370768 -0.565661 0.130536
v 2.374353 -0.570839 0.131308
v 2.335238 -0.584292 0.095083
v 2.337379 -0.590227 0.094413
v 2.345080 -0.579290 0.087606
v 2.347621 -0.585022 0.086632
v 2.364112 -0.576045 0.139088
v 2.367608 -0.581958 0.140245
v 2.374353 -0.570839 0.131308
v 2.378239 -0.576465 0.132137
v 2.337379 -0.590227 0.094413
v 2.339644 -0.596550 0.093693
v 2.347621 -0.585022 0.086632
v 2.350271 -0.591050 0.085585
v 2.367608 -0.581958 0.140245
v 2.371419 -0.588414 0.141476
v 2.378239 -0.576465 0.132137
v 2.382434 -0.582564 0.133021
v 2.339644 -0.596550 0.093693
v 2.342011 -0.603216 0.092929
v 2.350271 -0.591050 0.085585
v 2.353021 -0.597359 0.084474
v 2.371419 -0.588414 0.141476
v 2.375531 -0.595397 0.142773
v 2.382434 -0.582564 0.133021
v 2.386943 -0.589158 0.133953
v 2.342011 -0.603216 0.092929
v 2.344570 -0.610376 0.092128
v 2.353021 -0.597359 0.084474
v 2.355977 -0.604129 0.083309
v 2.375531 -0.595397 0.142773
v 2.379956 -0.602931 0.144129
v 2.386943 -0.589158 0.133953
v 2.391774 -0.596269 0.134931
v 2.344570 -0.610376 0.092128
v 2.347333 -0.618043 0.091295
v 2.355977 -0.604129 0.083309
v 2.359146 -0.611371 0.082097
v 2.379956 -0.602931 0.144129
v 2.384701 -0.611036 0.145537
v 2.391774 -0.596269 0.134931
v 2.396930 -0.603916 0.135948
v 2.347333 -0.618043 0.091295
v 2.350310 -0.626225 0.090437
v 2.359146 -0.611371 0.082097
v 2.362534 -0.619094 0.080848
v 2.384701 -0.611036 0.145537
v 2.389774 -0.619728 0.146989
v 2.396930 -0.603916 0.135948
v 2.402416 -0.612114 0.137000
v 2.350310 -0.626225 0.090437
v 2.353509 -0.634928 0.089558
v 2.362534 -0.619094 0.080848
v 2.366144 -0.627302 0.079570
v 2.389774 -0.619728 0.146989
v 2.395180 -0.629020 0.148477
v 2.402416 -0.612114 0.137000
v 2.408232 -0.620874 0.138082
v 2.353509 -0.634928 0.089558
v 2.356934 -0.644155 0.088666
v 2.366144 -0.627302 0.079570
v 2.369979 -0.635998 0.078272
v 2.395180 -0.629020 0.148477
v 2.400922 -0.638919 0.149992
v 2.408232 -0.620874 0.138082
v 2.414378 -0.630205 0.139188
v 2.356934 -0.644155 0.088666
v 2.360591 -0.653905 0.087767
v 2.369979 -0.635998 0.078272
v 2.374039 -0.645179 0.076964
v 2.400922 -0.638919 0.149992
v 2.407001 -0.649431 0.151524
v 2.414378 -0.630205 0.139188
v 2.420851 -0.640111 0.140311
v 2.360591 -0.653905 0.087767
v 2.364482 -0.664174 0.086866
v 2.374039 -0.645179 0.076964
v 2.378322 -0.654840 0.075655
v 2.407001 -0.649431 0.151524
v 2.413417 -0.660554 0.153065
v 2.420851 -0.640111 0.140311
v 2.427645 -0.650590 0.141447
v 2.364482 -0.664174 0.086866
v 2.368607 -0.674953 0.085971
v 2.378322 -0.654840 0.075655
v 2.382826 -0.664975 0.074355
v 2.413417 -0.660554 0.153065
v 2.420165 -0.672284 0.154603
v 2.427645 -0.650590 0.141447
v 2.434756 -0.661640 0.142588
v 2.368607 -0.674953 0.085971
v 2.372965 -0.686233 0.085088
v 2.382826 -0.664975 0.074355
v 2.387546 -0.675573 0.073075
v 2.420165 -0.672284 0.154603
v 2.427240 -0.684612 0.156130
v 2.434756 -0.661640 0.142588
v 2.442174 -0.673250 0.143728
v 2.372965 -0.686233 0.085088
v 2.377553 -0.697998 0.084223
v 2.387546 -0.675573 0.073075
v 2.392475 -0.686619 0.071825
v 2.427240 -0.684612 0.156130
v 2.435459 -0.696752 0.153395
v 2.442174 -0.673250 0.143728
v 2.450545 -0.684193 0.140293
v 2.377553 -0.697998 0.084223
v 2.382811 -0.709445 0.080365
v 2.392475 -0.686619 0.071825
v 2.397926 -0.696927 0.067251
v 2.435459 -0.696752 0.153395
v 2.444338 -0.709193 0.149014
v 2.450545 -0.684193 0.140293
v 2.459381 -0.695376 0.135697
v 2.382811 -0.709445 0.080365
v 2.388682 -0.720678 0.073915
v 2.397926 -0.696927 0.067251
v 2.403756 -0.706903 0.060584
v 2.444338 -0.709193 0.149014
v 2.453615 -0.722158 0.144305
v 2.459381 -0.695376 0.135697
v 2.468538 -0.707022 0.130846
v 2.388682 -0.720678 0.073915
v 2.394807 -0.732308 0.067292
v 2.403756 -0.706903 0.060584
v 2.409765 -0.717218 0.053815
v 2.453615 -0.722158 0.144305
v 2.463276 -0.735612 0.139259
v 2.468538 -0.707022 0.130846
v 2.478000 -0.719109 0.125740
v 2.394807 -0.732308 0.067292
v 2.401179 -0.744316 0.060513
v 2.409765 -0.717218 0.053815
v 2.415939 -0.727859 0.046972
v 2.463276 -0.735612 0.139259
v 2.473305 -0.749516 0.133866
v 2.478000 -0.719109 0.125740
v 2.487746 -0.731605 0.120380
v 2.401179 -0.744316 0.060513
v 2.407785 -0.756678 0.053593
v 2.415939 -0.727859 0.046972
v 2.422266 -0.738813 0.040082
v 2.473305 -0.749516 0.133866
v 2.483679 -0.763824 0.128121
v 2.487746 -0.731605 0.120380
v 2.497756 -0.744476 0.114769
v 2.407785 -0.756678 0.053593
v 2.414614 -0.769366 0.046553
v 2.422266 -0.738813 0.040082
v 2.428733 -0.750065 0.033171
v 2.483680 -0.763824 0.128121
v 2.494373 -0.778484 0.122021
v 2.497756 -0.744476 0.114769
v 2.508001 -0.757684 0.108912
v 2.414614 -0.769366 0.046553
v 2.421651 -0.782349 0.039410
v 2.428733 -0.750065 0.033171
v 2.435325 -0.761597 0.026266
v 2.494373 -0.778484 0.122021
v 2.505374 -0.793375 0.115524
v 2.508001 -0.757684 0.108912
v 2.518595 -0.770694 0.102476
v 2.421651 -0.782349 0.039410
v 2.428881 -0.795594 0.032186
v 2.435325 -0.761597 0.026266
v 2.442028 -0.773391 0.019395
v 2.505374 -0.793375 0.115524
v 2.518362 -0.802989 0.104711
v 2.518595 -0.770694 0.102476
v 2.530841 -0.778754 0.092224
v 2.428881 -0.795594 0.032186
v 2.439261 -0.806089 0.020347
v 2.442028 -0.773391 0.019395
v 2.451976 -0.782061 0.007663
v 2.518362 -0.802989 0.104711
v 2.531616 -0.812667 0.093583
v 2.530841 -0.778754 0.092224
v 2.543235 -0.786924 0.081760
v 2.439261 -0.806089 0.020347
v 2.450694 -0.815928 0.007161
v 2.451976 -0.782061 0.007663
v 2.462570 -0.790382 -0.004877
v 2.531616 -0.812667 0.093583
v 2.545091 -0.822359 0.082173
v 2.543235 -0.786924 0.081760
v 2.555738 -0.795174 0.071115
v 2.450694 -0.815928 0.007161
v 2.462431 -0.825778 -0.006232
v 2.462570 -0.790382 -0.004877
v 2.473355 -0.798778 -0.017521
v 2.545091 -0.822359 0.082173
v 2.558738 -0.832013 0.070523
v 2.555738 -0.795174 0.071115
v 2.568306 -0.803470 0.060325
v 2.462431 -0.825778 -0.006232
v 2.474430 -0.835585 -0.019780
v 2.473355 -0.798778 -0.017521
v 2.484295 -0.807212 -0.030227
v 2.558738 -0.832013 0.070523
v 2.572498 -0.841574 0.058679
v 2.568306 -0.803470 0.060325
v 2.580892 -0.811775 0.049429
v 2.474430 -0.835585 -0.019780
v 2.486642 -0.845295 -0.033430
v 2.484295 -0.807212 -0.030227
v 2.495351 -0.815649 -0.042946
v 2.572498 -0.841574 0.058679
v 2.586310 -0.850989 0.046693
v 2.580892 -0.811775 0.049429
v 2.593446 -0.820052 0.038467
v 2.486642 -0.845295 -0.033430
v 2.499012 -0.854852 -0.047119
v 2.495351 -0.815649 -0.042946
v 2.506480 -0.824048 -0.055627
v 2.586310 -0.850989 0.046693
v 2.600324 -0.859232 0.034725
v 2.593446 -0.820052 0.038467
v 2.606308 -0.826689 0.027622
v 2.499012 -0.854852 -0.047119
v 2.511478 -0.864200 -0.060781
v 2.506481 -0.824048 -0.055627
v 2.517636 -0.832368 -0.068213
v 2.600324 -0.859232 0.034725
v 2.615617 -0.861181 0.023425
v 2.606308 -0.826689 0.027622
v 2.620372 -0.827810 0.017295
v 2.511478 -0.864200 -0.060781
v 2.528087 -0.867734 -0.075862
v 2.517636 -0.832368 -0.068213
v 2.533441 -0.834507 -0.082472
v 2.615617 -0.861181 0.023425
v 2.630716 -0.863001 0.012233
v 2.620372 -0.827810 0.017295
v 2.634179 -0.828934 0.007068
v 2.528087 -0.867734 -0.075862
v 2.545203 -0.870330 -0.090832
v 2.533441 -0.834507 -0.082472
v 2.549299 -0.836369 -0.096476
v 2.630716 -0.863001 0.012233
v 2.645535 -0.864681 0.001211
v 2.634179 -0.828934 0.007068
v 2.647662 -0.830054 -0.003011
v 2.545203 -0.870330 -0.090832
v 2.562261 -0.872571 -0.105417
v 2.549299 -0.836369 -0.096476
v 2.565052 -0.838013 -0.110114
v 2.645535 -0.864681 0.001211
v 2.659985 -0.866211 -0.009579
v 2.647662 -0.830054 -0.003012
v 2.660752 -0.831163 -0.012891
v 2.562262 -0.872571 -0.105417
v 2.579131 -0.874451 -0.119514
v 2.565052 -0.838013 -0.110114
v 2.580589 -0.839432 -0.123293
v 2.659985 -0.866211 -0.009579
v 2.673969 -0.867585 -0.020067
v 2.660752 -0.831163 -0.012891
v 2.673374 -0.832253 -0.022516
v 2.579131 -0.874451 -0.119514
v 2.595670 -0.875971 -0.133016
v 2.580589 -0.839432 -0.123293
v 2.595790 -0.840627 -0.135922
v 2.673969 -0.867585 -0.020067
v 2.687384 -0.868797 -0.030187
v 2.673374 -0.832253 -0.022516
v 2.685450 -0.833315 -0.031826
v 2.595670 -0.875971 -0.133016
v 2.611731 -0.877140 -0.145822
v 2.595790 -0.840627 -0.135922
v 2.610529 -0.841607 -0.147905
v 2.687384 -0.868797 -0.030187
v 2.700124 -0.869848 -0.039866
v 2.685450 -0.833315 -0.031826
v 2.696895 -0.834341 -0.040760
v 2.611731 -0.877140 -0.145822
v 2.627158 -0.877980 -0.157826
v 2.610529 -0.841607 -0.147905
v 2.624676 -0.842384 -0.159150
v 2.700125 -0.869848 -0.039866
v 2.712308 -0.868414 -0.046568
v 2.696895 -0.834341 -0.040760
v 2.708231 -0.832448 -0.046448
v 2.627158 -0.877980 -0.157826
v 2.642368 -0.877472 -0.168161
v 2.624676 -0.842384 -0.159151
v 2.639136 -0.841373 -0.168496
v 2.712308 -0.868414 -0.046568
v 2.723743 -0.865404 -0.051155
v 2.708231 -0.832448 -0.046448
v 2.718968 -0.829536 -0.050686
v 2.642368 -0.877472 -0.168161
v 2.658339 -0.873703 -0.175227
v 2.639136 -0.841373 -0.168496
v 2.654423 -0.837679 -0.175180
v 2.723743 -0.865404 -0.051155
v 2.734862 -0.862455 -0.055653
v 2.718968 -0.829536 -0.050686
v 2.729403 -0.826726 -0.054871
v 2.658339 -0.873703 -0.175227
v 2.673969 -0.869895 -0.181878
v 2.654423 -0.837679 -0.175180
v 2.669380 -0.833987 -0.181486
v 2.734862 -0.862455 -0.055653
v 2.746032 -0.859487 -0.060156
v 2.729403 -0.826726 -0.054871
v 2.739882 -0.823912 -0.059086
v 2.673970 -0.869895 -0.181878
v 2.689705 -0.865953 -0.188363
v 2.669380 -0.833987 -0.181486
v 2.684433 -0.830178 -0.187651
v 2.746032 -0.859487 -0.060156
v 2.757252 -0.856498 -0.064659
v 2.739882 -0.823912 -0.059086
v 2.750403 -0.821095 -0.063330
v 2.689705 -0.865953 -0.188363
v 2.705537 -0.861877 -0.194673
v 2.684433 -0.830178 -0.187651
v 2.699576 -0.826252 -0.193667
v 2.757252 -0.856498 -0.064659
v 2.768521 -0.853486 -0.069162
v 2.750403 -0.821095 -0.063330
v 2.760969 -0.818270 -0.067599
v 2.705537 -0.861877 -0.194673
v 2.721458 -0.857667 -0.200805
v 2.699576 -0.826252 -0.193667
v 2.714800 -0.822208 -0.199531
v 2.768521 -0.853486 -0.069162
v 2.779840 -0.850450 -0.073660
v 2.760969 -0.818270 -0.067599
v 2.771581 -0.815438 -0.071891
v 2.721458 -0.857667 -0.200805
v 2.737459 -0.853324 -0.206751
v 2.714800 -0.822208 -0.199531
v 2.730098 -0.818049 -0.205236
v 2.779840 -0.850450 -0.073660
v 2.791208 -0.847388 -0.078150
v 2.771581 -0.815438 -0.071891
v 2.782238 -0.812596 -0.076203
v 2.737459 -0.853324 -0.206751
v 2.753531 -0.848848 -0.212505
v 2.730098 -0.818049 -0.205236
v 2.745463 -0.813774 -0.210777
v 2.791208 -0.847388 -0.078150
v 2.802624 -0.844299 -0.082630
v 2.782239 -0.812596 -0.076203
v 2.792943 -0.809743 -0.080533
v 2.753531 -0.848848 -0.212505
v 2.769665 -0.844242 -0.218064
v 2.745463 -0.813774 -0.210777
v 2.760887 -0.809384 -0.216150
v 2.802624 -0.844299 -0.082630
v 2.814087 -0.841182 -0.087096
v 2.792943 -0.809743 -0.080533
v 2.803695 -0.806877 -0.084878
v 2.769665 -0.844242 -0.218064
v 2.785852 -0.839507 -0.223421
v 2.760887 -0.809384 -0.216150
v 2.776362 -0.804880 -0.221349
v 2.814087 -0.841182 -0.087096
v 2.825169 -0.837614 -0.089038
v 2.803695 -0.806877 -0.084878
v 2.814324 -0.803313 -0.086072
v 2.785852 -0.839507 -0.223421
v 2.802013 -0.834531 -0.227976
v 2.776362 -0.804880 -0.221349
v 2.791885 -0.799962 -0.225098
v 2.825169 -0.837614 -0.089038
v 2.835828 -0.833580 -0.088316
v 2.814324 -0.803313 -0.086072
v 2.824882 -0.799316 -0.085345
v 2.802013 -0.834531 -0.227976
v 2.817694 -0.828624 -0.227778
v 2.791885 -0.799962 -0.225098
v 2.807467 -0.794093 -0.224864
v 2.835828 -0.833580 -0.088316
v 2.846516 -0.829535 -0.087616
v 2.824882 -0.799316 -0.085345
v 2.835468 -0.795310 -0.084642
v 2.817694 -0.828624 -0.227778
v 2.833419 -0.822701 -0.227393
v 2.807467 -0.794093 -0.224864
v 2.823092 -0.788207 -0.224448
v 2.846516 -0.829535 -0.087616
v 2.857234 -0.825479 -0.086934
v 2.835468 -0.795310 -0.084642
v 2.846085 -0.791291 -0.083962
v 2.833419 -0.822701 -0.227393
v 2.849182 -0.816764 -0.226820
v 2.823092 -0.788207 -0.224448
v 2.838754 -0.782307 -0.223846
v 2.857234 -0.825479 -0.086934
v 2.867983 -0.821412 -0.086269
v 2.846085 -0.791291 -0.083962
v 2.856732 -0.787262 -0.083304
v 2.849182 -0.816764 -0.226820
v 2.864976 -0.810814 -0.226055
v 2.838754 -0.782307 -0.223846
v 2.854445 -0.776396 -0.223058
v 2.867983 -0.821412 -0.086269
v 2.878763 -0.817333 -0.085619
v 2.856732 -0.787262 -0.083304
v 2.867411 -0.783221 -0.082664
v 2.864976 -0.810814 -0.226055
v 2.880793 -0.804856 -0.225097
v 2.854445 -0.776396 -0.223058
v 2.870160 -0.770476 -0.222081
v 2.878763 -0.817333 -0.085619
v 2.889575 -0.813242 -0.084982
v 2.867411 -0.783221 -0.082664
v 2.878121 -0.779167 -0.082041
v 2.880793 -0.804856 -0.225097
v 2.896627 -0.798891 -0.223946
v 2.870160 -0.770476 -0.222081
v 2.885890 -0.764549 -0.220915
v 2.889575 -0.813242 -0.084982
v 2.900418 -0.809139 -0.084356
v 2.878121 -0.779167 -0.082041
v 2.888865 -0.775102 -0.081434
v 2.896627 -0.798891 -0.223946
v 2.912471 -0.792923 -0.222598
v 2.885890 -0.764549 -0.220915
v 2.901630 -0.758620 -0.219556
v 2.900418 -0.809139 -0.084356
v 2.911294 -0.805024 -0.083739
v 2.888865 -0.775102 -0.081434
v 2.899642 -0.771024 -0.080840
v 2.912471 -0.792923 -0.222598
v 2.928317 -0.786953 -0.221055
v 2.901630 -0.758620 -0.219556
v 2.917372 -0.752689 -0.218006
v 2.911294 -0.805024 -0.083739
v 2.922203 -0.800897 -0.083130
v 2.899642 -0.771024 -0.080840
v 2.910452 -0.766934 -0.080257
v 2.928317 -0.786953 -0.221055
v 2.944158 -0.780985 -0.219314
v 2.917372 -0.752689 -0.218006
v 2.933108 -0.746760 -0.216263
v 2.922203 -0.800897 -0.083130
v 2.933144 -0.796758 -0.082525
v 2.910452 -0.766934 -0.080257
v 2.921295 -0.762831 -0.079683
v 2.944158 -0.780985 -0.219314
v 2.959987 -0.775021 -0.217377
v 2.933108 -0.746760 -0.216263
v 2.948833 -0.740835 -0.214327
v 2.933144 -0.796758 -0.082525
v 2.942745 -0.794091 -0.078446
v 2.921295 -0.762831 -0.079683
v 2.931035 -0.760275 -0.074911
v 2.959987 -0.775021 -0.217377
v 2.974608 -0.770051 -0.213472
v 2.948833 -0.740835 -0.214327
v 2.963278 -0.736097 -0.209809
v 2.942745 -0.794091 -0.078446
v 2.952059 -0.791729 -0.073629
v 2.931035 -0.760275 -0.074911
v 2.940733 -0.757776 -0.069958
v 2.974608 -0.770051 -0.213472
v 2.987774 -0.766320 -0.207294
v 2.963278 -0.736097 -0.209809
v 2.976827 -0.732236 -0.203483
v 2.952059 -0.791729 -0.073629
v 2.961388 -0.789343 -0.068841
v 2.940733 -0.757776 -0.069958
v 2.950444 -0.755262 -0.065023
v 2.987774 -0.766320 -0.207294
v 3.000937 -0.762638 -0.201026
v 2.976827 -0.732236 -0.203483
v 2.990370 -0.728432 -0.197055
v 2.961388 -0.789343 -0.068841
v 2.970733 -0.786933 -0.064083
v 2.950444 -0.755262 -0.065023
v 2.960169 -0.752730 -0.060105
v 3.000937 -0.762638 -0.201026
v 3.014092 -0.759007 -0.194668
v 2.990370 -0.728432 -0.197055
v 3.003902 -0.724687 -0.190526
v 2.970733 -0.786933 -0.064083
v 2.980096 -0.784500 -0.059354
v 2.960169 -0.752730 -0.060105
v 2.969908 -0.750182 -0.055204
v 3.014092 -0.759007 -0.194668
v 3.027236 -0.755427 -0.188221
v 3.003902 -0.724687 -0.190526
v 3.017420 -0.721000 -0.183896
v 2.980096 -0.784500 -0.059354
v 2.989477 -0.782042 -0.054651
v 2.969908 -0.750182 -0.055204
v 2.979663 -0.747618 -0.050319
v 3.027236 -0.755427 -0.188221
v 3.040367 -0.751900 -0.181687
v 3.017420 -0.721000 -0.183896
v 3.030921 -0.717374 -0.177167
v 2.989477 -0.782042 -0.054651
v 2.998876 -0.779560 -0.049976
v 2.979663 -0.747618 -0.050319
v 2.989433 -0.745038 -0.045449
v 3.040367 -0.751900 -0.181687
v 3.053482 -0.748426 -0.175065
v 3.030921 -0.717374 -0.177167
v 3.044402 -0.713810 -0.170340
v 2.998876 -0.779560 -0.049976
v 3.008296 -0.777054 -0.045326
v 2.989433 -0.745038 -0.045449
v 2.999219 -0.742441 -0.040593
v 3.053482 -0.748426 -0.175065
v 3.066576 -0.745008 -0.168358
v 3.044402 -0.713810 -0.170340
v 3.057859 -0.710309 -0.163417
v 3.008296 -0.777054 -0.045326
v 3.017737 -0.774524 -0.040700
v 2.999219 -0.742441 -0.040593
v 3.009022 -0.739828 -0.035751
v 3.066576 -0.745008 -0.168358
v 3.079648 -0.741646 -0.161566
v 3.057859 -0.710309 -0.163417
v 3.071288 -0.706872 -0.156398
v 3.017737 -0.774524 -0.040700
v 3.027201 -0.771970 -0.036098
v 3.009022 -0.739828 -0.035751
v 3.018842 -0.737200 -0.030922
v 3.079648 -0.741646 -0.161566
v 3.092694 -0.738341 -0.154691
v 3.071288 -0.706872 -0.156398
v 3.084686 -0.703501 -0.149286
v 3.027201 -0.771970 -0.036098
v 3.036687 -0.769392 -0.031518
v 3.018842 -0.737200 -0.030922
v 3.028680 -0.734555 -0.026105
v 3.092694 -0.738341 -0.154691
v 3.105711 -0.735094 -0.147734
v 3.084686 -0.703501 -0.149286
v 3.098050 -0.700195 -0.142082
v 3.036687 -0.769392 -0.031518
v 3.045435 -0.768236 -0.026024
v 3.028680 -0.734555 -0.026105
v 3.037690 -0.733772 -0.019955
v 3.105711 -0.735094 -0.147734
v 3.118509 -0.732124 -0.140622
v 3.098050 -0.700195 -0.142082
v 3.110828 -0.697651 -0.134507
v 3.045435 -0.768236 -0.026024
v 3.053179 -0.768961 -0.019311
v 3.037690 -0.733772 -0.019955
v 3.046051 -0.734412 -0.012784
v 3.118509 -0.732124 -0.140622
v 3.128402 -0.732556 -0.132313
v 3.110828 -0.697651 -0.134507
v 3.121337 -0.698000 -0.125739
v 3.053179 -0.768961 -0.019311
v 3.060926 -0.769643 -0.012624
v 3.046051 -0.734412 -0.012784
v 3.054411 -0.735029 -0.005630
v 3.128402 -0.732556 -0.132313
v 3.138282 -0.733013 -0.123997
v 3.121337 -0.698000 -0.125739
v 3.131829 -0.698393 -0.116955
v 3.060926 -0.769643 -0.012624
v 3.068679 -0.770280 -0.005962
v 3.054411 -0.735029 -0.005630
v 3.062771 -0.735620 0.001508
v 3.138282 -0.733013 -0.123997
v 3.148149 -0.733495 -0.115676
v 3.131829 -0.698393 -0.116955
v 3.142303 -0.698831 -0.108157
v 3.068679 -0.770280 -0.005962
v 3.076437 -0.770873 0.000676
v 3.062771 -0.735620 0.001508
v 3.071131 -0.736187 0.008630
v 3.148149 -0.733495 -0.115676
v 3.158004 -0.734001 -0.107350
v 3.142303 -0.698831 -0.108157
v 3.152759 -0.699314 -0.099347
v 3.076437 -0.770873 0.000676
v 3.084202 -0.771420 0.007290
v 3.071131 -0.736187 0.008630
v 3.079492 -0.736728 0.015736
v 3.158004 -0.734001 -0.107350
v 3.167844 -0.734531 -0.099020
v 3.152759 -0.699314 -0.099347
v 3.163195 -0.699840 -0.090524
v 3.084202 -0.771420 0.007290
v 3.091976 -0.771921 0.013881
v 3.079492 -0.736728 0.015736
v 3.087855 -0.737243 0.022827
v 3.167844 -0.734531 -0.099020
v 3.177670 -0.735085 -0.090687
v 3.163195 -0.699840 -0.090524
v 3.173610 -0.700410 -0.081689
v 3.091976 -0.771921 0.013881
v 3.099759 -0.772376 0.020450
v 3.087855 -0.737243 0.022827
v 3.096220 -0.737733 0.029903
v 3.177670 -0.735085 -0.090687
v 3.187482 -0.735662 -0.082350
v 3.173610 -0.700410 -0.081689
v 3.184003 -0.701024 -0.072845
v 3.099759 -0.772376 0.020450
v 3.107553 -0.772785 0.026999
v 3.096220 -0.737733 0.029903
v 3.104589 -0.738196 0.036965
v 3.187482 -0.735662 -0.082350
v 3.197278 -0.736263 -0.074011
v 3.184003 -0.701024 -0.072845
v 3.194373 -0.701680 -0.063992
v 3.107553 -0.772785 0.026999
v 3.115359 -0.773148 0.033527
v 3.104589 -0.738196 0.036965
v 3.112963 -0.738632 0.044013
v 3.197278 -0.736263 -0.074011
v 3.207058 -0.736886 -0.065670
v 3.194373 -0.701680 -0.063992
v 3.204720 -0.702379 -0.055131
v 3.115359 -0.773148 0.033527
v 3.123178 -0.773464 0.040035
v 3.112963 -0.738632 0.044013
v 3.121341 -0.739042 0.051047
v 3.207058 -0.736886 -0.065670
v 3.216823 -0.737532 -0.057329
v 3.204720 -0.702379 -0.055131
v 3.215042 -0.703121 -0.046263
v 3.123178 -0.773464 0.040035
v 3.131012 -0.773733 0.046526
v 3.121341 -0.739042 0.051047
v 3.129725 -0.739424 0.058069
v 3.216823 -0.737532 -0.057329
v 3.226571 -0.738199 -0.048986
v 3.215042 -0.703121 -0.046263
v 3.225339 -0.703903 -0.037389
v 3.131012 -0.773733 0.046526
v 3.138160 -0.775741 0.052904
v 3.129725 -0.739424 0.058069
v 3.137317 -0.742114 0.065064
v 3.226571 -0.738199 -0.048986
v 3.236041 -0.739227 -0.040781
v 3.225339 -0.703903 -0.037389
v 3.235022 -0.705554 -0.028797
v 3.138160 -0.775741 0.052904
v 3.144492 -0.779748 0.059164
v 3.137317 -0.742114 0.065064
v 3.144367 -0.746328 0.072037
v 3.236041 -0.739227 -0.040781
v 3.243026 -0.743442 -0.033871
v 3.235022 -0.705554 -0.028797
v 3.242724 -0.709969 -0.021173
v 3.144492 -0.779748 0.059164
v 3.150816 -0.783682 0.065418
v 3.144367 -0.746328 0.072037
v 3.151403 -0.750499 0.079000
v 3.243026 -0.743442 -0.033871
v 3.249999 -0.747612 -0.026973
v 3.242724 -0.709969 -0.021173
v 3.250411 -0.714368 -0.013565
v 3.150816 -0.783682 0.065418
v 3.157133 -0.787543 0.071667
v 3.151403 -0.750499 0.079000
v 3.158428 -0.754626 0.085952
v 3.249999 -0.747612 -0.026973
v 3.256960 -0.751735 -0.020085
v 3.250411 -0.714368 -0.013565
v 3.258081 -0.718751 -0.005972
v 3.157133 -0.787543 0.071667
v 3.163445 -0.791330 0.077914
v 3.158428 -0.754626 0.085952
v 3.165442 -0.758708 0.092895
v 3.256960 -0.751735 -0.020085
v 3.263910 -0.755812 -0.013206
v 3.258081 -0.718751 -0.005972
v 3.265735 -0.723116 0.001605
v 3.163445 -0.791330 0.077914
v 3.169752 -0.795043 0.084160
v 3.165442 -0.758708 0.092895
v 3.172446 -0.762745 0.099831
v 3.263910 -0.755812 -0.013206
v 3.270850 -0.759841 -0.006335
v 3.265735 -0.723116 0.001605
v 3.273374 -0.727461 0.009167
v 3.169752 -0.795043 0.084160
v 3.176057 -0.798681 0.090406
v 3.172446 -0.762745 0.099831
v 3.179441 -0.766736 0.106759
v 3.270850 -0.759841 -0.006335
v 3.277782 -0.763821 0.000530
v 3.273374 -0.727461 0.009167
v 3.280997 -0.731788 0.016715
v 3.176057 -0.798681 0.090406
v 3.182361 -0.802243 0.096656
v 3.179441 -0.766736 0.106759
v 3.186429 -0.770680 0.113681
v 3.277782 -0.763821 0.000530
v 3.284706 -0.767752 0.007389
v 3.280997 -0.731788 0.016715
v 3.288606 -0.736093 0.024250
v 3.182361 -0.802243 0.096656
v 3.188667 -0.805731 0.102909
v 3.186429 -0.770680 0.113681
v 3.193410 -0.774577 0.120599
v 3.284706 -0.767752 0.007389
v 3.291624 -0.771633 0.014243
v 3.288606 -0.736093 0.024250
v 3.296202 -0.740377 0.031771
v 3.188667 -0.805731 0.102909
v 3.194975 -0.809142 0.109167
v 3.193410 -0.774577 0.120599
v 3.200385 -0.778426 0.127513
v 3.291624 -0.771633 0.014243
v 3.298536 -0.775463 0.021094
v 3.296202 -0.740377 0.031771
v 3.303784 -0.744638 0.039279
v 3.194975 -0.809142 0.109167
v 3.201287 -0.812478 0.115434
v 3.200385 -0.778426 0.127513
v 3.207356 -0.782227 0.134424
v 3.298536 -0.775463 0.021094
v 3.305444 -0.779243 0.027943
v 3.303784 -0.744638 0.039279
v 3.311353 -0.748876 0.046776
v 3.201287 -0.812478 0.115434
v 3.207605 -0.815738 0.121709
v 3.207356 -0.782227 0.134424
v 3.214324 -0.785979 0.141334
v 3.305444 -0.779243 0.027943
v 3.312350 -0.782972 0.034791
v 3.311353 -0.748876 0.046776
v 3.318910 -0.753089 0.054261
v 3.207605 -0.815738 0.121709
v 3.213300 -0.820819 0.126482
v 3.214324 -0.785979 0.141334
v 3.220616 -0.792135 0.146466
v 3.312350 -0.782972 0.034791
v 3.318799 -0.787078 0.040896
v 3.318910 -0.753089 0.054261
v 3.325716 -0.758064 0.060495
v 3.213300 -0.820819 0.126482
v 3.218461 -0.827341 0.130066
v 3.220616 -0.792135 0.146466
v 3.226578 -0.799342 0.150802
v 3.318799 -0.787078 0.040896
v 3.323202 -0.792988 0.043734
v 3.325716 -0.758064 0.060495
v 3.330920 -0.764642 0.064101
v 3.218461 -0.827341 0.130066
v 3.223596 -0.833753 0.133704
v 3.226578 -0.799342 0.150802
v 3.232512 -0.806474 0.155159
v 3.323202 -0.792988 0.043734
v 3.327579 -0.798756 0.046656
v 3.330920 -0.764642 0.064101
v 3.336097 -0.771113 0.067759
v 3.223596 -0.833753 0.133704
v 3.228707 -0.840057 0.137400
v 3.232512 -0.806474 0.155159
v 3.238421 -0.813532 0.159541
v 3.327579 -0.798756 0.046656
v 3.331933 -0.804382 0.049666
v 3.336097 -0.771113 0.067759
v 3.341250 -0.777476 0.071472
v 3.228707 -0.840057 0.137400
v 3.233798 -0.846254 0.141158
v 3.238421 -0.813532 0.159541
v 3.244307 -0.820516 0.163949
v 3.331933 -0.804382 0.049666
v 3.336268 -0.809868 0.052771
v 3.341250 -0.777476 0.071472
v 3.346381 -0.783733 0.075244
v 3.233798 -0.846254 0.141158
v 3.238871 -0.852343 0.144981
v 3.244307 -0.820516 0.163949
v 3.250170 -0.827425 0.168389
v 3.336268 -0.809868 0.052771
v 3.340588 -0.815216 0.055974
v 3.346381 -0.783733 0.075244
v 3.351494 -0.789885 0.079080
v 3.238871 -0.852343 0.144981
v 3.243929 -0.858328 0.148875
v 3.250170 -0.827425 0.168389
v 3.256014 -0.834259 0.172861
v 3.340588 -0.815216 0.055974
v 3.344895 -0.820429 0.059280
v 3.351494 -0.789885 0.079080
v 3.356591 -0.795932 0.082984
v 3.243929 -0.858328 0.148875
v 3.248975 -0.864208 0.152843
v 3.256014 -0.834259 0.172861
v 3.261840 -0.841018 0.177371
v 3.344895 -0.820429 0.059280
v 3.349196 -0.825508 0.062695
v 3.356591 -0.795932 0.082984
v 3.361675 -0.801876 0.086959
v 3.248975 -0.864208 0.152843
v 3.254012 -0.869985 0.156889
v 3.261840 -0.841018 0.177371
v 3.267651 -0.847703 0.181920
v 3.349196 -0.825508 0.062695
v 3.353493 -0.830457 0.066222
v 3.361675 -0.801876 0.086959
v 3.366748 -0.807718 0.091009
v 3.254012 -0.869985 0.156889
v 3.259043 -0.875662 0.161016
v 3.267651 -0.847703 0.181920
v 3.273447 -0.854315 0.186513
v 3.353493 -0.830457 0.066222
v 3.357791 -0.835278 0.069867
v 3.366748 -0.807718 0.091009
v 3.371816 -0.813461 0.095138
v 3.259043 -0.875662 0.161016
v 3.264072 -0.881240 0.165229
v 3.273447 -0.854315 0.186513
v 3.279231 -0.860853 0.191151
v 3.357791 -0.835278 0.069867
v 3.362094 -0.839974 0.073633
v 3.371816 -0.813461 0.095138
v 3.376879 -0.819105 0.099350
v 3.264072 -0.881239 0.165229
v 3.268946 -0.887673 0.167454
v 3.279231 -0.860853 0.191151
v 3.284779 -0.868555 0.193070
v 3.362094 -0.839974 0.073633
v 3.366323 -0.844560 0.077267
v 3.376879 -0.819105 0.099350
v 3.381595 -0.824692 0.102603
v 3.268946 -0.887673 0.167454
v 3.273566 -0.895377 0.166840
v 3.284779 -0.868555 0.193070
v 3.290106 -0.877207 0.192774
v 3.366322 -0.844560 0.077267
v 3.368718 -0.849285 0.075573
v 3.381595 -0.824692 0.102603
v 3.384691 -0.830354 0.101269
v 3.273566 -0.895377 0.166840
v 3.278140 -0.903005 0.166353
v 3.290106 -0.877207 0.192774
v 3.295391 -0.885795 0.192553
v 3.368718 -0.849285 0.075573
v 3.371048 -0.853892 0.074170
v 3.384691 -0.830354 0.101269
v 3.387730 -0.835912 0.100174
v 3.278140 -0.903005 0.166353
v 3.282670 -0.910560 0.165997
v 3.295391 -0.885795 0.192553
v 3.300637 -0.894322 0.192410
v 3.371048 -0.853892 0.074170
v 3.373321 -0.858391 0.073065
v 3.387730 -0.835912 0.100174
v 3.390715 -0.841375 0.099324
v 3.282670 -0.910560 0.165997
v 3.287160 -0.918048 0.165778
v 3.300637 -0.894322 0.192410
v 3.305845 -0.902788 0.192351
v 3.373321 -0.858391 0.073065
v 3.375544 -0.862795 0.072263
v 3.390715 -0.841375 0.099324
v 3.393654 -0.846751 0.098725
v 3.287160 -0.918048 0.165778
v 3.291615 -0.925472 0.165700
v 3.305845 -0.902788 0.192351
v 3.311018 -0.911198 0.192380
v 3.375544 -0.862794 0.072263
v 3.377725 -0.867111 0.071771
v 3.393654 -0.846751 0.098725
v 3.396554 -0.852049 0.098382
v 3.291615 -0.925472 0.165700
v 3.296036 -0.932839 0.165768
v 3.311018 -0.911198 0.192380
v 3.316159 -0.919555 0.192500
v 3.377725 -0.867111 0.071771
v 3.379873 -0.871353 0.071594
v 3.396554 -0.852049 0.098382
v 3.399422 -0.857278 0.098301
v 3.296037 -0.932839 0.165767
v 3.300430 -0.940152 0.165984
v 3.316159 -0.919555 0.192500
v 3.321270 -0.927861 0.192717
v 3.379873 -0.871353 0.071594
v 3.381997 -0.875530 0.071735
v 3.399422 -0.857278 0.098301
v 3.402265 -0.862446 0.098484
v 3.300430 -0.940152 0.165984
v 3.304800 -0.947418 0.166354
v 3.321270 -0.927861 0.192717
v 3.326353 -0.936120 0.193032
v 3.381997 -0.875530 0.071735
v 3.384103 -0.879655 0.072200
v 3.402265 -0.862446 0.098484
v 3.405088 -0.867564 0.098938
v 3.304800 -0.947418 0.166354
v 3.309149 -0.954642 0.166881
v 3.326353 -0.936120 0.193032
v 3.331412 -0.944336 0.193451
v 3.384103 -0.879655 0.072200
v 3.386202 -0.883739 0.072991
v 3.405088 -0.867564 0.098938
v 3.407900 -0.872642 0.099663
v 3.309149 -0.954641 0.166881
v 3.313785 -0.962008 0.166785
v 3.331412 -0.944336 0.193451
v 3.336874 -0.952614 0.192447
v 3.386202 -0.883739 0.072991
v 3.388302 -0.887792 0.074110
v 3.407901 -0.872642 0.099663
v 3.410709 -0.877688 0.100664
v 3.313785 -0.962008 0.166785
v 3.320383 -0.970532 0.161645
v 3.336874 -0.952614 0.192447
v 3.343482 -0.961151 0.187305
v 3.388302 -0.887792 0.074110
v 3.392606 -0.893539 0.070845
v 3.410709 -0.877688 0.100664
v 3.415481 -0.883850 0.096570
v 3.320383 -0.970532 0.161646
v 3.326970 -0.979045 0.156512
v 3.343482 -0.961151 0.187305
v 3.350078 -0.969678 0.182169
v 3.392606 -0.893538 0.070845
v 3.397553 -0.899827 0.066203
v 3.415481 -0.883850 0.096570
v 3.420434 -0.890156 0.091931
v 3.326970 -0.979045 0.156512
v 3.333545 -0.987549 0.151384
v 3.350078 -0.969678 0.182169
v 3.356663 -0.978194 0.177038
v 3.397553 -0.899827 0.066203
v 3.402461 -0.906136 0.061606
v 3.420434 -0.890156 0.091931
v 3.425346 -0.896482 0.087336
v 3.333545 -0.987548 0.151384
v 3.340109 -0.996042 0.146262
v 3.356663 -0.978194 0.177038
v 3.363236 -0.986701 0.171913
v 3.402461 -0.906136 0.061606
v 3.407328 -0.912466 0.057053
v 3.425346 -0.896482 0.087336
v 3.430220 -0.902830 0.082785
v 3.340108 -0.996042 0.146262
v 3.346826 -1.004690 0.141019
v 3.363236 -0.986701 0.171914
v 3.369953 -0.995367 0.166654
v 3.407328 -0.912466 0.057053
v 3.412252 -0.918977 0.052473
v 3.430220 -0.902829 0.082785
v 3.435139 -0.909364 0.078194
v 3.346826 -1.004690 0.141019
v 3.353972 -1.013758 0.135442
v 3.369953 -0.995367 0.166654
v 3.377066 -1.004465 0.161026
v 3.412252 -0.918977 0.052473
v 3.417389 -0.925943 0.047755
v 3.435139 -0.909364 0.078194
v 3.440241 -0.916366 0.073431
v 3.353972 -1.013758 0.135442
v 3.361499 -1.023193 0.129565
v 3.377066 -1.004465 0.161026
v 3.384531 -1.013943 0.155064
v 3.417389 -0.925943 0.047755
v 3.422709 -0.933333 0.042930
v 3.440241 -0.916365 0.073431
v 3.445496 -0.923806 0.068526
v 3.361499 -1.023193 0.129565
v 3.369356 -1.032936 0.123427
v 3.384531 -1.013943 0.155064
v 3.392298 -1.023741 0.148809
v 3.422709 -0.933333 0.042930
v 3.428181 -0.941116 0.038029
v 3.445497 -0.923806 0.068526
v 3.450876 -0.931652 0.063512
v 3.369356 -1.032936 0.123427
v 3.377491 -1.042932 0.117067
v 3.392298 -1.023741 0.148809
v 3.400315 -1.033804 0.142300
v 3.428181 -0.941116 0.038029
v 3.433776 -0.949257 0.033081
v 3.450876 -0.931652 0.063513
v 3.456353 -0.939868 0.058420
v 3.377491 -1.042932 0.117067
v 3.388590 -1.054066 0.110857
v 3.400315 -1.033803 0.142300
v 3.411297 -1.044576 0.136292
v 3.433776 -0.949257 0.033081
v 3.440396 -0.958115 0.028166
v 3.456353 -0.939868 0.058420
v 3.463308 -0.948833 0.053510
v 3.388590 -1.054066 0.110857
v 3.404092 -1.066654 0.105086
v 3.411297 -1.044576 0.136292
v 3.425275 -1.055967 0.130850
v 3.440396 -0.958115 0.028166
v 3.453817 -0.969974 0.023653
v 3.463308 -0.948833 0.053510
v 3.475214 -0.959483 0.049337
v 3.404092 -1.066654 0.105086
v 3.420128 -1.079260 0.099357
v 3.425275 -1.055967 0.130850
v 3.439690 -1.067445 0.125363
v 3.453817 -0.969974 0.023653
v 3.467633 -0.982024 0.019193
v 3.475214 -0.959483 0.049337
v 3.487416 -0.970394 0.045129
v 3.420128 -1.079260 0.099357
v 3.436625 -1.091810 0.093709
v 3.439690 -1.067445 0.125363
v 3.454484 -1.078952 0.119865
v 3.467633 -0.982024 0.019193
v 3.481791 -0.994203 0.014811
v 3.487415 -0.970394 0.045129
v 3.499877 -0.981516 0.040908
v 3.436625 -1.091810 0.093709
v 3.453507 -1.104235 0.088177
v 3.454484 -1.078951 0.119865
v 3.469599 -1.090428 0.114388
v 3.481791 -0.994203 0.014811
v 3.496238 -1.006451 0.010532
v 3.499877 -0.981516 0.040908
v 3.512561 -0.992800 0.036696
v 3.453507 -1.104235 0.088177
v 3.470697 -1.116473 0.082791
v 3.469599 -1.090428 0.114388
v 3.484974 -1.101822 0.108961
v 3.496238 -1.006451 0.010532
v 3.510921 -1.018709 0.006378
v 3.512561 -0.992800 0.036696
v 3.525433 -1.004200 0.032512
v 3.470697 -1.116472 0.082791
v 3.488116 -1.128466 0.077576
v 3.484974 -1.101822 0.108962
v 3.500550 -1.113082 0.103611
v 3.510921 -1.018709 0.006378
v 3.525784 -1.030923 0.002369
v 3.525433 -1.004200 0.032512
v 3.538455 -1.015667 0.028377
v 3.488115 -1.128466 0.077576
v 3.506263 -1.134214 0.076272
v 3.500550 -1.113082 0.103611
v 3.517698 -1.117922 0.102443
v 3.525784 -1.030923 0.002369
v 3.541634 -1.039112 0.001085
v 3.538455 -1.015667 0.028377
v 3.553160 -1.022865 0.027249
v 3.506263 -1.134214 0.076272
v 3.524525 -1.138455 0.075865
v 3.517698 -1.117922 0.102443
v 3.534978 -1.122026 0.101699
v 3.541634 -1.039112 0.001085
v 3.558144 -1.044216 0.001871
v 3.553160 -1.022865 0.027249
v 3.568688 -1.027829 0.027699
v 3.524525 -1.138455 0.075865
v 3.542699 -1.142561 0.075487
v 3.534978 -1.122026 0.101699
v 3.552186 -1.126041 0.100951
v 3.558144 -1.044216 0.001871
v 3.574578 -1.049296 0.002709
v 3.568688 -1.027829 0.027699
v 3.584153 -1.032814 0.028169
v 3.542698 -1.142561 0.075487
v 3.560730 -1.146522 0.075138
v 3.552186 -1.126040 0.100951
v 3.569271 -1.129954 0.100203
v 3.574578 -1.049296 0.002709
v 3.590889 -1.054337 0.003596
v 3.584153 -1.032814 0.028169
v 3.599516 -1.037804 0.028658
v 3.560730 -1.146522 0.075138
v 3.578568 -1.150332 0.074820
v 3.569270 -1.129954 0.100203
v 3.586186 -1.133758 0.099458
v 3.590889 -1.054337 0.003596
v 3.607036 -1.059323 0.004528
v 3.599516 -1.037804 0.028658
v 3.614738 -1.042781 0.029165
v 3.578568 -1.150332 0.074820
v 3.596165 -1.153983 0.074531
v 3.586186 -1.133758 0.099458
v 3.602890 -1.137444 0.098718
v 3.607036 -1.059323 0.004528
v 3.622978 -1.064241 0.005502
v 3.614738 -1.042781 0.029165
v 3.629785 -1.047731 0.029690
v 3.596165 -1.153983 0.074531
v 3.613477 -1.157472 0.074270
v 3.602890 -1.137444 0.098718
v 3.619341 -1.141007 0.097985
v 3.622978 -1.064241 0.005502
v 3.638679 -1.069079 0.006513
v 3.629785 -1.047731 0.029690
v 3.644623 -1.052639 0.030231
v 3.613477 -1.157472 0.074270
v 3.630463 -1.160796 0.074036
v 3.619341 -1.141007 0.097985
v 3.635503 -1.144440 0.097262
v 3.638679 -1.069079 0.006513
v 3.654103 -1.073825 0.007558
v 3.644623 -1.052639 0.030231
v 3.659220 -1.057491 0.030788
v 3.630462 -1.160796 0.074036
v 3.647086 -1.163954 0.073828
v 3.635503 -1.144440 0.097262
v 3.651340 -1.147740 0.096551
v 3.654103 -1.073825 0.007558
v 3.669219 -1.078468 0.008632
v 3.659220 -1.057491 0.030788
v 3.673547 -1.062274 0.031359
v 3.647086 -1.163954 0.073828
v 3.661431 -1.166487 0.073513
v 3.651340 -1.147740 0.096551
v 3.665335 -1.150542 0.095747
v 3.669219 -1.078468 0.008632
v 3.683239 -1.082813 0.009678
v 3.673547 -1.062274 0.031359
v 3.687143 -1.066868 0.031912
v 3.661431 -1.166487 0.073513
v 3.675004 -1.168818 0.073167
v 3.665335 -1.150542 0.095747
v 3.678825 -1.153213 0.094928
v 3.683239 -1.082813 0.009678
v 3.696347 -1.086926 0.010692
v 3.687143 -1.066868 0.031913
v 3.700169 -1.071321 0.032453
v 3.675004 -1.168818 0.073167
v 3.688198 -1.171053 0.072819
v 3.678825 -1.153213 0.094928
v 3.691936 -1.155787 0.094106
v 3.696347 -1.086926 0.010692
v 3.709077 -1.090943 0.011703
v 3.700169 -1.071321 0.032453
v 3.712815 -1.075677 0.032990
v 3.688198 -1.171052 0.072819
v 3.700997 -1.173190 0.072469
v 3.691936 -1.155787 0.094106
v 3.704652 -1.158263 0.093284
v 3.709077 -1.090943 0.011703
v 3.721413 -1.094856 0.012709
v 3.712815 -1.075677 0.032990
v 3.725068 -1.079929 0.033524
v 3.700997 -1.173190 0.072469
v 3.713387 -1.175231 0.072119
v 3.704651 -1.158263 0.093284
v 3.716960 -1.160640 0.092465
v 3.721413 -1.094856 0.012709
v 3.733344 -1.098661 0.013704
v 3.725068 -1.079929 0.033524
v 3.736917 -1.084070 0.034051
v 3.713387 -1.175231 0.072119
v 3.725358 -1.177178 0.071771
v 3.716959 -1.160640 0.092465
v 3.728849 -1.162919 0.091654
v 3.733343 -1.098661 0.013704
v 3.744860 -1.102351 0.014687
v 3.736916 -1.084070 0.034051
v 3.748351 -1.088093 0.034570
v 3.725358 -1.177178 0.071771
v 3.736901 -1.179033 0.071427
v 3.728849 -1.162919 0.091654
v 3.740312 -1.165101 0.090854
v 3.744860 -1.102351 0.014687
v 3.755956 -1.105923 0.015652
v 3.748351 -1.088093 0.034570
v 3.759367 -1.091992 0.035079
v 3.736901 -1.179033 0.071427
v 3.748013 -1.180799 0.071088
v 3.740312 -1.165101 0.090854
v 3.751345 -1.167188 0.090067
v 3.755956 -1.105923 0.015652
v 3.766628 -1.109373 0.016597
v 3.759367 -1.091992 0.035079
v 3.769961 -1.095762 0.035577
v 3.748013 -1.180799 0.071088
v 3.758690 -1.182479 0.070755
v 3.751345 -1.167188 0.090067
v 3.761946 -1.169182 0.089298
v 3.766628 -1.109373 0.016597
v 3.776878 -1.112697 0.017519
v 3.769961 -1.095762 0.035577
v 3.780134 -1.099399 0.036062
v 3.758690 -1.182479 0.070755
v 3.768934 -1.184079 0.070432
v 3.761946 -1.169182 0.089298
v 3.772116 -1.171086 0.088550
v 3.776878 -1.112697 0.017519
v 3.786706 -1.115893 0.018413
v 3.780134 -1.099399 0.036062
v 3.789887 -1.102900 0.036532
v 3.768934 -1.184079 0.070432
v 3.778750 -1.185604 0.070118
v 3.772116 -1.171086 0.088550
v 3.781859 -1.172904 0.087827
v 3.786706 -1.115893 0.018413
v 3.796119 -1.118960 0.019277
v 3.789887 -1.102900 0.036532
v 3.799229 -1.106261 0.036985
v 3.778749 -1.185604 0.070118
v 3.788142 -1.187059 0.069817
v 3.781859 -1.172904 0.087827
v 3.791183 -1.174642 0.087132
v 3.796119 -1.118960 0.019276
v 3.805125 -1.121898 0.020106
v 3.799228 -1.106261 0.036985
v 3.808166 -1.109481 0.037421
v 3.788142 -1.187059 0.069817
v 3.797122 -1.188452 0.069529
v 3.791183 -1.174642 0.087132
v 3.800097 -1.176305 0.086468
v 3.805125 -1.121898 0.020106
v 3.813737 -1.124705 0.020897
v 3.808166 -1.109481 0.037421
v 3.816711 -1.112558 0.037836
v 3.797122 -1.188452 0.069529
v 3.805702 -1.189790 0.069257
v 3.800097 -1.176305 0.086468
v 3.808614 -1.177898 0.085840
v 3.813736 -1.124705 0.020897
v 3.821967 -1.127383 0.021648
v 3.816711 -1.112558 0.037836
v 3.824879 -1.115492 0.038231
v 3.805702 -1.189790 0.069257
v 3.813897 -1.191081 0.069003
v 3.808614 -1.177898 0.085840
v 3.816750 -1.179429 0.085251
v 3.821967 -1.127383 0.021648
v 3.829834 -1.129934 0.022355
v 3.824879 -1.115492 0.038231
v 3.832687 -1.118282 0.038603
v 3.813897 -1.191081 0.069003
v 3.821725 -1.192334 0.068767
v 3.816750 -1.179429 0.085251
v 3.824524 -1.180905 0.084704
v 3.829834 -1.129934 0.022355
v 3.837357 -1.132359 0.023013
v 3.832687 -1.118282 0.038603
v 3.840155 -1.120931 0.038950
v 3.821725 -1.192334 0.068767
v 3.829209 -1.193559 0.068553
v 3.824524 -1.180905 0.084704
v 3.831957 -1.182336 0.084203
v 3.837357 -1.132359 0.023013
v 3.844559 -1.134662 0.023621
v 3.840155 -1.120931 0.038950
v 3.847307 -1.123438 0.039271
v 3.829209 -1.193559 0.068553
v 3.836371 -1.194766 0.068362
v 3.831957 -1.182336 0.084203
v 3.839073 -1.183729 0.083753
v 3.844559 -1.134661 0.023621
v 3.851467 -1.136845 0.024174
v 3.847307 -1.123438 0.039271
v 3.854169 -1.125808 0.039565
v 3.836371 -1.194766 0.068362
v 3.843239 -1.195967 0.068195
v 3.839073 -1.183729 0.083753
v 3.845901 -1.185095 0.083356
v 3.851467 -1.136845 0.024174
v 3.858109 -1.138914 0.024670
v 3.854169 -1.125808 0.039565
v 3.860771 -1.128042 0.039830
v 3.843239 -1.195967 0.068195
v 3.849843 -1.197174 0.068056
v 3.845901 -1.185095 0.083356
v 3.852469 -1.186445 0.083016
v 3.858109 -1.138914 0.024670
v 3.864516 -1.140874 0.025105
v 3.860771 -1.128042 0.039830
v 3.867143 -1.130145 0.040065
v 3.849843 -1.197174 0.068056
v 3.856215 -1.198399 0.067944
v 3.852469 -1.186445 0.083016
v 3.858813 -1.187791 0.082737
v 3.864516 -1.140874 0.025105
v 3.870725 -1.142730 0.025475
v 3.867143 -1.130145 0.040065
v 3.873322 -1.132122 0.040268
v 3.856215 -1.198399 0.067944
v 3.862393 -1.199655 0.067864
v 3.858813 -1.187791 0.082737
v 3.864966 -1.189143 0.082523
v 3.870724 -1.142730 0.025475
v 3.876770 -1.144489 0.025778
v 3.873322 -1.132122 0.040268
v 3.879344 -1.133977 0.040437
v 3.862393 -1.199655 0.067864
v 3.868413 -1.200957 0.067816
v 3.864966 -1.189143 0.082523
v 3.870969 -1.190515 0.082377
v 3.876770 -1.144489 0.025778
v 3.882694 -1.146159 0.026011
v 3.879344 -1.133977 0.040437
v 3.885252 -1.135717 0.040572
v 3.868413 -1.200957 0.067816
v 3.874318 -1.202320 0.067803
v 3.870969 -1.190515 0.082377
v 3.876863 -1.191921 0.082304
v 3.882694 -1.146159 0.026011
v 3.888541 -1.147747 0.026170
v 3.885251 -1.135717 0.040572
v 3.891087 -1.137348 0.040671
v 3.874318 -1.202320 0.067803
v 3.880151 -1.203759 0.067827
v 3.876863 -1.191921 0.082304
v 3.882694 -1.193375 0.082308
v 3.888541 -1.147747 0.026170
v 3.894354 -1.149263 0.026252
v 3.891087 -1.137348 0.040671
v 3.896897 -1.138879 0.040733
vn 0.4866 0.2798 0.8276
vn 0.7359 0.3795 -0.5608
vn -0.5041 -0.2458 -0.8279
vn -0.7404 -0.3708 0.5607
vn -0.4580 0.8889 -0.0081
vn 0.4580 -0.8889 0.0081
vn 0.4695 0.3113 0.8262
vn 0.7316 0.3877 -0.5608
vn -0.5199 -0.2135 -0.8271
vn -0.7445 -0.3625 0.5606
vn 0.4540 0.3386 0.8241
vn 0.7277 0.3948 -0.5608
vn -0.5331 -0.1852 -0.8256
vn -0.7481 -0.3553 0.5604
vn 0.4410 0.3607 0.8218
vn 0.7245 0.4007 -0.5608
vn -0.5436 -0.1617 -0.8236
vn -0.7511 -0.3492 0.5603
vn 0.4307 0.3778 0.8196
vn 0.7220 0.4053 -0.5607
vn -0.5515 -0.1433 -0.8218
vn -0.7533 -0.3445 0.5602
vn 0.4230 0.3902 0.8178
vn 0.7202 0.4087 -0.5607
vn -0.5571 -0.1298 -0.8202
vn -0.7550 -0.3411 0.5600
vn 0.4177 0.3986 0.8165
vn 0.7189 0.4110 -0.5606
vn -0.5609 -0.1206 -0.8190
vn -0.7561 -0.3387 0.5600
vn 0.4144 0.4037 0.8156
vn 0.7181 0.4124 -0.5606
vn -0.5632 -0.1150 -0.8183
vn -0.7568 -0.3372 0.5599
vn 0.4128 0.4063 0.8152
vn 0.7177 0.4131 -0.5606
vn -0.5644 -0.1121 -0.8179
vn -0.7572 -0.3365 0.5599
vn 0.4124 0.4069 0.8151
vn 0.7176 0.4133 -0.5606
vn -0.5647 -0.1114 -0.8178
vn -0.7573 -0.3363 0.5599
vn 0.4134 0.4049 0.8156
vn 0.7177 0.4130 -0.5606
vn -0.5664 -0.1085 -0.8170
vn -0.7571 -0.3365 0.5600
vn 0.4603 -0.8877 0.0016
vn 0.4144 0.4017 0.8167
vn 0.7181 0.4122 -0.5607
vn -0.5686 -0.1063 -0.8157
vn -0.7568 -0.3363 0.5605
vn -0.4603 0.8877 -0.0016
vn 0.4631 -0.8863 -0.0104
vn 0.4154 0.3981 0.8179
vn 0.7186 0.4112 -0.5608
vn -0.5687 -0.1101 -0.8152
vn -0.7560 -0.3369 0.5612
vn -0.4631 0.8863 0.0104
vn 0.4659 -0.8845 -0.0233
vn 0.4167 0.3939 0.8193
vn 0.7191 0.4099 -0.5611
vn -0.5684 -0.1145 -0.8147
vn -0.7550 -0.3376 0.5621
vn -0.4659 0.8845 0.0233
vn 0.4689 -0.8825 -0.0372
vn 0.4181 0.3892 0.8208
vn 0.7196 0.4085 -0.5615
vn -0.5679 -0.1194 -0.8144
vn -0.7539 -0.3385 0.5631
vn -0.4689 0.8825 0.0372
vn 0.4720 -0.8801 -0.0521
vn 0.4196 0.3843 0.8223
vn 0.7201 0.4070 -0.5620
vn -0.5672 -0.1246 -0.8141
vn -0.7527 -0.3393 0.5642
vn -0.4720 0.8800 0.0521
vn 0.4752 -0.8773 -0.0680
vn 0.4211 0.3791 0.8240
vn 0.7205 0.4053 -0.5628
vn -0.5662 -0.1299 -0.8140
vn -0.7513 -0.3401 0.5655
vn -0.4752 0.8773 0.0680
vn 0.4784 -0.8740 -0.0849
vn 0.4226 0.3737 0.8257
vn 0.7207 0.4035 -0.5637
vn -0.5650 -0.1354 -0.8139
vn -0.7499 -0.3409 0.5670
vn -0.4784 0.8740 0.0849
vn 0.4817 -0.8703 -0.1027
vn 0.4240 0.3683 0.8274
vn 0.7209 0.4016 -0.5648
vn -0.5635 -0.1408 -0.8140
vn -0.7482 -0.3417 0.5686
vn -0.4817 0.8703 0.1027
vn 0.4850 -0.8660 -0.1216
vn 0.4252 0.3627 0.8292
vn 0.7209 0.3996 -0.5663
vn -0.5617 -0.1463 -0.8143
vn -0.7465 -0.3424 0.5705
vn -0.4850 0.8660 0.1216
vn 0.4882 -0.8612 -0.1414
vn 0.4262 0.3571 0.8311
vn 0.7207 0.3975 -0.5679
vn -0.5597 -0.1517 -0.8147
vn -0.7446 -0.3431 0.5727
vn -0.4882 0.8612 0.1414
vn 0.4914 -0.8557 -0.1621
vn 0.4271 0.3514 0.8331
vn 0.7203 0.3953 -0.5699
vn -0.5573 -0.1570 -0.8153
vn -0.7424 -0.3436 0.5751
vn -0.4914 0.8557 0.1621
vn 0.4945 -0.8495 -0.1837
vn 0.5509 0.1780 0.8154
vn 0.6034 0.5933 -0.5328
vn -0.6395 -0.0168 -0.7686
vn -0.6481 -0.5246 0.5520
vn -0.4945 0.8495 0.1837
vn 0.5044 -0.8355 -0.2181
vn 0.5844 0.1341 0.8003
vn 0.5538 0.6565 -0.5121
vn -0.6893 0.0659 -0.7214
vn -0.5892 -0.6097 0.5303
vn -0.5044 0.8355 0.2181
vn 0.5180 -0.8153 -0.2588
vn 0.5878 0.1301 0.7985
vn 0.5562 0.6548 -0.5117
vn -0.6937 0.0547 -0.7182
vn -0.5877 -0.6119 0.5293
vn -0.5180 0.8153 0.2588
vn 0.5308 -0.7925 -0.3005
vn 0.5910 0.1257 0.7968
vn 0.5579 0.6531 -0.5121
vn -0.6973 0.0441 -0.7155
vn -0.5855 -0.6143 0.5289
vn -0.5308 0.7925 0.3005
vn 0.5427 -0.7668 -0.3428
vn 0.5939 0.1209 0.7954
vn 0.5588 0.6513 -0.5134
vn -0.7000 0.0342 -0.7133
vn -0.5826 -0.6170 0.5291
vn -0.5427 0.7668 0.3428
vn 0.5535 -0.7383 -0.3855
vn 0.5965 0.1155 0.7942
vn 0.5589 0.6494 -0.5157
vn -0.7019 0.0250 -0.7118
vn -0.5788 -0.6198 0.5299
vn -0.5535 0.7383 0.3855
vn 0.5630 -0.7069 -0.4282
vn 0.5989 0.1096 0.7933
vn 0.5581 0.6475 -0.5189
vn -0.7028 0.0167 -0.7111
vn -0.5741 -0.6229 0.5315
vn -0.5630 0.7069 0.4282
vn 0.5710 -0.6726 -0.4707
vn 0.6047 0.1018 0.7899
vn 0.5459 0.6586 -0.5179
vn -0.7028 0.0094 -0.7113
vn -0.5673 -0.6276 0.5331
vn -0.5710 0.6726 0.4707
vn 0.5780 -0.6348 -0.5128
vn 0.6594 0.0472 0.7503
vn 0.3301 0.8815 -0.3376
vn -0.7390 0.0430 -0.6723
vn -0.3716 -0.8507 0.3718
vn -0.5780 0.6348 0.5128
vn 0.5991 -0.5932 -0.5377
vn 0.6616 0.0451 0.7485
vn 0.3128 0.8918 -0.3268
vn -0.7456 0.0381 -0.6653
vn -0.3416 -0.8712 0.3525
vn -0.5991 0.5932 0.5377
vn 0.6228 -0.5460 -0.5603
vn 0.6639 0.0435 0.7466
vn 0.3118 0.8924 -0.3260
vn -0.7461 0.0284 -0.6653
vn -0.3361 -0.8752 0.3479
vn -0.6228 0.5460 0.5603
vn 0.6447 -0.4964 -0.5813
vn 0.6663 0.0423 0.7445
vn 0.3107 0.8932 -0.3251
vn -0.7463 0.0190 -0.6653
vn -0.3303 -0.8794 0.3430
vn -0.6447 0.4964 0.5813
vn 0.6646 -0.4447 -0.6005
vn 0.6688 0.0415 0.7423
vn 0.3094 0.8940 -0.3240
vn -0.7464 0.0100 -0.6655
vn -0.3242 -0.8837 0.3377
vn -0.6646 0.4447 0.6005
vn 0.6822 -0.3913 -0.6177
vn 0.6715 0.0412 0.7398
vn 0.3080 0.8950 -0.3227
vn -0.7462 0.0012 -0.6658
vn -0.3178 -0.8881 0.3322
vn -0.6822 0.3913 0.6177
vn 0.6974 -0.3365 -0.6327
vn 0.6607 0.0444 0.7494
vn 0.2751 0.9131 -0.3009
vn -0.7457 -0.0073 -0.6662
vn -0.2939 -0.9022 0.3156
vn -0.6974 0.3365 0.6327
vn 0.7115 -0.2797 -0.6446
vn 0.5962 0.0635 0.8003
vn 0.0327 0.9952 -0.0923
vn -0.6744 -0.0398 -0.7373
vn -0.0696 -0.9901 0.1216
vn -0.7115 0.2797 0.6446
vn 0.7390 -0.2331 -0.6321
vn 0.5983 0.0609 0.7990
vn 0.0258 0.9955 -0.0910
vn -0.6627 -0.0431 -0.7476
vn -0.0477 -0.9929 0.1089
vn -0.7390 0.2331 0.6321
vn 0.7648 -0.1831 -0.6177
vn 0.6005 0.0601 0.7974
vn 0.0213 0.9957 -0.0897
vn -0.6546 -0.0481 -0.7544
vn -0.0391 -0.9939 0.1036
vn -0.7648 0.1831 0.6177
vn 0.7877 -0.1335 -0.6014
vn 0.6029 0.0610 0.7955
vn 0.0175 0.9960 -0.0874
vn -0.6462 -0.0533 -0.7613
vn -0.0309 -0.9948 0.0975
vn -0.7877 0.1335 0.6014
vn 0.8075 -0.0847 -0.5838
vn 0.6056 0.0635 0.7933
vn 0.0144 0.9963 -0.0843
vn -0.6375 -0.0587 -0.7682
vn -0.0231 -0.9956 0.0907
vn -0.8075 0.0847 0.5838
vn 0.8243 -0.0373 -0.5649
vn 0.6086 0.0674 0.7906
vn 0.0120 0.9967 -0.0804
vn -0.6284 -0.0642 -0.7752
vn -0.0156 -0.9964 0.0834
vn -0.8243 0.0373 0.5649
vn 0.8382 0.0084 -0.5453
vn 0.6122 0.0726 0.7874
vn 0.0103 0.9971 -0.0759
vn -0.6189 -0.0695 -0.7824
vn -0.0086 -0.9971 0.0758
vn -0.8382 -0.0084 0.5453
vn 0.8493 0.0518 -0.5253
vn 0.4591 0.0565 0.8866
vn -0.1137 0.9935 -0.0033
vn -0.5494 -0.0631 -0.8332
vn 0.0839 -0.9962 0.0214
vn -0.8493 -0.0518 0.5253
vn 0.8626 0.0860 -0.4986
vn 0.3610 0.0368 0.9318
vn -0.2242 0.9730 0.0542
vn -0.3937 -0.0427 -0.9182
vn 0.2190 -0.9743 -0.0518
vn -0.8626 -0.0860 0.4986
vn 0.8779 0.1095 -0.4662
vn 0.3651 0.0359 0.9303
vn -0.2271 0.9724 0.0530
vn -0.3815 -0.0395 -0.9235
vn 0.2242 -0.9732 -0.0519
vn -0.8779 -0.1095 0.4662
vn 0.8912 0.1321 -0.4339
vn 0.3652 0.0353 0.9303
vn -0.2306 0.9716 0.0528
vn -0.3718 -0.0369 -0.9276
vn 0.2284 -0.9722 -0.0521
vn -0.8912 -0.1321 0.4339
vn 0.9030 0.1546 -0.4008
vn 0.3649 0.0354 0.9304
vn -0.2339 0.9708 0.0532
vn -0.3619 -0.0345 -0.9316
vn 0.2326 -0.9711 -0.0528
vn -0.9030 -0.1546 0.4008
vn 0.9133 0.1768 -0.3669
vn 0.3642 0.0361 0.9306
vn -0.2371 0.9700 0.0540
vn -0.3517 -0.0324 -0.9355
vn 0.2366 -0.9701 -0.0539
vn -0.9133 -0.1768 0.3669
vn 0.9220 0.1987 -0.3323
vn 0.3631 0.0376 0.9310
vn -0.2401 0.9692 0.0554
vn -0.3414 -0.0306 -0.9394
vn 0.2406 -0.9690 -0.0555
vn -0.9220 -0.1987 0.3323
vn 0.9291 0.2203 -0.2970
vn 0.3616 0.0397 0.9315
vn -0.2431 0.9683 0.0573
vn -0.3308 -0.0291 -0.9432
vn 0.2444 -0.9680 -0.0575
vn -0.9291 -0.2203 0.2970
vn 0.9346 0.2416 -0.2611
vn 0.3598 0.0424 0.9321
vn -0.2460 0.9674 0.0597
vn -0.3201 -0.0278 -0.9470
vn 0.2482 -0.9669 -0.0599
vn -0.9346 -0.2416 0.2611
vn 0.9384 0.2625 -0.2247
vn 0.3576 0.0458 0.9327
vn -0.2488 0.9665 0.0627
vn -0.3092 -0.0267 -0.9506
vn 0.2519 -0.9657 -0.0629
vn -0.9384 -0.2625 0.2247
vn 0.9406 0.2830 -0.1878
vn 0.1518 -0.0277 0.9880
vn -0.2954 0.9527 0.0719
vn -0.2528 -0.0025 -0.9675
vn 0.2834 -0.9565 -0.0694
vn -0.9406 -0.2830 0.1878
vn 0.9426 0.2996 -0.1477
vn -0.0315 -0.0962 0.9949
vn -0.3546 0.9317 0.0794
vn -0.0159 0.0789 -0.9968
vn 0.3544 -0.9317 -0.0795
vn -0.9426 -0.2996 0.1477
vn 0.9473 0.3009 -0.1097
vn -0.0294 -0.0958 0.9950
vn -0.3550 0.9315 0.0790
vn -0.0058 0.0829 -0.9965
vn 0.3548 -0.9316 -0.0790
vn -0.9473 -0.3009 0.1097
vn 0.9507 0.3019 -0.0716
vn -0.0274 -0.0954 0.9951
vn -0.3554 0.9314 0.0786
vn 0.0045 0.0869 -0.9962
vn 0.3553 -0.9315 -0.0787
vn -0.9507 -0.3019 0.0716
vn 0.9526 0.3023 -0.0333
vn -0.0257 -0.0949 0.9952
vn -0.3558 0.9313 0.0783
vn 0.0149 0.0908 -0.9958
vn 0.3557 -0.9313 -0.0784
vn -0.9526 -0.3023 0.0333
vn 0.9532 0.3023 0.0052
vn -0.0241 -0.0943 0.9953
vn -0.3562 0.9311 0.0782
vn 0.0254 0.0948 -0.9952
vn 0.3561 -0.9312 -0.0782
vn -0.9532 -0.3023 -0.0052
vn 0.9523 0.3019 0.0436
vn -0.0228 -0.0937 0.9953
vn -0.3566 0.9310 0.0781
vn 0.0359 0.0987 -0.9945
vn 0.3566 -0.9310 -0.0781
vn -0.9523 -0.3019 -0.0436
vn 0.9501 0.3010 0.0821
vn -0.0217 -0.0930 0.9954
vn -0.3571 0.9308 0.0780
vn 0.0465 0.1025 -0.9936
vn 0.3570 -0.9308 -0.0780
vn -0.9501 -0.3010 -0.0821
vn 0.9464 0.2996 0.1204
vn -0.0208 -0.0923 0.9955
vn -0.3576 0.9306 0.0781
vn 0.0572 0.1063 -0.9927
vn 0.3575 -0.9306 -0.0781
vn -0.9464 -0.2996 -0.1204
vn 0.9414 0.2978 0.1587
vn -0.0201 -0.0915 0.9956
vn -0.3580 0.9304 0.0782
vn 0.0679 0.1101 -0.9916
vn 0.3580 -0.9304 -0.0782
vn -0.9414 -0.2978 -0.1587
vn 0.9349 0.2955 0.1967
vn -0.0196 -0.0906 0.9957
vn -0.3585 0.9302 0.0785
vn 0.0787 0.1139 -0.9904
vn 0.3585 -0.9302 -0.0784
vn -0.9349 -0.2955 -0.1967
vn 0.9270 0.2928 0.2346
vn -0.3592 -0.2105 0.9092
vn -0.3194 0.9433 0.0908
vn 0.2222 0.1679 -0.9604
vn 0.3260 -0.9412 -0.0887
vn -0.9270 -0.2928 -0.2346
vn 0.9202 0.2842 0.2693
vn -0.3978 -0.2297 0.8883
vn -0.3063 0.9469 0.0974
vn 0.3622 0.2181 -0.9062
vn 0.3046 -0.9474 -0.0977
vn -0.9202 -0.2842 -0.2693
vn 0.9166 0.2674 0.2973
vn -0.3958 -0.2275 0.8897
vn -0.3058 0.9469 0.0992
vn 0.3682 0.2190 -0.9036
vn 0.3045 -0.9473 -0.0995
vn -0.9166 -0.2674 -0.2973
vn 0.9120 0.2502 0.3250
vn -0.3936 -0.2257 0.8911
vn -0.3052 0.9470 0.1007
vn 0.3742 0.2200 -0.9009
vn 0.3042 -0.9472 -0.1010
vn -0.9120 -0.2502 -0.3250
vn 0.9064 0.2328 0.3524
vn -0.3914 -0.2244 0.8924
vn -0.3044 0.9471 0.1020
vn 0.3801 0.2212 -0.8981
vn 0.3038 -0.9472 -0.1021
vn -0.9064 -0.2328 -0.3524
vn 0.8999 0.2151 0.3794
vn -0.3891 -0.2235 0.8937
vn -0.3035 0.9472 0.1030
vn 0.3860 0.2227 -0.8952
vn 0.3033 -0.9473 -0.1030
vn -0.8999 -0.2151 -0.3794
vn 0.8924 0.1971 0.4059
vn -0.3867 -0.2230 0.8948
vn -0.3026 0.9475 0.1037
vn 0.3918 0.2243 -0.8923
vn 0.3026 -0.9475 -0.1036
vn -0.8924 -0.1972 -0.4059
vn 0.8839 0.1790 0.4321
vn -0.3842 -0.2229 0.8959
vn -0.3014 0.9478 0.1042
vn 0.3976 0.2261 -0.8893
vn 0.3018 -0.9477 -0.1040
vn -0.8839 -0.1790 -0.4321
vn 0.8744 0.1606 0.4578
vn -0.3816 -0.2233 0.8970
vn -0.3002 0.9481 0.1044
vn 0.4033 0.2281 -0.8862
vn 0.3009 -0.9480 -0.1041
vn -0.8744 -0.1606 -0.4578
vn 0.8640 0.1420 0.4830
vn -0.3790 -0.2240 0.8979
vn -0.2988 0.9486 0.1044
vn 0.4089 0.2303 -0.8830
vn 0.2998 -0.9483 -0.1039
vn -0.8640 -0.1420 -0.4830
vn 0.8527 0.1233 0.5077
vn -0.3762 -0.2252 0.8988
vn -0.2973 0.9491 0.1041
vn 0.4145 0.2326 -0.8798
vn 0.2986 -0.9488 -0.1034
vn -0.8527 -0.1233 -0.5077
vn 0.8404 0.1044 0.5318
vn -0.5112 -0.2523 0.8216
vn -0.2386 0.9601 0.1460
vn 0.4428 0.2443 -0.8627
vn 0.2602 -0.9565 -0.1316
vn -0.8404 -0.1044 -0.5318
vn 0.8272 0.0870 0.5552
vn -0.6418 -0.2694 0.7180
vn -0.1351 0.9661 0.2199
vn 0.6244 0.2682 -0.7336
vn 0.1278 -0.9661 -0.2245
vn -0.8272 -0.0870 -0.5552
vn 0.8215 0.0612 0.5669
vn -0.6403 -0.2671 0.7202
vn -0.1359 0.9655 0.2219
vn 0.6261 0.2666 -0.7327
vn 0.1299 -0.9654 -0.2259
vn -0.8215 -0.0612 -0.5669
vn 0.8151 0.0355 0.5782
vn -0.6388 -0.2653 0.7222
vn -0.1365 0.9651 0.2237
vn 0.6278 0.2652 -0.7318
vn 0.1317 -0.9649 -0.2270
vn -0.8151 -0.0355 -0.5782
vn 0.8081 0.0097 0.5890
vn -0.6371 -0.2641 0.7241
vn -0.1369 0.9647 0.2252
vn 0.6294 0.2642 -0.7307
vn 0.1333 -0.9646 -0.2277
vn -0.8081 -0.0097 -0.5890
vn 0.8004 -0.0161 0.5992
vn -0.6354 -0.2633 0.7259
vn -0.1370 0.9644 0.2263
vn 0.6310 0.2635 -0.7297
vn 0.1346 -0.9643 -0.2281
vn -0.8004 0.0161 -0.5992
vn 0.7921 -0.0419 0.6090
vn -0.6335 -0.2631 0.7276
vn -0.1369 0.9642 0.2272
vn 0.6325 0.2631 -0.7285
vn 0.1357 -0.9641 -0.2281
vn -0.7921 0.0419 -0.6090
vn 0.7830 -0.0676 0.6183
vn -0.6316 -0.2633 0.7292
vn -0.1366 0.9641 0.2277
vn 0.6339 0.2631 -0.7273
vn 0.1364 -0.9641 -0.2278
vn -0.7830 0.0676 -0.6183
vn 0.7734 -0.0932 0.6270
vn -0.6295 -0.2641 0.7307
vn -0.1360 0.9641 0.2280
vn 0.6353 0.2634 -0.7260
vn 0.1370 -0.9642 -0.2272
vn -0.7734 0.0932 -0.6270
vn 0.7631 -0.1188 0.6353
vn -0.6274 -0.2653 0.7321
vn -0.1352 0.9642 0.2280
vn 0.6366 0.2639 -0.7246
vn 0.1372 -0.9644 -0.2262
vn -0.7631 0.1188 -0.6353
vn 0.7522 -0.1443 0.6430
vn -0.6252 -0.2671 0.7334
vn -0.1342 0.9645 0.2276
vn 0.6379 0.2648 -0.7232
vn 0.1372 -0.9647 -0.2249
vn -0.7522 0.1443 -0.6430
vn 0.7406 -0.1696 0.6502
vn -0.6228 -0.2694 0.7345
vn -0.1330 0.9648 0.2270
vn 0.6391 0.2661 -0.7217
vn 0.1369 -0.9651 -0.2233
vn -0.7406 0.1696 -0.6502
vn 0.7285 -0.1948 0.6568
vn -0.6930 -0.2568 0.6736
vn -0.0455 0.9482 0.3145
vn 0.6563 0.2666 -0.7058
vn 0.0763 -0.9553 -0.2858
vn -0.7285 0.1948 -0.6568
vn 0.7167 -0.2178 0.6625
vn -0.7531 -0.2396 0.6127
vn 0.0874 0.8937 0.4400
vn 0.7505 0.2410 -0.6154
vn -0.1007 -0.8865 -0.4517
vn -0.7167 0.2178 -0.6625
vn 0.7125 -0.2466 0.6570
vn -0.7523 -0.2387 0.6141
vn 0.0854 0.8941 0.4396
vn 0.7501 0.2399 -0.6163
vn -0.0966 -0.8880 -0.4496
vn -0.7125 0.2466 -0.6570
vn 0.7076 -0.2751 0.6509
vn -0.7514 -0.2380 0.6154
vn 0.0835 0.8946 0.4390
vn 0.7497 0.2391 -0.6171
vn -0.0925 -0.8896 -0.4472
vn -0.7076 0.2751 -0.6509
vn 0.7022 -0.3033 0.6442
vn -0.7506 -0.2376 0.6165
vn 0.0816 0.8951 0.4383
vn 0.7493 0.2384 -0.6178
vn -0.0885 -0.8914 -0.4446
vn -0.7022 0.3033 -0.6442
vn 0.6961 -0.3313 0.6370
vn -0.7498 -0.2374 0.6176
vn 0.0799 0.8958 0.4373
vn 0.7490 0.2380 -0.6184
vn -0.0846 -0.8932 -0.4417
vn -0.6961 0.3313 -0.6370
vn 0.6894 -0.3589 0.6292
vn -0.7490 -0.2375 0.6186
vn 0.0782 0.8965 0.4361
vn 0.7486 0.2378 -0.6189
vn -0.0808 -0.8951 -0.4385
vn -0.6894 0.3589 -0.6292
vn 0.6822 -0.3862 0.6209
vn -0.7481 -0.2378 0.6195
vn 0.0766 0.8973 0.4347
vn 0.7482 0.2378 -0.6194
vn -0.0771 -0.8971 -0.4351
vn -0.6822 0.3862 -0.6209
vn 0.6743 -0.4131 0.6121
vn -0.7473 -0.2383 0.6203
vn 0.0752 0.8982 0.4330
vn 0.7478 0.2380 -0.6198
vn -0.0735 -0.8992 -0.4314
vn -0.6743 0.4131 -0.6121
vn 0.6659 -0.4396 0.6028
vn -0.7465 -0.2391 0.6209
vn 0.0738 0.8992 0.4312
vn 0.7474 0.2384 -0.6201
vn -0.0700 -0.9014 -0.4274
vn -0.6659 0.4396 -0.6028
vn 0.6569 -0.4657 0.5929
vn -0.7456 -0.2402 0.6215
vn 0.0725 0.9003 0.4291
vn 0.7470 0.2391 -0.6203
vn -0.0666 -0.9036 -0.4232
vn -0.6569 0.4657 -0.5929
vn 0.6474 -0.4914 0.5826
vn -0.7448 -0.2415 0.6220
vn 0.0713 0.9015 0.4269
vn 0.7467 0.2399 -0.6204
vn -0.0633 -0.9059 -0.4187
vn -0.6474 0.4914 -0.5826
vn 0.6373 -0.5167 0.5718
vn -0.7433 -0.2437 0.6230
vn 0.2020 0.8059 0.5566
vn 0.7447 0.2421 -0.6219
vn -0.1644 -0.8364 -0.5229
vn -0.6373 0.5167 -0.5718
vn 0.6294 -0.5392 0.5596
vn -0.7441 -0.2441 0.6218
vn 0.3370 0.6599 0.6716
vn 0.7403 0.2468 -0.6253
vn -0.3582 -0.6311 -0.6881
vn -0.6294 0.5392 -0.5596
vn 0.6285 -0.5659 0.5336
vn -0.7458 -0.2435 0.6201
vn 0.3341 0.6659 0.6670
vn 0.7431 0.2455 -0.6225
vn -0.3524 -0.6419 -0.6810
vn -0.6285 0.5659 -0.5336
vn 0.6267 -0.5918 0.5070
vn -0.7474 -0.2425 0.6186
vn 0.3307 0.6721 0.6625
vn 0.7458 0.2438 -0.6199
vn -0.3457 -0.6530 -0.6738
vn -0.6267 0.5918 -0.5070
vn 0.6240 -0.6168 0.4797
vn -0.7488 -0.2411 0.6174
vn 0.3266 0.6784 0.6581
vn 0.7484 0.2415 -0.6177
vn -0.3381 -0.6643 -0.6666
vn -0.6240 0.6168 -0.4797
vn 0.6205 -0.6410 0.4518
vn -0.7501 -0.2393 0.6165
vn 0.3219 0.6848 0.6538
vn 0.7508 0.2388 -0.6159
vn -0.3296 -0.6757 -0.6594
vn -0.6205 0.6410 -0.4518
vn 0.6161 -0.6642 0.4234
vn -0.7514 -0.2371 0.6158
vn 0.3167 0.6913 0.6495
vn 0.7530 0.2356 -0.6144
vn -0.3202 -0.6872 -0.6521
vn -0.6161 0.6642 -0.4234
vn 0.6109 -0.6865 0.3945
vn -0.7525 -0.2345 0.6154
vn 0.3108 0.6979 0.6453
vn 0.7552 0.2318 -0.6132
vn -0.3100 -0.6987 -0.6448
vn -0.6109 0.6865 -0.3945
vn 0.6048 -0.7078 0.3650
vn -0.7535 -0.2314 0.6153
vn 0.3042 0.7045 0.6412
vn 0.7572 0.2275 -0.6123
vn -0.2989 -0.7102 -0.6374
vn -0.6048 0.7078 -0.3650
vn 0.5980 -0.7281 0.3351
vn -0.7544 -0.2280 0.6155
vn 0.2971 0.7111 0.6372
vn 0.7590 0.2227 -0.6118
vn -0.2870 -0.7216 -0.6301
vn -0.5980 0.7281 -0.3351
vn 0.5903 -0.7474 0.3049
vn -0.7552 -0.2240 0.6160
vn 0.2894 0.7177 0.6333
vn 0.7607 0.2172 -0.6116
vn -0.2743 -0.7328 -0.6227
vn -0.5903 0.7474 -0.3049
vn 0.5819 -0.7656 0.2743
vn -0.6873 -0.3148 0.6546
vn 0.4025 0.5850 0.7042
vn 0.7455 0.2326 -0.6245
vn -0.3494 -0.6483 -0.6765
vn -0.5819 0.7656 -0.2743
vn 0.5766 -0.7796 0.2445
vn -0.6101 -0.4088 0.6788
vn 0.5958 0.2642 0.7584
vn 0.5327 0.4841 -0.6942
vn -0.6181 -0.2081 -0.7581
vn -0.5766 0.7796 -0.2445
vn 0.5805 -0.7890 0.2014
vn -0.6172 -0.4047 0.6747
vn 0.5955 0.2803 0.7528
vn 0.5605 0.4645 -0.6856
vn -0.6166 -0.2317 -0.7524
vn -0.5805 0.7890 -0.2014
vn 0.5832 -0.7968 0.1580
vn -0.6236 -0.3999 0.6717
vn 0.5937 0.2962 0.7482
vn 0.5862 0.4426 -0.6786
vn -0.6131 -0.2553 -0.7476
vn -0.5832 0.7968 -0.1580
vn 0.5848 -0.8031 0.1144
vn -0.6293 -0.3943 0.6697
vn 0.5902 0.3120 0.7445
vn 0.6099 0.4184 -0.6731
vn -0.6073 -0.2790 -0.7439
vn -0.5848 0.8031 -0.1144
vn 0.5853 -0.8077 0.0707
vn -0.6343 -0.3878 0.6688
vn 0.5852 0.3276 0.7418
vn 0.6314 0.3918 -0.6692
vn -0.5992 -0.3026 -0.7412
vn -0.5853 0.8077 -0.0707
vn 0.5846 -0.8109 0.0269
vn -0.6386 -0.3804 0.6689
vn 0.5784 0.3431 0.7401
vn 0.6508 0.3630 -0.6668
vn -0.5887 -0.3262 -0.7397
vn -0.5846 0.8109 -0.0269
vn 0.5828 -0.8124 -0.0167
vn -0.6422 -0.3722 0.6701
vn 0.5698 0.3583 0.7395
vn 0.6680 0.3317 -0.6661
vn -0.5756 -0.3495 -0.7392
vn -0.5828 0.8124 0.0167
vn 0.5800 -0.8124 -0.0603
vn -0.6451 -0.3631 0.6724
vn 0.5595 0.3732 0.7400
vn 0.6829 0.2980 -0.6670
vn -0.5600 -0.3726 -0.7400
vn -0.5800 0.8124 0.0603
vn 0.5760 -0.8109 -0.1036
vn -0.6471 -0.3530 0.6757
vn 0.5472 0.3879 0.7417
vn 0.6953 0.2619 -0.6693
vn -0.5416 -0.3953 -0.7419
vn -0.5760 0.8109 0.1036
vn 0.5709 -0.8078 -0.1467
vn -0.5944 -0.4313 0.6787
vn 0.5702 0.3537 0.7414
vn 0.7050 0.2233 -0.6731
vn -0.5444 -0.3877 -0.7439
vn -0.5709 0.8078 0.1467
vn 0.5656 -0.8017 -0.1934
vn -0.4031 -0.6806 0.6118
vn 0.7197 0.1285 0.6823
vn 0.4035 0.6835 -0.6083
vn -0.7134 -0.1407 -0.6865
vn -0.5656 0.8017 0.1934
vn 0.5718 -0.7909 -0.2180
vn -0.4032 -0.6806 0.6117
vn 0.7269 0.1204 0.6761
vn 0.3612 0.7203 -0.5922
vn -0.7268 -0.1197 -0.6763
vn -0.5718 0.7909 0.2180
vn 0.5816 -0.7798 -0.2316
vn -0.4033 -0.6806 0.6117
vn 0.7288 0.1232 0.6736
vn 0.3656 0.7164 -0.5942
vn -0.7287 -0.1225 -0.6738
vn -0.5816 0.7798 0.2316
vn 0.5912 -0.7684 -0.2451
vn -0.4035 -0.6805 0.6117
vn 0.7307 0.1260 0.6710
vn 0.3700 0.7125 -0.5962
vn -0.7306 -0.1253 -0.6712
vn -0.5912 0.7684 0.2451
vn 0.6006 -0.7566 -0.2585
vn -0.4019 -0.6823 0.6107
vn 0.7330 0.1282 0.6681
vn 0.3770 0.7060 -0.5996
vn -0.7321 -0.1288 -0.6689
vn -0.6006 0.7566 0.2585
vn 0.6099 -0.7443 -0.2720
vn -0.3973 -0.6871 0.6083
vn 0.7359 0.1294 0.6646
vn 0.3882 0.6952 -0.6050
vn -0.7330 -0.1332 -0.6671
vn -0.6099 0.7443 0.2720
vn 0.6195 -0.7310 -0.2862
vn -0.3934 -0.6913 0.6061
vn 0.7389 0.1311 0.6609
vn 0.3988 0.6846 -0.6101
vn -0.7341 -0.1375 -0.6650
vn -0.6195 0.7310 0.2862
vn 0.6292 -0.7166 -0.3009
vn -0.3899 -0.6949 0.6042
vn 0.7419 0.1330 0.6572
vn 0.4091 0.6742 -0.6149
vn -0.7353 -0.1418 -0.6628
vn -0.6292 0.7166 0.3009
vn 0.6390 -0.7013 -0.3161
vn -0.3869 -0.6981 0.6025
vn 0.7449 0.1352 0.6534
vn 0.4190 0.6639 -0.6195
vn -0.7366 -0.1459 -0.6604
vn -0.6390 0.7013 0.3161
vn 0.6487 -0.6850 -0.3315
vn -0.3740 -0.7098 0.5969
vn 0.6773 0.2286 0.6993
vn 0.4199 0.6621 -0.6208
vn -0.6847 -0.2203 -0.6947
vn -0.6487 0.6850 0.3315
vn 0.6627 -0.6617 -0.3507
vn -0.3604 -0.7203 0.5928
vn 0.5678 0.3397 0.7498
vn 0.3984 0.6841 -0.6110
vn -0.5601 -0.3461 -0.7527
vn -0.6627 0.6617 0.3507
vn 0.7035 -0.6340 -0.3213
vn -0.3538 -0.7234 0.5929
vn 0.5630 0.3439 0.7515
vn 0.3993 0.6832 -0.6113
vn -0.5505 -0.3540 -0.7561
vn -0.7035 0.6340 0.3213
vn 0.7427 -0.6035 -0.2901
vn -0.3474 -0.7265 0.5929
vn 0.5581 0.3489 0.7528
vn 0.4005 0.6831 -0.6107
vn -0.5408 -0.3625 -0.7591
vn -0.7427 0.6035 0.2901
vn 0.7799 -0.5705 -0.2575
vn -0.3411 -0.7296 0.5927
vn 0.5532 0.3547 0.7538
vn 0.4021 0.6835 -0.6092
vn -0.5310 -0.3714 -0.7617
vn -0.7799 0.5705 0.2575
vn 0.8147 -0.5351 -0.2237
vn -0.3350 -0.7327 0.5923
vn 0.5482 0.3613 0.7543
vn 0.4041 0.6845 -0.6068
vn -0.5212 -0.3807 -0.7638
vn -0.8147 0.5351 0.2237
vn 0.8468 -0.4974 -0.1888
vn -0.3291 -0.7359 0.5918
vn 0.5431 0.3685 0.7545
vn 0.4064 0.6861 -0.6035
vn -0.5115 -0.3903 -0.7655
vn -0.8468 0.4974 0.1888
vn 0.8759 -0.4576 -0.1531
vn -0.1984 -0.7951 0.5731
vn 0.2590 0.5316 0.8065
vn 0.3237 0.7360 -0.5946
vn -0.2762 -0.5242 -0.8056
vn -0.8759 0.4576 0.1531
vn 0.8938 -0.4311 -0.1241
vn -0.1693 -0.8005 0.5749
vn 0.1655 0.5726 0.8030
vn 0.2626 0.7631 -0.5905
vn -0.1468 -0.5786 -0.8023
vn -0.8938 0.4311 0.1241
vn 0.9061 -0.4090 -0.1085
vn -0.1651 -0.7994 0.5776
vn 0.1643 0.5718 0.8037
vn 0.2645 0.7615 -0.5918
vn -0.1429 -0.5786 -0.8030
vn -0.9061 0.4090 0.1085
vn 0.9175 -0.3866 -0.0929
vn -0.1609 -0.7984 0.5802
vn 0.1632 0.5714 0.8043
vn 0.2664 0.7601 -0.5927
vn -0.1391 -0.5788 -0.8035
vn -0.9175 0.3866 0.0929
vn 0.9281 -0.3642 -0.0774
vn -0.1568 -0.7974 0.5827
vn 0.1620 0.5712 0.8047
vn 0.2683 0.7590 -0.5933
vn -0.1354 -0.5791 -0.8039
vn -0.9281 0.3642 0.0774
vn 0.9378 -0.3417 -0.0619
vn -0.1528 -0.7965 0.5850
vn 0.1608 0.5712 0.8049
vn 0.2701 0.7581 -0.5935
vn -0.1317 -0.5796 -0.8042
vn -0.9378 0.3417 0.0619
vn 0.9465 -0.3192 -0.0467
vn -0.1489 -0.7956 0.5873
vn 0.1596 0.5715 0.8049
vn 0.2719 0.7576 -0.5934
vn -0.1281 -0.5802 -0.8043
vn -0.9465 0.3192 0.0467
vn 0.9544 -0.2969 -0.0317
vn -0.1450 -0.7947 0.5894
vn 0.1584 0.5720 0.8048
vn 0.2737 0.7572 -0.5931
vn -0.1245 -0.5810 -0.8043
vn -0.9544 0.2969 0.0317
vn 0.9614 -0.2747 -0.0169
vn -0.1412 -0.7940 0.5914
vn 0.1572 0.5726 0.8046
vn 0.2755 0.7570 -0.5925
vn -0.1211 -0.5819 -0.8042
vn -0.9614 0.2747 0.0169
vn 0.9675 -0.2528 -0.0024
vn -0.1264 -0.7958 0.5922
vn 0.1606 0.5719 0.8045
vn 0.2791 0.7563 -0.5917
vn -0.1204 -0.5821 -0.8041
vn -0.9675 0.2528 0.0024
vn 0.9690 -0.2471 0.0071
vn -0.1217 -0.7964 0.5925
vn 0.1620 0.5715 0.8045
vn 0.2827 0.7553 -0.5913
vn -0.1205 -0.5821 -0.8042
vn -0.9690 0.2471 -0.0071
vn -0.1193 -0.7968 0.5923
vn 0.1626 0.5713 0.8044
vn 0.2851 0.7545 -0.5911
vn -0.1198 -0.5822 -0.8041
vn -0.1169 -0.7972 0.5922
vn 0.1632 0.5712 0.8044
vn 0.2873 0.7538 -0.5910
vn -0.1192 -0.5824 -0.8041
vn -0.1147 -0.7976 0.5921
vn 0.1638 0.5710 0.8044
vn 0.2895 0.7531 -0.5909
vn -0.1187 -0.5825 -0.8041
vn -0.1126 -0.7980 0.5920
vn 0.1643 0.5709 0.8044
vn 0.2915 0.7524 -0.5907
vn -0.1181 -0.5827 -0.8041
vn -0.1106 -0.7984 0.5919
vn 0.1648 0.5707 0.8044
vn 0.2934 0.7517 -0.5906
vn -0.1176 -0.5828 -0.8041
vn -0.1089 -0.7987 0.5919
vn 0.1653 0.5706 0.8044
vn 0.2951 0.7512 -0.5905
vn -0.1172 -0.5829 -0.8041
vn -0.1073 -0.7989 0.5918
vn 0.1656 0.5705 0.8044
vn 0.2965 0.7507 -0.5904
vn -0.1168 -0.5830 -0.8041
vn -0.1061 -0.7991 0.5917
vn 0.1660 0.5704 0.8044
vn 0.2977 0.7503 -0.5903
vn -0.1165 -0.5830 -0.8040
vn -0.1053 -0.7993 0.5917
vn 0.1662 0.5704 0.8044
vn 0.2985 0.7500 -0.5903
vn -0.1162 -0.5831 -0.8040
vn -0.1049 -0.7993 0.5916
vn 0.1663 0.5703 0.8044
vn 0.2989 0.7499 -0.5902
vn -0.1161 -0.5831 -0.8040
vn -0.1050 -0.7993 0.5917
vn 0.1662 0.5703 0.8044
vn 0.2988 0.7499 -0.5902
vn -0.1058 -0.7992 0.5917
vn 0.2980 0.7502 -0.5903
vn -0.1164 -0.5831 -0.8040
vn -0.1075 -0.7989 0.5918
vn 0.2964 0.7507 -0.5904
vn -0.1100 -0.7985 0.5919
vn 0.1650 0.5707 0.8044
vn 0.2940 0.7515 -0.5906
vn -0.1175 -0.5828 -0.8041
vn -0.1136 -0.7978 0.5921
vn 0.1640 0.5709 0.8044
vn 0.2905 0.7527 -0.5908
vn -0.1184 -0.5826 -0.8041
vn -0.1185 -0.7969 0.5923
vn 0.1628 0.5713 0.8044
vn 0.2858 0.7543 -0.5911
vn -0.1196 -0.5823 -0.8041
vn -0.1248 -0.7958 0.5926
vn 0.1612 0.5717 0.8045
vn 0.2797 0.7563 -0.5915
vn -0.1213 -0.5819 -0.8042
vn -0.1326 -0.7943 0.5929
vn 0.1592 0.5722 0.8045
vn 0.2722 0.7587 -0.5919
vn -0.1232 -0.5814 -0.8042
vn -0.1420 -0.7924 0.5932
vn 0.1568 0.5729 0.8045
vn 0.2631 0.7615 -0.5923
vn -0.1256 -0.5808 -0.8043
vn -0.1530 -0.7902 0.5935
vn 0.1540 0.5736 0.8045
vn 0.2523 0.7648 -0.5928
vn -0.1285 -0.5801 -0.8043
vn -0.1656 -0.7874 0.5938
vn 0.1508 0.5745 0.8045
vn 0.2399 0.7685 -0.5932
vn -0.1317 -0.5793 -0.8044
vn -0.1797 -0.7842 0.5939
vn 0.1472 0.5754 0.8045
vn 0.2260 0.7724 -0.5936
vn -0.1353 -0.5784 -0.8044
vn -0.1950 -0.7805 0.5940
vn 0.1433 0.5764 0.8045
vn 0.2108 0.7765 -0.5938
vn -0.1392 -0.5774 -0.8045
vt 0.375000 0.000000
vt 0.625000 0.000000
vt 0.625000 0.250000
vt 0.375000 0.250000
vt 0.625000 0.500000
vt 0.375000 0.500000
vt 0.625000 0.750000
vt 0.375000 0.750000
vt 0.625000 1.000000
vt 0.375000 1.000000
vt 0.125000 0.500000
vt 0.125000 0.750000
vt 0.875000 0.500000
vt 0.875000 0.750000
s 0
usemtl Material.001
f 7102/633/4944 7103/634/4944 7105/635/4944 7104/636/4944
f 7104/636/4945 7105/635/4945 7109/637/4945 7108/638/4945
f 7108/638/4946 7109/637/4946 7107/639/4946 7106/640/4946
f 7106/640/4947 7107/639/4947 7103/641/4947 7102/642/4947
f 7104/643/4948 7108/638/4948 7106/640/4948 7102/644/4948
f 7109/637/4949 7105/645/4949 7103/646/4949 7107/639/4949
f 7110/633/4950 7111/634/4950 7113/635/4950 7112/636/4950
f 7112/636/4951 7113/635/4951 7117/637/4951 7116/638/4951
f 7116/638/4952 7117/637/4952 7115/639/4952 7114/640/4952
f 7114/640/4953 7115/639/4953 7111/641/4953 7110/642/4953
f 7112/643/4948 7116/638/4948 7114/640/4948 7110/644/4948
f 7117/637/4949 7113/645/4949 7111/646/4949 7115/639/4949
f 7118/633/4954 7119/634/4954 7121/635/4954 7120/636/4954
f 7120/636/4955 7121/635/4955 7125/637/4955 7124/638/4955
f 7124/638/4956 7125/637/4956 7123/639/4956 7122/640/4956
f 7122/640/4957 7123/639/4957 7119/641/4957 7118/642/4957
f 7120/643/4948 7124/638/4948 7122/640/4948 7118/644/4948
f 7125/637/4949 7121/645/4949 7119/646/4949 7123/639/4949
f 7126/633/4958 7127/634/4958 7129/635/4958 7128/636/4958
f 7128/636/4959 7129/635/4959 7133/637/4959 7132/638/4959
f 7132/638/4960 7133/637/4960 7131/639/4960 7130/640/4960
f 7130/640/4961 7131/639/4961 7127/641/4961 7126/642/4961
f 7128/643/4948 7132/638/4948 7130/640/4948 7126/644/4948
f 7133/637/4949 7129/645/4949 7127/646/4949 7131/639/4949
f 7134/633/4962 7135/634/4962 7137/635/4962 7136/636/4962
f 7136/636/4963 7137/635/4963 7141/637/4963 7140/638/4963
f 7140/638/4964 7141/637/4964 7139/639/4964 7138/640/4964
f 7138/640/4965 7139/639/4965 7135/641/4965 7134/642/4965
f 7136/643/4948 7140/638/4948 7138/640/4948 7134/644/4948
f 7141/637/4949 7137/645/4949 7135/646/4949 7139/639/4949
f 7142/633/4966 7143/634/4966 7145/635/4966 7144/636/4966
f 7144/636/4967 7145/635/4967 7149/637/4967 7148/638/4967
f 7148/638/4968 7149/637/4968 7147/639/4968 7146/640/4968
f 7146/640/4969 7147/639/4969 7143/641/4969 7142/642/4969
f 7144/643/4948 7148/638/4948 7146/640/4948 7142/644/4948
f 7149/637/4949 7145/645/4949 7143/646/4949 7147/639/4949
f 7150/633/4970 7151/634/4970 7153/635/4970 7152/636/4970
f 7152/636/4971 7153/635/4971 7157/637/4971 7156/638/4971
f 7156/638/4972 7157/637/4972 7155/639/4972 7154/640/4972
f 7154/640/4973 7155/639/4973 7151/641/4973 7150/642/4973
f 7152/643/4948 7156/638/4948 7154/640/4948 7150/644/4948
f 7157/637/4949 7153/645/4949 7151/646/4949 7155/639/4949
f 7158/633/4974 7159/634/4974 7161/635/4974 7160/636/4974
f 7160/636/4975 7161/635/4975 7165/637/4975 7164/638/4975
f 7164/638/4976 7165/637/4976 7163/639/4976 7162/640/4976
f 7162/640/4977 7163/639/4977 7159/641/4977 7158/642/4977
f 7160/643/4948 7164/638/4948 7162/640/4948 7158/644/4948
f 7165/637/4949 7161/645/4949 7159/646/4949 7163/639/4949
f 7166/633/4978 7167/634/4978 7169/635/4978 7168/636/4978
f 7168/636/4979 7169/635/4979 7173/637/4979 7172/638/4979
f 7172/638/4980 7173/637/4980 7171/639/4980 7170/640/4980
f 7170/640/4981 7171/639/4981 7167/641/4981 7166/642/4981
f 7168/643/4948 7172/638/4948 7170/640/4948 7166/644/4948
f 7173/637/4949 7169/645/4949 7167/646/4949 7171/639/4949
f 7174/633/4982 7175/634/4982 7177/635/4982 7176/636/4982
f 7176/636/4983 7177/635/4983 7181/637/4983 7180/638/4983
f 7180/638/4984 7181/637/4984 7179/639/4984 7178/640/4984
f 7178/640/4985 7179/639/4985 7175/641/4985 7174/642/4985
f 7176/643/4948 7180/638/4948 7178/640/4948 7174/644/4948
f 7181/637/4949 7177/645/4949 7175/646/4949 7179/639/4949
f 7182/633/4986 7183/634/4986 7185/635/4986 7184/636/4986
f 7184/636/4987 7185/635/4987 7189/637/4987 7188/638/4987
f 7188/638/4988 7189/637/4988 7187/639/4988 7186/640/4988
f 7186/640/4989 7187/639/4989 7183/641/4989 7182/642/4989
f 7184/643/4948 7188/638/4948 7186/640/4948 7182/644/4948
f 7189/637/4990 7185/645/4990 7183/646/4990 7187/639/4990
f 7190/633/4991 7191/634/4991 7193/635/4991 7192/636/4991
f 7192/636/4992 7193/635/4992 7197/637/4992 7196/638/4992
f 7196/638/4993 7197/637/4993 7195/639/4993 7194/640/4993
f 7194/640/4994 7195/639/4994 7191/641/4994 7190/642/4994
f 7192/643/4995 7196/638/4995 7194/640/4995 7190/644/4995
f 7197/637/4996 7193/645/4996 7191/646/4996 7195/639/4996
f 7198/633/4997 7199/634/4997 7201/635/4997 7200/636/4997
f 7200/636/4998 7201/635/4998 7205/637/4998 7204/638/4998
f 7204/638/4999 7205/637/4999 7203/639/4999 7202/640/4999
f 7202/640/5000 7203/639/5000 7199/641/5000 7198/642/5000
f 7200/643/5001 7204/638/5001 7202/640/5001 7198/644/5001
f 7205/637/5002 7201/645/5002 7199/646/5002 7203/639/5002
f 7206/633/5003 7207/634/5003 7209/635/5003 7208/636/5003
f 7208/636/5004 7209/635/5004 7213/637/5004 7212/638/5004
f 7212/638/5005 7213/637/5005 7211/639/5005 7210/640/5005
f 7210/640/5006 7211/639/5006 7207/641/5006 7206/642/5006
f 7208/643/5007 7212/638/5007 7210/640/5007 7206/644/5007
f 7213/637/5008 7209/645/5008 7207/646/5008 7211/639/5008
f 7214/633/5009 7215/634/5009 7217/635/5009 7216/636/5009
f 7216/636/5010 7217/635/5010 7221/637/5010 7220/638/5010
f 7220/638/5011 7221/637/5011 7219/639/5011 7218/640/5011
f 7218/640/5012 7219/639/5012 7215/641/5012 7214/642/5012
f 7216/643/5013 7220/638/5013 7218/640/5013 7214/644/5013
f 7221/637/5014 7217/645/5014 7215/646/5014 7219/639/5014
f 7222/633/5015 7223/634/5015 7225/635/5015 7224/636/5015
f 7224/636/5016 7225/635/5016 7229/637/5016 7228/638/5016
f 7228/638/5017 7229/637/5017 7227/639/5017 7226/640/5017
f 7226/640/5018 7227/639/5018 7223/641/5018 7222/642/5018
f 7224/643/5019 7228/638/5019 7226/640/5019 7222/644/5019
f 7229/637/5020 7225/645/5020 7223/646/5020 7227/639/5020
f 7230/633/5021 7231/634/5021 7233/635/5021 7232/636/5021
f 7232/636/5022 7233/635/5022 7237/637/5022 7236/638/5022
f 7236/638/5023 7237/637/5023 7235/639/5023 7234/640/5023
f 7234/640/5024 7235/639/5024 7231/641/5024 7230/642/5024
f 7232/643/5025 7236/638/5025 7234/640/5025 7230/644/5025
f 7237/637/5026 7233/645/5026 7231/646/5026 7235/639/5026
f 7238/633/5027 7239/634/5027 7241/635/5027 7240/636/5027
f 7240/636/5028 7241/635/5028 7245/637/5028 7244/638/5028
f 7244/638/5029 7245/637/5029 7243/639/5029 7242/640/5029
f 7242/640/5030 7243/639/5030 7239/641/5030 7238/642/5030
f 7240/643/5031 7244/638/5031 7242/640/5031 7238/644/5031
f 7245/637/5032 7241/645/5032 7239/646/5032 7243/639/5032
f 7246/633/5033 7247/634/5033 7249/635/5033 7248/636/5033
f 7248/636/5034 7249/635/5034 7253/637/5034 7252/638/5034
f 7252/638/5035 7253/637/5035 7251/639/5035 7250/640/5035
f 7250/640/5036 7251/639/5036 7247/641/5036 7246/642/5036
f 7248/643/5037 7252/638/5037 7250/640/5037 7246/644/5037
f 7253/637/5038 7249/645/5038 7247/646/5038 7251/639/5038
f 7254/633/5039 7255/634/5039 7257/635/5039 7256/636/5039
f 7256/636/5040 7257/635/5040 7261/637/5040 7260/638/5040
f 7260/638/5041 7261/637/5041 7259/639/5041 7258/640/5041
f 7258/640/5042 7259/639/5042 7255/641/5042 7254/642/5042
f 7256/643/5043 7260/638/5043 7258/640/5043 7254/644/5043
f 7261/637/5044 7257/645/5044 7255/646/5044 7259/639/5044
f 7262/633/5045 7263/634/5045 7265/635/5045 7264/636/5045
f 7264/636/5046 7265/635/5046 7269/637/5046 7268/638/5046
f 7268/638/5047 7269/637/5047 7267/639/5047 7266/640/5047
f 7266/640/5048 7267/639/5048 7263/641/5048 7262/642/5048
f 7264/643/5049 7268/638/5049 7266/640/5049 7262/644/5049
f 7269/637/5050 7265/645/5050 7263/646/5050 7267/639/5050
f 7270/633/5051 7271/634/5051 7273/635/5051 7272/636/5051
f 7272/636/5052 7273/635/5052 7277/637/5052 7276/638/5052
f 7276/638/5053 7277/637/5053 7275/639/5053 7274/640/5053
f 7274/640/5054 7275/639/5054 7271/641/5054 7270/642/5054
f 7272/643/5055 7276/638/5055 7274/640/5055 7270/644/5055
f 7277/637/5056 7273/645/5056 7271/646/5056 7275/639/5056
f 7278/633/5057 7279/634/5057 7281/635/5057 7280/636/5057
f 7280/636/5058 7281/635/5058 7285/637/5058 7284/638/5058
f 7284/638/5059 7285/637/5059 7283/639/5059 7282/640/5059
f 7282/640/5060 7283/639/5060 7279/641/5060 7278/642/5060
f 7280/643/5061 7284/638/5061 7282/640/5061 7278/644/5061
f 7285/637/5062 7281/645/5062 7279/646/5062 7283/639/5062
f 7286/633/5063 7287/634/5063 7289/635/5063 7288/636/5063
f 7288/636/5064 7289/635/5064 7293/637/5064 7292/638/5064
f 7292/638/5065 7293/637/5065 7291/639/5065 7290/640/5065
f 7290/640/5066 7291/639/5066 7287/641/5066 7286/642/5066
f 7288/643/5067 7292/638/5067 7290/640/5067 7286/644/5067
f 7293/637/5068 7289/645/5068 7287/646/5068 7291/639/5068
f 7294/633/5069 7295/634/5069 7297/635/5069 7296/636/5069
f 7296/636/5070 7297/635/5070 7301/637/5070 7300/638/5070
f 7300/638/5071 7301/637/5071 7299/639/5071 7298/640/5071
f 7298/640/5072 7299/639/5072 7295/641/5072 7294/642/5072
f 7296/643/5073 7300/638/5073 7298/640/5073 7294/644/5073
f 7301/637/5074 7297/645/5074 7295/646/5074 7299/639/5074
f 7302/633/5075 7303/634/5075 7305/635/5075 7304/636/5075
f 7304/636/5076 7305/635/5076 7309/637/5076 7308/638/5076
f 7308/638/5077 7309/637/5077 7307/639/5077 7306/640/5077
f 7306/640/5078 7307/639/5078 7303/641/5078 7302/642/5078
f 7304/643/5079 7308/638/5079 7306/640/5079 7302/644/5079
f 7309/637/5080 7305/645/5080 7303/646/5080 7307/639/5080
f 7310/633/5081 7311/634/5081 7313/635/5081 7312/636/5081
f 7312/636/5082 7313/635/5082 7317/637/5082 7316/638/5082
f 7316/638/5083 7317/637/5083 7315/639/5083 7314/640/5083
f 7314/640/5084 7315/639/5084 7311/641/5084 7310/642/5084
f 7312/643/5085 7316/638/5085 7314/640/5085 7310/644/5085
f 7317/637/5086 7313/645/5086 7311/646/5086 7315/639/5086
f 7318/633/5087 7319/634/5087 7321/635/5087 7320/636/5087
f 7320/636/5088 7321/635/5088 7325/637/5088 7324/638/5088
f 7324/638/5089 7325/637/5089 7323/639/5089 7322/640/5089
f 7322/640/5090 7323/639/5090 7319/641/5090 7318/642/5090
f 7320/643/5091 7324/638/5091 7322/640/5091 7318/644/5091
f 7325/637/5092 7321/645/5092 7319/646/5092 7323/639/5092
f 7326/633/5093 7327/634/5093 7329/635/5093 7328/636/5093
f 7328/636/5094 7329/635/5094 7333/637/5094 7332/638/5094
f 7332/638/5095 7333/637/5095 7331/639/5095 7330/640/5095
f 7330/640/5096 7331/639/5096 7327/641/5096 7326/642/5096
f 7328/643/5097 7332/638/5097 7330/640/5097 7326/644/5097
f 7333/637/5098 7329/645/5098 7327/646/5098 7331/639/5098
f 7334/633/5099 7335/634/5099 7337/635/5099 7336/636/5099
f 7336/636/5100 7337/635/5100 7341/637/5100 7340/638/5100
f 7340/638/5101 7341/637/5101 7339/639/5101 7338/640/5101
f 7338/640/5102 7339/639/5102 7335/641/5102 7334/642/5102
f 7336/643/5103 7340/638/5103 7338/640/5103 7334/644/5103
f 7341/637/5104 7337/645/5104 7335/646/5104 7339/639/5104
f 7342/633/5105 7343/634/5105 7345/635/5105 7344/636/5105
f 7344/636/5106 7345/635/5106 7349/637/5106 7348/638/5106
f 7348/638/5107 7349/637/5107 7347/639/5107 7346/640/5107
f 7346/640/5108 7347/639/5108 7343/641/5108 7342/642/5108
f 7344/643/5109 7348/638/5109 7346/640/5109 7342/644/5109
f 7349/637/5110 7345/645/5110 7343/646/5110 7347/639/5110
f 7350/633/5111 7351/634/5111 7353/635/5111 7352/636/5111
f 7352/636/5112 7353/635/5112 7357/637/5112 7356/638/5112
f 7356/638/5113 7357/637/5113 7355/639/5113 7354/640/5113
f 7354/640/5114 7355/639/5114 7351/641/5114 7350/642/5114
f 7352/643/5115 7356/638/5115 7354/640/5115 7350/644/5115
f 7357/637/5116 7353/645/5116 7351/646/5116 7355/639/5116
f 7358/633/5117 7359/634/5117 7361/635/5117 7360/636/5117
f 7360/636/5118 7361/635/5118 7365/637/5118 7364/638/5118
f 7364/638/5119 7365/637/5119 7363/639/5119 7362/640/5119
f 7362/640/5120 7363/639/5120 7359/641/5120 7358/642/5120
f 7360/643/5121 7364/638/5121 7362/640/5121 7358/644/5121
f 7365/637/5122 7361/645/5122 7359/646/5122 7363/639/5122
f 7366/633/5123 7367/634/5123 7369/635/5123 7368/636/5123
f 7368/636/5124 7369/635/5124 7373/637/5124 7372/638/5124
f 7372/638/5125 7373/637/5125 7371/639/5125 7370/640/5125
f 7370/640/5126 7371/639/5126 7367/641/5126 7366/642/5126
f 7368/643/5127 7372/638/5127 7370/640/5127 7366/644/5127
f 7373/637/5128 7369/645/5128 7367/646/5128 7371/639/5128
f 7374/633/5129 7375/634/5129 7377/635/5129 7376/636/5129
f 7376/636/5130 7377/635/5130 7381/637/5130 7380/638/5130
f 7380/638/5131 7381/637/5131 7379/639/5131 7378/640/5131
f 7378/640/5132 7379/639/5132 7375/641/5132 7374/642/5132
f 7376/643/5133 7380/638/5133 7378/640/5133 7374/644/5133
f 7381/637/5134 7377/645/5134 7375/646/5134 7379/639/5134
f 7382/633/5135 7383/634/5135 7385/635/5135 7384/636/5135
f 7384/636/5136 7385/635/5136 7389/637/5136 7388/638/5136
f 7388/638/5137 7389/637/5137 7387/639/5137 7386/640/5137
f 7386/640/5138 7387/639/5138 7383/641/5138 7382/642/5138
f 7384/643/5139 7388/638/5139 7386/640/5139 7382/644/5139
f 7389/637/5140 7385/645/5140 7383/646/5140 7387/639/5140
f 7390/633/5141 7391/634/5141 7393/635/5141 7392/636/5141
f 7392/636/5142 7393/635/5142 7397/637/5142 7396/638/5142
f 7396/638/5143 7397/637/5143 7395/639/5143 7394/640/5143
f 7394/640/5144 7395/639/5144 7391/641/5144 7390/642/5144
f 7392/643/5145 7396/638/5145 7394/640/5145 7390/644/5145
f 7397/637/5146 7393/645/5146 7391/646/5146 7395/639/5146
f 7398/633/5147 7399/634/5147 7401/635/5147 7400/636/5147
f 7400/636/5148 7401/635/5148 7405/637/5148 7404/638/5148
f 7404/638/5149 7405/637/5149 7403/639/5149 7402/640/5149
f 7402/640/5150 7403/639/5150 7399/641/5150 7398/642/5150
f 7400/643/5151 7404/638/5151 7402/640/5151 7398/644/5151
f 7405/637/5152 7401/645/5152 7399/646/5152 7403/639/5152
f 7406/633/5153 7407/634/5153 7409/635/5153 7408/636/5153
f 7408/636/5154 7409/635/5154 7413/637/5154 7412/638/5154
f 7412/638/5155 7413/637/5155 7411/639/5155 7410/640/5155
f 7410/640/5156 7411/639/5156 7407/641/5156 7406/642/5156
f 7408/643/5157 7412/638/5157 7410/640/5157 7406/644/5157
f 7413/637/5158 7409/645/5158 7407/646/5158 7411/639/5158
f 7414/633/5159 7415/634/5159 7417/635/5159 7416/636/5159
f 7416/636/5160 7417/635/5160 7421/637/5160 7420/638/5160
f 7420/638/5161 7421/637/5161 7419/639/5161 7418/640/5161
f 7418/640/5162 7419/639/5162 7415/641/5162 7414/642/5162
f 7416/643/5163 7420/638/5163 7418/640/5163 7414/644/5163
f 7421/637/5164 7417/645/5164 7415/646/5164 7419/639/5164
f 7422/633/5165 7423/634/5165 7425/635/5165 7424/636/5165
f 7424/636/5166 7425/635/5166 7429/637/5166 7428/638/5166
f 7428/638/5167 7429/637/5167 7427/639/5167 7426/640/5167
f 7426/640/5168 7427/639/5168 7423/641/5168 7422/642/5168
f 7424/643/5169 7428/638/5169 7426/640/5169 7422/644/5169
f 7429/637/5170 7425/645/5170 7423/646/5170 7427/639/5170
f 7430/633/5171 7431/634/5171 7433/635/5171 7432/636/5171
f 7432/636/5172 7433/635/5172 7437/637/5172 7436/638/5172
f 7436/638/5173 7437/637/5173 7435/639/5173 7434/640/5173
f 7434/640/5174 7435/639/5174 7431/641/5174 7430/642/5174
f 7432/643/5175 7436/638/5175 7434/640/5175 7430/644/5175
f 7437/637/5176 7433/645/5176 7431/646/5176 7435/639/5176
f 7438/633/5177 7439/634/5177 7441/635/5177 7440/636/5177
f 7440/636/5178 7441/635/5178 7445/637/5178 7444/638/5178
f 7444/638/5179 7445/637/5179 7443/639/5179 7442/640/5179
f 7442/640/5180 7443/639/5180 7439/641/5180 7438/642/5180
f 7440/643/5181 7444/638/5181 7442/640/5181 7438/644/5181
f 7445/637/5182 7441/645/5182 7439/646/5182 7443/639/5182
f 7446/633/5183 7447/634/5183 7449/635/5183 7448/636/5183
f 7448/636/5184 7449/635/5184 7453/637/5184 7452/638/5184
f 7452/638/5185 7453/637/5185 7451/639/5185 7450/640/5185
f 7450/640/5186 7451/639/5186 7447/641/5186 7446/642/5186
f 7448/643/5187 7452/638/5187 7450/640/5187 7446/644/5187
f 7453/637/5188 7449/645/5188 7447/646/5188 7451/639/5188
f 7454/633/5189 7455/634/5189 7457/635/5189 7456/636/5189
f 7456/636/5190 7457/635/5190 7461/637/5190 7460/638/5190
f 7460/638/5191 7461/637/5191 7459/639/5191 7458/640/5191
f 7458/640/5192 7459/639/5192 7455/641/5192 7454/642/5192
f 7456/643/5193 7460/638/5193 7458/640/5193 7454/644/5193
f 7461/637/5194 7457/645/5194 7455/646/5194 7459/639/5194
f 7462/633/5195 7463/634/5195 7465/635/5195 7464/636/5195
f 7464/636/5196 7465/635/5196 7469/637/5196 7468/638/5196
f 7468/638/5197 7469/637/5197 7467/639/5197 7466/640/5197
f 7466/640/5198 7467/639/5198 7463/641/5198 7462/642/5198
f 7464/643/5199 7468/638/5199 7466/640/5199 7462/644/5199
f 7469/637/5200 7465/645/5200 7463/646/5200 7467/639/5200
f 7470/633/5201 7471/634/5201 7473/635/5201 7472/636/5201
f 7472/636/5202 7473/635/5202 7477/637/5202 7476/638/5202
f 7476/638/5203 7477/637/5203 7475/639/5203 7474/640/5203
f 7474/640/5204 7475/639/5204 7471/641/5204 7470/642/5204
f 7472/643/5205 7476/638/5205 7474/640/5205 7470/644/5205
f 7477/637/5206 7473/645/5206 7471/646/5206 7475/639/5206
f 7478/633/5207 7479/634/5207 7481/635/5207 7480/636/5207
f 7480/636/5208 7481/635/5208 7485/637/5208 7484/638/5208
f 7484/638/5209 7485/637/5209 7483/639/5209 7482/640/5209
f 7482/640/5210 7483/639/5210 7479/641/5210 7478/642/5210
f 7480/643/5211 7484/638/5211 7482/640/5211 7478/644/5211
f 7485/637/5212 7481/645/5212 7479/646/5212 7483/639/5212
f 7486/633/5213 7487/634/5213 7489/635/5213 7488/636/5213
f 7488/636/5214 7489/635/5214 7493/637/5214 7492/638/5214
f 7492/638/5215 7493/637/5215 7491/639/5215 7490/640/5215
f 7490/640/5216 7491/639/5216 7487/641/5216 7486/642/5216
f 7488/643/5217 7492/638/5217 7490/640/5217 7486/644/5217
f 7493/637/5218 7489/645/5218 7487/646/5218 7491/639/5218
f 7494/633/5219 7495/634/5219 7497/635/5219 7496/636/5219
f 7496/636/5220 7497/635/5220 7501/637/5220 7500/638/5220
f 7500/638/5221 7501/637/5221 7499/639/5221 7498/640/5221
f 7498/640/5222 7499/639/5222 7495/641/5222 7494/642/5222
f 7496/643/5223 7500/638/5223 7498/640/5223 7494/644/5223
f 7501/637/5224 7497/645/5224 7495/646/5224 7499/639/5224
f 7502/633/5225 7503/634/5225 7505/635/5225 7504/636/5225
f 7504/636/5226 7505/635/5226 7509/637/5226 7508/638/5226
f 7508/638/5227 7509/637/5227 7507/639/5227 7506/640/5227
f 7506/640/5228 7507/639/5228 7503/641/5228 7502/642/5228
f 7504/643/5229 7508/638/5229 7506/640/5229 7502/644/5229
f 7509/637/5230 7505/645/5230 7503/646/5230 7507/639/5230
f 7510/633/5231 7511/634/5231 7513/635/5231 7512/636/5231
f 7512/636/5232 7513/635/5232 7517/637/5232 7516/638/5232
f 7516/638/5233 7517/637/5233 7515/639/5233 7514/640/5233
f 7514/640/5234 7515/639/5234 7511/641/5234 7510/642/5234
f 7512/643/5235 7516/638/5235 7514/640/5235 7510/644/5235
f 7517/637/5236 7513/645/5236 7511/646/5236 7515/639/5236
f 7518/633/5237 7519/634/5237 7521/635/5237 7520/636/5237
f 7520/636/5238 7521/635/5238 7525/637/5238 7524/638/5238
f 7524/638/5239 7525/637/5239 7523/639/5239 7522/640/5239
f 7522/640/5240 7523/639/5240 7519/641/5240 7518/642/5240
f 7520/643/5241 7524/638/5241 7522/640/5241 7518/644/5241
f 7525/637/5242 7521/645/5242 7519/646/5242 7523/639/5242
f 7526/633/5243 7527/634/5243 7529/635/5243 7528/636/5243
f 7528/636/5244 7529/635/5244 7533/637/5244 7532/638/5244
f 7532/638/5245 7533/637/5245 7531/639/5245 7530/640/5245
f 7530/640/5246 7531/639/5246 7527/641/5246 7526/642/5246
f 7528/643/5247 7532/638/5247 7530/640/5247 7526/644/5247
f 7533/637/5248 7529/645/5248 7527/646/5248 7531/639/5248
f 7534/633/5249 7535/634/5249 7537/635/5249 7536/636/5249
f 7536/636/5250 7537/635/5250 7541/637/5250 7540/638/5250
f 7540/638/5251 7541/637/5251 7539/639/5251 7538/640/5251
f 7538/640/5252 7539/639/5252 7535/641/5252 7534/642/5252
f 7536/643/5253 7540/638/5253 7538/640/5253 7534/644/5253
f 7541/637/5254 7537/645/5254 7535/646/5254 7539/639/5254
f 7542/633/5255 7543/634/5255 7545/635/5255 7544/636/5255
f 7544/636/5256 7545/635/5256 7549/637/5256 7548/638/5256
f 7548/638/5257 7549/637/5257 7547/639/5257 7546/640/5257
f 7546/640/5258 7547/639/5258 7543/641/5258 7542/642/5258
f 7544/643/5259 7548/638/5259 7546/640/5259 7542/644/5259
f 7549/637/5260 7545/645/5260 7543/646/5260 7547/639/5260
f 7550/633/5261 7551/634/5261 7553/635/5261 7552/636/5261
f 7552/636/5262 7553/635/5262 7557/637/5262 7556/638/5262
f 7556/638/5263 7557/637/5263 7555/639/5263 7554/640/5263
f 7554/640/5264 7555/639/5264 7551/641/5264 7550/642/5264
f 7552/643/5265 7556/638/5265 7554/640/5265 7550/644/5265
f 7557/637/5266 7553/645/5266 7551/646/5266 7555/639/5266
f 7558/633/5267 7559/634/5267 7561/635/5267 7560/636/5267
f 7560/636/5268 7561/635/5268 7565/637/5268 7564/638/5268
f 7564/638/5269 7565/637/5269 7563/639/5269 7562/640/5269
f 7562/640/5270 7563/639/5270 7559/641/5270 7558/642/5270
f 7560/643/5271 7564/638/5271 7562/640/5271 7558/644/5271
f 7565/637/5272 7561/645/5272 7559/646/5272 7563/639/5272
f 7566/633/5273 7567/634/5273 7569/635/5273 7568/636/5273
f 7568/636/5274 7569/635/5274 7573/637/5274 7572/638/5274
f 7572/638/5275 7573/637/5275 7571/639/5275 7570/640/5275
f 7570/640/5276 7571/639/5276 7567/641/5276 7566/642/5276
f 7568/643/5277 7572/638/5277 7570/640/5277 7566/644/5277
f 7573/637/5278 7569/645/5278 7567/646/5278 7571/639/5278
f 7574/633/5279 7575/634/5279 7577/635/5279 7576/636/5279
f 7576/636/5280 7577/635/5280 7581/637/5280 7580/638/5280
f 7580/638/5281 7581/637/5281 7579/639/5281 7578/640/5281
f 7578/640/5282 7579/639/5282 7575/641/5282 7574/642/5282
f 7576/643/5283 7580/638/5283 7578/640/5283 7574/644/5283
f 7581/637/5284 7577/645/5284 7575/646/5284 7579/639/5284
f 7582/633/5285 7583/634/5285 7585/635/5285 7584/636/5285
f 7584/636/5286 7585/635/5286 7589/637/5286 7588/638/5286
f 7588/638/5287 7589/637/5287 7587/639/5287 7586/640/5287
f 7586/640/5288 7587/639/5288 7583/641/5288 7582/642/5288
f 7584/643/5289 7588/638/5289 7586/640/5289 7582/644/5289
f 7589/637/5290 7585/645/5290 7583/646/5290 7587/639/5290
f 7590/633/5291 7591/634/5291 7593/635/5291 7592/636/5291
f 7592/636/5292 7593/635/5292 7597/637/5292 7596/638/5292
f 7596/638/5293 7597/637/5293 7595/639/5293 7594/640/5293
f 7594/640/5294 7595/639/5294 7591/641/5294 7590/642/5294
f 7592/643/5295 7596/638/5295 7594/640/5295 7590/644/5295
f 7597/637/5296 7593/645/5296 7591/646/5296 7595/639/5296
f 7598/633/5297 7599/634/5297 7601/635/5297 7600/636/5297
f 7600/636/5298 7601/635/5298 7605/637/5298 7604/638/5298
f 7604/638/5299 7605/637/5299 7603/639/5299 7602/640/5299
f 7602/640/5300 7603/639/5300 7599/641/5300 7598/642/5300
f 7600/643/5301 7604/638/5301 7602/640/5301 7598/644/5301
f 7605/637/5302 7601/645/5302 7599/646/5302 7603/639/5302
f 7606/633/5303 7607/634/5303 7609/635/5303 7608/636/5303
f 7608/636/5304 7609/635/5304 7613/637/5304 7612/638/5304
f 7612/638/5305 7613/637/5305 7611/639/5305 7610/640/5305
f 7610/640/5306 7611/639/5306 7607/641/5306 7606/642/5306
f 7608/643/5307 7612/638/5307 7610/640/5307 7606/644/5307
f 7613/637/5308 7609/645/5308 7607/646/5308 7611/639/5308
f 7614/633/5309 7615/634/5309 7617/635/5309 7616/636/5309
f 7616/636/5310 7617/635/5310 7621/637/5310 7620/638/5310
f 7620/638/5311 7621/637/5311 7619/639/5311 7618/640/5311
f 7618/640/5312 7619/639/5312 7615/641/5312 7614/642/5312
f 7616/643/5313 7620/638/5313 7618/640/5313 7614/644/5313
f 7621/637/5314 7617/645/5314 7615/646/5314 7619/639/5314
f 7622/633/5315 7623/634/5315 7625/635/5315 7624/636/5315
f 7624/636/5316 7625/635/5316 7629/637/5316 7628/638/5316
f 7628/638/5317 7629/637/5317 7627/639/5317 7626/640/5317
f 7626/640/5318 7627/639/5318 7623/641/5318 7622/642/5318
f 7624/643/5319 7628/638/5319 7626/640/5319 7622/644/5319
f 7629/637/5320 7625/645/5320 7623/646/5320 7627/639/5320
f 7630/633/5321 7631/634/5321 7633/635/5321 7632/636/5321
f 7632/636/5322 7633/635/5322 7637/637/5322 7636/638/5322
f 7636/638/5323 7637/637/5323 7635/639/5323 7634/640/5323
f 7634/640/5324 7635/639/5324 7631/641/5324 7630/642/5324
f 7632/643/5325 7636/638/5325 7634/640/5325 7630/644/5325
f 7637/637/5326 7633/645/5326 7631/646/5326 7635/639/5326
f 7638/633/5327 7639/634/5327 7641/635/5327 7640/636/5327
f 7640/636/5328 7641/635/5328 7645/637/5328 7644/638/5328
f 7644/638/5329 7645/637/5329 7643/639/5329 7642/640/5329
f 7642/640/5330 7643/639/5330 7639/641/5330 7638/642/5330
f 7640/643/5331 7644/638/5331 7642/640/5331 7638/644/5331
f 7645/637/5332 7641/645/5332 7639/646/5332 7643/639/5332
f 7646/633/5333 7647/634/5333 7649/635/5333 7648/636/5333
f 7648/636/5334 7649/635/5334 7653/637/5334 7652/638/5334
f 7652/638/5335 7653/637/5335 7651/639/5335 7650/640/5335
f 7650/640/5336 7651/639/5336 7647/641/5336 7646/642/5336
f 7648/643/5337 7652/638/5337 7650/640/5337 7646/644/5337
f 7653/637/5338 7649/645/5338 7647/646/5338 7651/639/5338
f 7654/633/5339 7655/634/5339 7657/635/5339 7656/636/5339
f 7656/636/5340 7657/635/5340 7661/637/5340 7660/638/5340
f 7660/638/5341 7661/637/5341 7659/639/5341 7658/640/5341
f 7658/640/5342 7659/639/5342 7655/641/5342 7654/642/5342
f 7656/643/5343 7660/638/5343 7658/640/5343 7654/644/5343
f 7661/637/5344 7657/645/5344 7655/646/5344 7659/639/5344
f 7662/633/5345 7663/634/5345 7665/635/5345 7664/636/5345
f 7664/636/5346 7665/635/5346 7669/637/5346 7668/638/5346
f 7668/638/5347 7669/637/5347 7667/639/5347 7666/640/5347
f 7666/640/5348 7667/639/5348 7663/641/5348 7662/642/5348
f 7664/643/5349 7668/638/5349 7666/640/5349 7662/644/5349
f 7669/637/5350 7665/645/5350 7663/646/5350 7667/639/5350
f 7670/633/5351 7671/634/5351 7673/635/5351 7672/636/5351
f 7672/636/5352 7673/635/5352 7677/637/5352 7676/638/5352
f 7676/638/5353 7677/637/5353 7675/639/5353 7674/640/5353
f 7674/640/5354 7675/639/5354 7671/641/5354 7670/642/5354
f 7672/643/5355 7676/638/5355 7674/640/5355 7670/644/5355
f 7677/637/5356 7673/645/5356 7671/646/5356 7675/639/5356
f 7678/633/5357 7679/634/5357 7681/635/5357 7680/636/5357
f 7680/636/5358 7681/635/5358 7685/637/5358 7684/638/5358
f 7684/638/5359 7685/637/5359 7683/639/5359 7682/640/5359
f 7682/640/5360 7683/639/5360 7679/641/5360 7678/642/5360
f 7680/643/5361 7684/638/5361 7682/640/5361 7678/644/5361
f 7685/637/5362 7681/645/5362 7679/646/5362 7683/639/5362
f 7686/633/5363 7687/634/5363 7689/635/5363 7688/636/5363
f 7688/636/5364 7689/635/5364 7693/637/5364 7692/638/5364
f 7692/638/5365 7693/637/5365 7691/639/5365 7690/640/5365
f 7690/640/5366 7691/639/5366 7687/641/5366 7686/642/5366
f 7688/643/5367 7692/638/5367 7690/640/5367 7686/644/5367
f 7693/637/5368 7689/645/5368 7687/646/5368 7691/639/5368
f 7694/633/5369 7695/634/5369 7697/635/5369 7696/636/5369
f 7696/636/5370 7697/635/5370 7701/637/5370 7700/638/5370
f 7700/638/5371 7701/637/5371 7699/639/5371 7698/640/5371
f 7698/640/5372 7699/639/5372 7695/641/5372 7694/642/5372
f 7696/643/5373 7700/638/5373 7698/640/5373 7694/644/5373
f 7701/637/5374 7697/645/5374 7695/646/5374 7699/639/5374
f 7702/633/5375 7703/634/5375 7705/635/5375 7704/636/5375
f 7704/636/5376 7705/635/5376 7709/637/5376 7708/638/5376
f 7708/638/5377 7709/637/5377 7707/639/5377 7706/640/5377
f 7706/640/5378 7707/639/5378 7703/641/5378 7702/642/5378
f 7704/643/5379 7708/638/5379 7706/640/5379 7702/644/5379
f 7709/637/5380 7705/645/5380 7703/646/5380 7707/639/5380
f 7710/633/5381 7711/634/5381 7713/635/5381 7712/636/5381
f 7712/636/5382 7713/635/5382 7717/637/5382 7716/638/5382
f 7716/638/5383 7717/637/5383 7715/639/5383 7714/640/5383
f 7714/640/5384 7715/639/5384 7711/641/5384 7710/642/5384
f 7712/643/5385 7716/638/5385 7714/640/5385 7710/644/5385
f 7717/637/5386 7713/645/5386 7711/646/5386 7715/639/5386
f 7718/633/5387 7719/634/5387 7721/635/5387 7720/636/5387
f 7720/636/5388 7721/635/5388 7725/637/5388 7724/638/5388
f 7724/638/5389 7725/637/5389 7723/639/5389 7722/640/5389
f 7722/640/5390 7723/639/5390 7719/641/5390 7718/642/5390
f 7720/643/5391 7724/638/5391 7722/640/5391 7718/644/5391
f 7725/637/5392 7721/645/5392 7719/646/5392 7723/639/5392
f 7726/633/5393 7727/634/5393 7729/635/5393 7728/636/5393
f 7728/636/5394 7729/635/5394 7733/637/5394 7732/638/5394
f 7732/638/5395 7733/637/5395 7731/639/5395 7730/640/5395
f 7730/640/5396 7731/639/5396 7727/641/5396 7726/642/5396
f 7728/643/5397 7732/638/5397 7730/640/5397 7726/644/5397
f 7733/637/5398 7729/645/5398 7727/646/5398 7731/639/5398
f 7734/633/5399 7735/634/5399 7737/635/5399 7736/636/5399
f 7736/636/5400 7737/635/5400 7741/637/5400 7740/638/5400
f 7740/638/5401 7741/637/5401 7739/639/5401 7738/640/5401
f 7738/640/5402 7739/639/5402 7735/641/5402 7734/642/5402
f 7736/643/5403 7740/638/5403 7738/640/5403 7734/644/5403
f 7741/637/5404 7737/645/5404 7735/646/5404 7739/639/5404
f 7742/633/5405 7743/634/5405 7745/635/5405 7744/636/5405
f 7744/636/5406 7745/635/5406 7749/637/5406 7748/638/5406
f 7748/638/5407 7749/637/5407 7747/639/5407 7746/640/5407
f 7746/640/5408 7747/639/5408 7743/641/5408 7742/642/5408
f 7744/643/5409 7748/638/5409 7746/640/5409 7742/644/5409
f 7749/637/5410 7745/645/5410 7743/646/5410 7747/639/5410
f 7750/633/5411 7751/634/5411 7753/635/5411 7752/636/5411
f 7752/636/5412 7753/635/5412 7757/637/5412 7756/638/5412
f 7756/638/5413 7757/637/5413 7755/639/5413 7754/640/5413
f 7754/640/5414 7755/639/5414 7751/641/5414 7750/642/5414
f 7752/643/5415 7756/638/5415 7754/640/5415 7750/644/5415
f 7757/637/5416 7753/645/5416 7751/646/5416 7755/639/5416
f 7758/633/5417 7759/634/5417 7761/635/5417 7760/636/5417
f 7760/636/5418 7761/635/5418 7765/637/5418 7764/638/5418
f 7764/638/5419 7765/637/5419 7763/639/5419 7762/640/5419
f 7762/640/5420 7763/639/5420 7759/641/5420 7758/642/5420
f 7760/643/5421 7764/638/5421 7762/640/5421 7758/644/5421
f 7765/637/5422 7761/645/5422 7759/646/5422 7763/639/5422
f 7766/633/5423 7767/634/5423 7769/635/5423 7768/636/5423
f 7768/636/5424 7769/635/5424 7773/637/5424 7772/638/5424
f 7772/638/5425 7773/637/5425 7771/639/5425 7770/640/5425
f 7770/640/5426 7771/639/5426 7767/641/5426 7766/642/5426
f 7768/643/5427 7772/638/5427 7770/640/5427 7766/644/5427
f 7773/637/5428 7769/645/5428 7767/646/5428 7771/639/5428
f 7774/633/5429 7775/634/5429 7777/635/5429 7776/636/5429
f 7776/636/5430 7777/635/5430 7781/637/5430 7780/638/5430
f 7780/638/5431 7781/637/5431 7779/639/5431 7778/640/5431
f 7778/640/5432 7779/639/5432 7775/641/5432 7774/642/5432
f 7776/643/5433 7780/638/5433 7778/640/5433 7774/644/5433
f 7781/637/5434 7777/645/5434 7775/646/5434 7779/639/5434
f 7782/633/5435 7783/634/5435 7785/635/5435 7784/636/5435
f 7784/636/5436 7785/635/5436 7789/637/5436 7788/638/5436
f 7788/638/5437 7789/637/5437 7787/639/5437 7786/640/5437
f 7786/640/5438 7787/639/5438 7783/641/5438 7782/642/5438
f 7784/643/5439 7788/638/5439 7786/640/5439 7782/644/5439
f 7789/637/5440 7785/645/5440 7783/646/5440 7787/639/5440
f 7790/633/5441 7791/634/5441 7793/635/5441 7792/636/5441
f 7792/636/5442 7793/635/5442 7797/637/5442 7796/638/5442
f 7796/638/5443 7797/637/5443 7795/639/5443 7794/640/5443
f 7794/640/5444 7795/639/5444 7791/641/5444 7790/642/5444
f 7792/643/5445 7796/638/5445 7794/640/5445 7790/644/5445
f 7797/637/5446 7793/645/5446 7791/646/5446 7795/639/5446
f 7798/633/5447 7799/634/5447 7801/635/5447 7800/636/5447
f 7800/636/5448 7801/635/5448 7805/637/5448 7804/638/5448
f 7804/638/5449 7805/637/5449 7803/639/5449 7802/640/5449
f 7802/640/5450 7803/639/5450 7799/641/5450 7798/642/5450
f 7800/643/5451 7804/638/5451 7802/640/5451 7798/644/5451
f 7805/637/5452 7801/645/5452 7799/646/5452 7803/639/5452
f 7806/633/5453 7807/634/5453 7809/635/5453 7808/636/5453
f 7808/636/5454 7809/635/5454 7813/637/5454 7812/638/5454
f 7812/638/5455 7813/637/5455 7811/639/5455 7810/640/5455
f 7810/640/5456 7811/639/5456 7807/641/5456 7806/642/5456
f 7808/643/5457 7812/638/5457 7810/640/5457 7806/644/5457
f 7813/637/5458 7809/645/5458 7807/646/5458 7811/639/5458
f 7814/633/5459 7815/634/5459 7817/635/5459 7816/636/5459
f 7816/636/5460 7817/635/5460 7821/637/5460 7820/638/5460
f 7820/638/5461 7821/637/5461 7819/639/5461 7818/640/5461
f 7818/640/5462 7819/639/5462 7815/641/5462 7814/642/5462
f 7816/643/5463 7820/638/5463 7818/640/5463 7814/644/5463
f 7821/637/5464 7817/645/5464 7815/646/5464 7819/639/5464
f 7822/633/5465 7823/634/5465 7825/635/5465 7824/636/5465
f 7824/636/5466 7825/635/5466 7829/637/5466 7828/638/5466
f 7828/638/5467 7829/637/5467 7827/639/5467 7826/640/5467
f 7826/640/5468 7827/639/5468 7823/641/5468 7822/642/5468
f 7824/643/5469 7828/638/5469 7826/640/5469 7822/644/5469
f 7829/637/5470 7825/645/5470 7823/646/5470 7827/639/5470
f 7830/633/5471 7831/634/5471 7833/635/5471 7832/636/5471
f 7832/636/5472 7833/635/5472 7837/637/5472 7836/638/5472
f 7836/638/5473 7837/637/5473 7835/639/5473 7834/640/5473
f 7834/640/5474 7835/639/5474 7831/641/5474 7830/642/5474
f 7832/643/5475 7836/638/5475 7834/640/5475 7830/644/5475
f 7837/637/5476 7833/645/5476 7831/646/5476 7835/639/5476
f 7838/633/5477 7839/634/5477 7841/635/5477 7840/636/5477
f 7840/636/5478 7841/635/5478 7845/637/5478 7844/638/5478
f 7844/638/5479 7845/637/5479 7843/639/5479 7842/640/5479
f 7842/640/5480 7843/639/5480 7839/641/5480 7838/642/5480
f 7840/643/5481 7844/638/5481 7842/640/5481 7838/644/5481
f 7845/637/5482 7841/645/5482 7839/646/5482 7843/639/5482
f 7846/633/5483 7847/634/5483 7849/635/5483 7848/636/5483
f 7848/636/5484 7849/635/5484 7853/637/5484 7852/638/5484
f 7852/638/5485 7853/637/5485 7851/639/5485 7850/640/5485
f 7850/640/5486 7851/639/5486 7847/641/5486 7846/642/5486
f 7848/643/5487 7852/638/5487 7850/640/5487 7846/644/5487
f 7853/637/5488 7849/645/5488 7847/646/5488 7851/639/5488
f 7854/633/5489 7855/634/5489 7857/635/5489 7856/636/5489
f 7856/636/5490 7857/635/5490 7861/637/5490 7860/638/5490
f 7860/638/5491 7861/637/5491 7859/639/5491 7858/640/5491
f 7858/640/5492 7859/639/5492 7855/641/5492 7854/642/5492
f 7856/643/5493 7860/638/5493 7858/640/5493 7854/644/5493
f 7861/637/5494 7857/645/5494 7855/646/5494 7859/639/5494
f 7862/633/5495 7863/634/5495 7865/635/5495 7864/636/5495
f 7864/636/5496 7865/635/5496 7869/637/5496 7868/638/5496
f 7868/638/5497 7869/637/5497 7867/639/5497 7866/640/5497
f 7866/640/5498 7867/639/5498 7863/641/5498 7862/642/5498
f 7864/643/5499 7868/638/5499 7866/640/5499 7862/644/5499
f 7869/637/5500 7865/645/5500 7863/646/5500 7867/639/5500
f 7870/633/5501 7871/634/5501 7873/635/5501 7872/636/5501
f 7872/636/5502 7873/635/5502 7877/637/5502 7876/638/5502
f 7876/638/5503 7877/637/5503 7875/639/5503 7874/640/5503
f 7874/640/5504 7875/639/5504 7871/641/5504 7870/642/5504
f 7872/643/5505 7876/638/5505 7874/640/5505 7870/644/5505
f 7877/637/5506 7873/645/5506 7871/646/5506 7875/639/5506
f 7878/633/5507 7879/634/5507 7881/635/5507 7880/636/5507
f 7880/636/5508 7881/635/5508 7885/637/5508 7884/638/5508
f 7884/638/5509 7885/637/5509 7883/639/5509 7882/640/5509
f 7882/640/5510 7883/639/5510 7879/641/5510 7878/642/5510
f 7880/643/5511 7884/638/5511 7882/640/5511 7878/644/5511
f 7885/637/5512 7881/645/5512 7879/646/5512 7883/639/5512
f 7886/633/5513 7887/634/5513 7889/635/5513 7888/636/5513
f 7888/636/5514 7889/635/5514 7893/637/5514 7892/638/5514
f 7892/638/5515 7893/637/5515 7891/639/5515 7890/640/5515
f 7890/640/5516 7891/639/5516 7887/641/5516 7886/642/5516
f 7888/643/5517 7892/638/5517 7890/640/5517 7886/644/5517
f 7893/637/5518 7889/645/5518 7887/646/5518 7891/639/5518
f 7894/633/5519 7895/634/5519 7897/635/5519 7896/636/5519
f 7896/636/5520 7897/635/5520 7901/637/5520 7900/638/5520
f 7900/638/5521 7901/637/5521 7899/639/5521 7898/640/5521
f 7898/640/5522 7899/639/5522 7895/641/5522 7894/642/5522
f 7896/643/5523 7900/638/5523 7898/640/5523 7894/644/5523
f 7901/637/5524 7897/645/5524 7895/646/5524 7899/639/5524
f 7902/633/5525 7903/634/5525 7905/635/5525 7904/636/5525
f 7904/636/5526 7905/635/5526 7909/637/5526 7908/638/5526
f 7908/638/5527 7909/637/5527 7907/639/5527 7906/640/5527
f 7906/640/5528 7907/639/5528 7903/641/5528 7902/642/5528
f 7904/643/5529 7908/638/5529 7906/640/5529 7902/644/5529
f 7909/637/5530 7905/645/5530 7903/646/5530 7907/639/5530
f 7910/633/5531 7911/634/5531 7913/635/5531 7912/636/5531
f 7912/636/5532 7913/635/5532 7917/637/5532 7916/638/5532
f 7916/638/5533 7917/637/5533 7915/639/5533 7914/640/5533
f 7914/640/5534 7915/639/5534 7911/641/5534 7910/642/5534
f 7912/643/5535 7916/638/5535 7914/640/5535 7910/644/5535
f 7917/637/5536 7913/645/5536 7911/646/5536 7915/639/5536
f 7918/633/5537 7919/634/5537 7921/635/5537 7920/636/5537
f 7920/636/5538 7921/635/5538 7925/637/5538 7924/638/5538
f 7924/638/5539 7925/637/5539 7923/639/5539 7922/640/5539
f 7922/640/5540 7923/639/5540 7919/641/5540 7918/642/5540
f 7920/643/5541 7924/638/5541 7922/640/5541 7918/644/5541
f 7925/637/5542 7921/645/5542 7919/646/5542 7923/639/5542
f 7926/633/5543 7927/634/5543 7929/635/5543 7928/636/5543
f 7928/636/5544 7929/635/5544 7933/637/5544 7932/638/5544
f 7932/638/5545 7933/637/5545 7931/639/5545 7930/640/5545
f 7930/640/5546 7931/639/5546 7927/641/5546 7926/642/5546
f 7928/643/5547 7932/638/5547 7930/640/5547 7926/644/5547
f 7933/637/5548 7929/645/5548 7927/646/5548 7931/639/5548
f 7934/633/5549 7935/634/5549 7937/635/5549 7936/636/5549
f 7936/636/5550 7937/635/5550 7941/637/5550 7940/638/5550
f 7940/638/5551 7941/637/5551 7939/639/5551 7938/640/5551
f 7938/640/5552 7939/639/5552 7935/641/5552 7934/642/5552
f 7936/643/5553 7940/638/5553 7938/640/5553 7934/644/5553
f 7941/637/5554 7937/645/5554 7935/646/5554 7939/639/5554
f 7942/633/5555 7943/634/5555 7945/635/5555 7944/636/5555
f 7944/636/5556 7945/635/5556 7949/637/5556 7948/638/5556
f 7948/638/5557 7949/637/5557 7947/639/5557 7946/640/5557
f 7946/640/5558 7947/639/5558 7943/641/5558 7942/642/5558
f 7944/643/5559 7948/638/5559 7946/640/5559 7942/644/5559
f 7949/637/5560 7945/645/5560 7943/646/5560 7947/639/5560
f 7950/633/5561 7951/634/5561 7953/635/5561 7952/636/5561
f 7952/636/5562 7953/635/5562 7957/637/5562 7956/638/5562
f 7956/638/5563 7957/637/5563 7955/639/5563 7954/640/5563
f 7954/640/5564 7955/639/5564 7951/641/5564 7950/642/5564
f 7952/643/5565 7956/638/5565 7954/640/5565 7950/644/5565
f 7957/637/5566 7953/645/5566 7951/646/5566 7955/639/5566
f 7958/633/5567 7959/634/5567 7961/635/5567 7960/636/5567
f 7960/636/5568 7961/635/5568 7965/637/5568 7964/638/5568
f 7964/638/5569 7965/637/5569 7963/639/5569 7962/640/5569
f 7962/640/5570 7963/639/5570 7959/641/5570 7958/642/5570
f 7960/643/5571 7964/638/5571 7962/640/5571 7958/644/5571
f 7965/637/5572 7961/645/5572 7959/646/5572 7963/639/5572
f 7966/633/5573 7967/634/5573 7969/635/5573 7968/636/5573
f 7968/636/5574 7969/635/5574 7973/637/5574 7972/638/5574
f 7972/638/5575 7973/637/5575 7971/639/5575 7970/640/5575
f 7970/640/5576 7971/639/5576 7967/641/5576 7966/642/5576
f 7968/643/5577 7972/638/5577 7970/640/5577 7966/644/5577
f 7973/637/5578 7969/645/5578 7967/646/5578 7971/639/5578
f 7974/633/5579 7975/634/5579 7977/635/5579 7976/636/5579
f 7976/636/5580 7977/635/5580 7981/637/5580 7980/638/5580
f 7980/638/5581 7981/637/5581 7979/639/5581 7978/640/5581
f 7978/640/5582 7979/639/5582 7975/641/5582 7974/642/5582
f 7976/643/5583 7980/638/5583 7978/640/5583 7974/644/5583
f 7981/637/5584 7977/645/5584 7975/646/5584 7979/639/5584
f 7982/633/5585 7983/634/5585 7985/635/5585 7984/636/5585
f 7984/636/5586 7985/635/5586 7989/637/5586 7988/638/5586
f 7988/638/5587 7989/637/5587 7987/639/5587 7986/640/5587
f 7986/640/5588 7987/639/5588 7983/641/5588 7982/642/5588
f 7984/643/5589 7988/638/5589 7986/640/5589 7982/644/5589
f 7989/637/5590 7985/645/5590 7983/646/5590 7987/639/5590
f 7990/633/5591 7991/634/5591 7993/635/5591 7992/636/5591
f 7992/636/5592 7993/635/5592 7997/637/5592 7996/638/5592
f 7996/638/5593 7997/637/5593 7995/639/5593 7994/640/5593
f 7994/640/5594 7995/639/5594 7991/641/5594 7990/642/5594
f 7992/643/5595 7996/638/5595 7994/640/5595 7990/644/5595
f 7997/637/5596 7993/645/5596 7991/646/5596 7995/639/5596
f 7998/633/5597 7999/634/5597 8001/635/5597 8000/636/5597
f 8000/636/5598 8001/635/5598 8005/637/5598 8004/638/5598
f 8004/638/5599 8005/637/5599 8003/639/5599 8002/640/5599
f 8002/640/5600 8003/639/5600 7999/641/5600 7998/642/5600
f 8000/643/5601 8004/638/5601 8002/640/5601 7998/644/5601
f 8005/637/5602 8001/645/5602 7999/646/5602 8003/639/5602
f 8006/633/5603 8007/634/5603 8009/635/5603 8008/636/5603
f 8008/636/5604 8009/635/5604 8013/637/5604 8012/638/5604
f 8012/638/5605 8013/637/5605 8011/639/5605 8010/640/5605
f 8010/640/5606 8011/639/5606 8007/641/5606 8006/642/5606
f 8008/643/5607 8012/638/5607 8010/640/5607 8006/644/5607
f 8013/637/5608 8009/645/5608 8007/646/5608 8011/639/5608
f 8014/633/5609 8015/634/5609 8017/635/5609 8016/636/5609
f 8016/636/5610 8017/635/5610 8021/637/5610 8020/638/5610
f 8020/638/5611 8021/637/5611 8019/639/5611 8018/640/5611
f 8018/640/5612 8019/639/5612 8015/641/5612 8014/642/5612
f 8016/643/5613 8020/638/5613 8018/640/5613 8014/644/5613
f 8021/637/5614 8017/645/5614 8015/646/5614 8019/639/5614
f 8022/633/5615 8023/634/5615 8025/635/5615 8024/636/5615
f 8024/636/5616 8025/635/5616 8029/637/5616 8028/638/5616
f 8028/638/5617 8029/637/5617 8027/639/5617 8026/640/5617
f 8026/640/5618 8027/639/5618 8023/641/5618 8022/642/5618
f 8024/643/5619 8028/638/5619 8026/640/5619 8022/644/5619
f 8029/637/5620 8025/645/5620 8023/646/5620 8027/639/5620
f 8030/633/5621 8031/634/5621 8033/635/5621 8032/636/5621
f 8032/636/5622 8033/635/5622 8037/637/5622 8036/638/5622
f 8036/638/5623 8037/637/5623 8035/639/5623 8034/640/5623
f 8034/640/5624 8035/639/5624 8031/641/5624 8030/642/5624
f 8032/643/5625 8036/638/5625 8034/640/5625 8030/644/5625
f 8037/637/5626 8033/645/5626 8031/646/5626 8035/639/5626
f 8038/633/5627 8039/634/5627 8041/635/5627 8040/636/5627
f 8040/636/5628 8041/635/5628 8045/637/5628 8044/638/5628
f 8044/638/5629 8045/637/5629 8043/639/5629 8042/640/5629
f 8042/640/5630 8043/639/5630 8039/641/5630 8038/642/5630
f 8040/643/5631 8044/638/5631 8042/640/5631 8038/644/5631
f 8045/637/5632 8041/645/5632 8039/646/5632 8043/639/5632
f 8046/633/5633 8047/634/5633 8049/635/5633 8048/636/5633
f 8048/636/5634 8049/635/5634 8053/637/5634 8052/638/5634
f 8052/638/5635 8053/637/5635 8051/639/5635 8050/640/5635
f 8050/640/5636 8051/639/5636 8047/641/5636 8046/642/5636
f 8048/643/5637 8052/638/5637 8050/640/5637 8046/644/5637
f 8053/637/5638 8049/645/5638 8047/646/5638 8051/639/5638
f 8054/633/5639 8055/634/5639 8057/635/5639 8056/636/5639
f 8056/636/5640 8057/635/5640 8061/637/5640 8060/638/5640
f 8060/638/5641 8061/637/5641 8059/639/5641 8058/640/5641
f 8058/640/5642 8059/639/5642 8055/641/5642 8054/642/5642
f 8056/643/5643 8060/638/5643 8058/640/5643 8054/644/5643
f 8061/637/5644 8057/645/5644 8055/646/5644 8059/639/5644
f 8062/633/5645 8063/634/5645 8065/635/5645 8064/636/5645
f 8064/636/5646 8065/635/5646 8069/637/5646 8068/638/5646
f 8068/638/5647 8069/637/5647 8067/639/5647 8066/640/5647
f 8066/640/5648 8067/639/5648 8063/641/5648 8062/642/5648
f 8064/643/5649 8068/638/5649 8066/640/5649 8062/644/5649
f 8069/637/5650 8065/645/5650 8063/646/5650 8067/639/5650
f 8070/633/5651 8071/634/5651 8073/635/5651 8072/636/5651
f 8072/636/5652 8073/635/5652 8077/637/5652 8076/638/5652
f 8076/638/5653 8077/637/5653 8075/639/5653 8074/640/5653
f 8074/640/5654 8075/639/5654 8071/641/5654 8070/642/5654
f 8072/643/5655 8076/638/5655 8074/640/5655 8070/644/5655
f 8077/637/5656 8073/645/5656 8071/646/5656 8075/639/5656
f 8078/633/5657 8079/634/5657 8081/635/5657 8080/636/5657
f 8080/636/5658 8081/635/5658 8085/637/5658 8084/638/5658
f 8084/638/5659 8085/637/5659 8083/639/5659 8082/640/5659
f 8082/640/5660 8083/639/5660 8079/641/5660 8078/642/5660
f 8080/643/5661 8084/638/5661 8082/640/5661 8078/644/5661
f 8085/637/5662 8081/645/5662 8079/646/5662 8083/639/5662
f 8086/633/5663 8087/634/5663 8089/635/5663 8088/636/5663
f 8088/636/5664 8089/635/5664 8093/637/5664 8092/638/5664
f 8092/638/5665 8093/637/5665 8091/639/5665 8090/640/5665
f 8090/640/5666 8091/639/5666 8087/641/5666 8086/642/5666
f 8088/643/5667 8092/638/5667 8090/640/5667 8086/644/5667
f 8093/637/5668 8089/645/5668 8087/646/5668 8091/639/5668
f 8094/633/5669 8095/634/5669 8097/635/5669 8096/636/5669
f 8096/636/5670 8097/635/5670 8101/637/5670 8100/638/5670
f 8100/638/5671 8101/637/5671 8099/639/5671 8098/640/5671
f 8098/640/5672 8099/639/5672 8095/641/5672 8094/642/5672
f 8096/643/5673 8100/638/5673 8098/640/5673 8094/644/5673
f 8101/637/5674 8097/645/5674 8095/646/5674 8099/639/5674
f 8102/633/5675 8103/634/5675 8105/635/5675 8104/636/5675
f 8104/636/5676 8105/635/5676 8109/637/5676 8108/638/5676
f 8108/638/5677 8109/637/5677 8107/639/5677 8106/640/5677
f 8106/640/5678 8107/639/5678 8103/641/5678 8102/642/5678
f 8104/643/5679 8108/638/5679 8106/640/5679 8102/644/5679
f 8109/637/5680 8105/645/5680 8103/646/5680 8107/639/5680
f 8110/633/5681 8111/634/5681 8113/635/5681 8112/636/5681
f 8112/636/5682 8113/635/5682 8117/637/5682 8116/638/5682
f 8116/638/5683 8117/637/5683 8115/639/5683 8114/640/5683
f 8114/640/5684 8115/639/5684 8111/641/5684 8110/642/5684
f 8112/643/5685 8116/638/5685 8114/640/5685 8110/644/5685
f 8117/637/5686 8113/645/5686 8111/646/5686 8115/639/5686
f 8118/633/5687 8119/634/5687 8121/635/5687 8120/636/5687
f 8120/636/5688 8121/635/5688 8125/637/5688 8124/638/5688
f 8124/638/5689 8125/637/5689 8123/639/5689 8122/640/5689
f 8122/640/5690 8123/639/5690 8119/641/5690 8118/642/5690
f 8120/643/5691 8124/638/5691 8122/640/5691 8118/644/5691
f 8125/637/5692 8121/645/5692 8119/646/5692 8123/639/5692
f 8126/633/5693 8127/634/5693 8129/635/5693 8128/636/5693
f 8128/636/5694 8129/635/5694 8133/637/5694 8132/638/5694
f 8132/638/5695 8133/637/5695 8131/639/5695 8130/640/5695
f 8130/640/5696 8131/639/5696 8127/641/5696 8126/642/5696
f 8128/643/5697 8132/638/5697 8130/640/5697 8126/644/5697
f 8133/637/5698 8129/645/5698 8127/646/5698 8131/639/5698
f 8134/633/5699 8135/634/5699 8137/635/5699 8136/636/5699
f 8136/636/5700 8137/635/5700 8141/637/5700 8140/638/5700
f 8140/638/5701 8141/637/5701 8139/639/5701 8138/640/5701
f 8138/640/5702 8139/639/5702 8135/641/5702 8134/642/5702
f 8136/643/5703 8140/638/5703 8138/640/5703 8134/644/5703
f 8141/637/5704 8137/645/5704 8135/646/5704 8139/639/5704
f 8142/633/5705 8143/634/5705 8145/635/5705 8144/636/5705
f 8144/636/5706 8145/635/5706 8149/637/5706 8148/638/5706
f 8148/638/5707 8149/637/5707 8147/639/5707 8146/640/5707
f 8146/640/5708 8147/639/5708 8143/641/5708 8142/642/5708
f 8144/643/5709 8148/638/5709 8146/640/5709 8142/644/5709
f 8149/637/5710 8145/645/5710 8143/646/5710 8147/639/5710
f 8150/633/5711 8151/634/5711 8153/635/5711 8152/636/5711
f 8152/636/5712 8153/635/5712 8157/637/5712 8156/638/5712
f 8156/638/5713 8157/637/5713 8155/639/5713 8154/640/5713
f 8154/640/5714 8155/639/5714 8151/641/5714 8150/642/5714
f 8152/643/5715 8156/638/5715 8154/640/5715 8150/644/5715
f 8157/637/5716 8153/645/5716 8151/646/5716 8155/639/5716
f 8158/633/5717 8159/634/5717 8161/635/5717 8160/636/5717
f 8160/636/5718 8161/635/5718 8165/637/5718 8164/638/5718
f 8164/638/5719 8165/637/5719 8163/639/5719 8162/640/5719
f 8162/640/5720 8163/639/5720 8159/641/5720 8158/642/5720
f 8160/643/5721 8164/638/5721 8162/640/5721 8158/644/5721
f 8165/637/5722 8161/645/5722 8159/646/5722 8163/639/5722
f 8166/633/5723 8167/634/5723 8169/635/5723 8168/636/5723
f 8168/636/5724 8169/635/5724 8173/637/5724 8172/638/5724
f 8172/638/5725 8173/637/5725 8171/639/5725 8170/640/5725
f 8170/640/5726 8171/639/5726 8167/641/5726 8166/642/5726
f 8168/643/5727 8172/638/5727 8170/640/5727 8166/644/5727
f 8173/637/5728 8169/645/5728 8167/646/5728 8171/639/5728
f 8174/633/5729 8175/634/5729 8177/635/5729 8176/636/5729
f 8176/636/5730 8177/635/5730 8181/637/5730 8180/638/5730
f 8180/638/5731 8181/637/5731 8179/639/5731 8178/640/5731
f 8178/640/5732 8179/639/5732 8175/641/5732 8174/642/5732
f 8176/643/5733 8180/638/5733 8178/640/5733 8174/644/5733
f 8181/637/5734 8177/645/5734 8175/646/5734 8179/639/5734
f 8182/633/5735 8183/634/5735 8185/635/5735 8184/636/5735
f 8184/636/5736 8185/635/5736 8189/637/5736 8188/638/5736
f 8188/638/5737 8189/637/5737 8187/639/5737 8186/640/5737
f 8186/640/5738 8187/639/5738 8183/641/5738 8182/642/5738
f 8184/643/5739 8188/638/5739 8186/640/5739 8182/644/5739
f 8189/637/5740 8185/645/5740 8183/646/5740 8187/639/5740
f 8190/633/5741 8191/634/5741 8193/635/5741 8192/636/5741
f 8192/636/5742 8193/635/5742 8197/637/5742 8196/638/5742
f 8196/638/5743 8197/637/5743 8195/639/5743 8194/640/5743
f 8194/640/5744 8195/639/5744 8191/641/5744 8190/642/5744
f 8192/643/5745 8196/638/5745 8194/640/5745 8190/644/5745
f 8197/637/5746 8193/645/5746 8191/646/5746 8195/639/5746
f 8198/633/5747 8199/634/5747 8201/635/5747 8200/636/5747
f 8200/636/5748 8201/635/5748 8205/637/5748 8204/638/5748
f 8204/638/5749 8205/637/5749 8203/639/5749 8202/640/5749
f 8202/640/5750 8203/639/5750 8199/641/5750 8198/642/5750
f 8200/643/5751 8204/638/5751 8202/640/5751 8198/644/5751
f 8205/637/5752 8201/645/5752 8199/646/5752 8203/639/5752
f 8206/633/5753 8207/634/5753 8209/635/5753 8208/636/5753
f 8208/636/5754 8209/635/5754 8213/637/5754 8212/638/5754
f 8212/638/5755 8213/637/5755 8211/639/5755 8210/640/5755
f 8210/640/5756 8211/639/5756 8207/641/5756 8206/642/5756
f 8208/643/5757 8212/638/5757 8210/640/5757 8206/644/5757
f 8213/637/5758 8209/645/5758 8207/646/5758 8211/639/5758
f 8214/633/5759 8215/634/5759 8217/635/5759 8216/636/5759
f 8216/636/5760 8217/635/5760 8221/637/5760 8220/638/5760
f 8220/638/5761 8221/637/5761 8219/639/5761 8218/640/5761
f 8218/640/5762 8219/639/5762 8215/641/5762 8214/642/5762
f 8216/643/5763 8220/638/5763 8218/640/5763 8214/644/5763
f 8221/637/5764 8217/645/5764 8215/646/5764 8219/639/5764
f 8222/633/5765 8223/634/5765 8225/635/5765 8224/636/5765
f 8224/636/5766 8225/635/5766 8229/637/5766 8228/638/5766
f 8228/638/5767 8229/637/5767 8227/639/5767 8226/640/5767
f 8226/640/5768 8227/639/5768 8223/641/5768 8222/642/5768
f 8224/643/5769 8228/638/5769 8226/640/5769 8222/644/5769
f 8229/637/5770 8225/645/5770 8223/646/5770 8227/639/5770
f 8230/633/5771 8231/634/5771 8233/635/5771 8232/636/5771
f 8232/636/5772 8233/635/5772 8237/637/5772 8236/638/5772
f 8236/638/5773 8237/637/5773 8235/639/5773 8234/640/5773
f 8234/640/5774 8235/639/5774 8231/641/5774 8230/642/5774
f 8232/643/5775 8236/638/5775 8234/640/5775 8230/644/5775
f 8237/637/5776 8233/645/5776 8231/646/5776 8235/639/5776
f 8238/633/5777 8239/634/5777 8241/635/5777 8240/636/5777
f 8240/636/5778 8241/635/5778 8245/637/5778 8244/638/5778
f 8244/638/5779 8245/637/5779 8243/639/5779 8242/640/5779
f 8242/640/5780 8243/639/5780 8239/641/5780 8238/642/5780
f 8240/643/5781 8244/638/5781 8242/640/5781 8238/644/5781
f 8245/637/5782 8241/645/5782 8239/646/5782 8243/639/5782
f 8246/633/5783 8247/634/5783 8249/635/5783 8248/636/5783
f 8248/636/5784 8249/635/5784 8253/637/5784 8252/638/5784
f 8252/638/5785 8253/637/5785 8251/639/5785 8250/640/5785
f 8250/640/5786 8251/639/5786 8247/641/5786 8246/642/5786
f 8248/643/5787 8252/638/5787 8250/640/5787 8246/644/5787
f 8253/637/5788 8249/645/5788 8247/646/5788 8251/639/5788
f 8254/633/5789 8255/634/5789 8257/635/5789 8256/636/5789
f 8256/636/5790 8257/635/5790 8261/637/5790 8260/638/5790
f 8260/638/5791 8261/637/5791 8259/639/5791 8258/640/5791
f 8258/640/5792 8259/639/5792 8255/641/5792 8254/642/5792
f 8256/643/5793 8260/638/5793 8258/640/5793 8254/644/5793
f 8261/637/5794 8257/645/5794 8255/646/5794 8259/639/5794
f 8262/633/5795 8263/634/5795 8265/635/5795 8264/636/5795
f 8264/636/5796 8265/635/5796 8269/637/5796 8268/638/5796
f 8268/638/5797 8269/637/5797 8267/639/5797 8266/640/5797
f 8266/640/5798 8267/639/5798 8263/641/5798 8262/642/5798
f 8264/643/5799 8268/638/5799 8266/640/5799 8262/644/5799
f 8269/637/5800 8265/645/5800 8263/646/5800 8267/639/5800
f 8270/633/5801 8271/634/5801 8273/635/5801 8272/636/5801
f 8272/636/5802 8273/635/5802 8277/637/5802 8276/638/5802
f 8276/638/5803 8277/637/5803 8275/639/5803 8274/640/5803
f 8274/640/5804 8275/639/5804 8271/641/5804 8270/642/5804
f 8272/643/5805 8276/638/5805 8274/640/5805 8270/644/5805
f 8277/637/5806 8273/645/5806 8271/646/5806 8275/639/5806
f 8278/633/5807 8279/634/5807 8281/635/5807 8280/636/5807
f 8280/636/5808 8281/635/5808 8285/637/5808 8284/638/5808
f 8284/638/5809 8285/637/5809 8283/639/5809 8282/640/5809
f 8282/640/5810 8283/639/5810 8279/641/5810 8278/642/5810
f 8280/643/5811 8284/638/5811 8282/640/5811 8278/644/5811
f 8285/637/5812 8281/645/5812 8279/646/5812 8283/639/5812
f 8286/633/5813 8287/634/5813 8289/635/5813 8288/636/5813
f 8288/636/5814 8289/635/5814 8293/637/5814 8292/638/5814
f 8292/638/5815 8293/637/5815 8291/639/5815 8290/640/5815
f 8290/640/5816 8291/639/5816 8287/641/5816 8286/642/5816
f 8288/643/5817 8292/638/5817 8290/640/5817 8286/644/5817
f 8293/637/5812 8289/645/5812 8287/646/5812 8291/639/5812
f 8294/633/5818 8295/634/5818 8297/635/5818 8296/636/5818
f 8296/636/5819 8297/635/5819 8301/637/5819 8300/638/5819
f 8300/638/5820 8301/637/5820 8299/639/5820 8298/640/5820
f 8298/640/5821 8299/639/5821 8295/641/5821 8294/642/5821
f 8296/643/5817 8300/638/5817 8298/640/5817 8294/644/5817
f 8301/637/5812 8297/645/5812 8295/646/5812 8299/639/5812
f 8302/633/5822 8303/634/5822 8305/635/5822 8304/636/5822
f 8304/636/5823 8305/635/5823 8309/637/5823 8308/638/5823
f 8308/638/5824 8309/637/5824 8307/639/5824 8306/640/5824
f 8306/640/5825 8307/639/5825 8303/641/5825 8302/642/5825
f 8304/643/5817 8308/638/5817 8306/640/5817 8302/644/5817
f 8309/637/5812 8305/645/5812 8303/646/5812 8307/639/5812
f 8310/633/5826 8311/634/5826 8313/635/5826 8312/636/5826
f 8312/636/5827 8313/635/5827 8317/637/5827 8316/638/5827
f 8316/638/5828 8317/637/5828 8315/639/5828 8314/640/5828
f 8314/640/5829 8315/639/5829 8311/641/5829 8310/642/5829
f 8312/643/5817 8316/638/5817 8314/640/5817 8310/644/5817
f 8317/637/5812 8313/645/5812 8311/646/5812 8315/639/5812
f 8318/633/5830 8319/634/5830 8321/635/5830 8320/636/5830
f 8320/636/5831 8321/635/5831 8325/637/5831 8324/638/5831
f 8324/638/5832 8325/637/5832 8323/639/5832 8322/640/5832
f 8322/640/5833 8323/639/5833 8319/641/5833 8318/642/5833
f 8320/643/5817 8324/638/5817 8322/640/5817 8318/644/5817
f 8325/637/5812 8321/645/5812 8319/646/5812 8323/639/5812
f 8326/633/5834 8327/634/5834 8329/635/5834 8328/636/5834
f 8328/636/5835 8329/635/5835 8333/637/5835 8332/638/5835
f 8332/638/5836 8333/637/5836 8331/639/5836 8330/640/5836
f 8330/640/5837 8331/639/5837 8327/641/5837 8326/642/5837
f 8328/643/5817 8332/638/5817 8330/640/5817 8326/644/5817
f 8333/637/5812 8329/645/5812 8327/646/5812 8331/639/5812
f 8334/633/5838 8335/634/5838 8337/635/5838 8336/636/5838
f 8336/636/5839 8337/635/5839 8341/637/5839 8340/638/5839
f 8340/638/5840 8341/637/5840 8339/639/5840 8338/640/5840
f 8338/640/5841 8339/639/5841 8335/641/5841 8334/642/5841
f 8336/643/5817 8340/638/5817 8338/640/5817 8334/644/5817
f 8341/637/5812 8337/645/5812 8335/646/5812 8339/639/5812
f 8342/633/5842 8343/634/5842 8345/635/5842 8344/636/5842
f 8344/636/5843 8345/635/5843 8349/637/5843 8348/638/5843
f 8348/638/5844 8349/637/5844 8347/639/5844 8346/640/5844
f 8346/640/5845 8347/639/5845 8343/641/5845 8342/642/5845
f 8344/643/5817 8348/638/5817 8346/640/5817 8342/644/5817
f 8349/637/5812 8345/645/5812 8343/646/5812 8347/639/5812
f 8350/633/5846 8351/634/5846 8353/635/5846 8352/636/5846
f 8352/636/5847 8353/635/5847 8357/637/5847 8356/638/5847
f 8356/638/5848 8357/637/5848 8355/639/5848 8354/640/5848
f 8354/640/5849 8355/639/5849 8351/641/5849 8350/642/5849
f 8352/643/5817 8356/638/5817 8354/640/5817 8350/644/5817
f 8357/637/5812 8353/645/5812 8351/646/5812 8355/639/5812
f 8358/633/5850 8359/634/5850 8361/635/5850 8360/636/5850
f 8360/636/5851 8361/635/5851 8365/637/5851 8364/638/5851
f 8364/638/5852 8365/637/5852 8363/639/5852 8362/640/5852
f 8362/640/5853 8363/639/5853 8359/641/5853 8358/642/5853
f 8360/643/5817 8364/638/5817 8362/640/5817 8358/644/5817
f 8365/637/5812 8361/645/5812 8359/646/5812 8363/639/5812
f 8366/633/5854 8367/634/5854 8369/635/5854 8368/636/5854
f 8368/636/5855 8369/635/5855 8373/637/5855 8372/638/5855
f 8372/638/5856 8373/637/5856 8371/639/5856 8370/640/5856
f 8370/640/5857 8371/639/5857 8367/641/5857 8366/642/5857
f 8368/643/5817 8372/638/5817 8370/640/5817 8366/644/5817
f 8373/637/5812 8369/645/5812 8367/646/5812 8371/639/5812
f 8374/633/5858 8375/634/5858 8377/635/5858 8376/636/5858
f 8376/636/5859 8377/635/5859 8381/637/5859 8380/638/5859
f 8380/638/5860 8381/637/5860 8379/639/5860 8378/640/5860
f 8378/640/5853 8379/639/5853 8375/641/5853 8374/642/5853
f 8376/643/5817 8380/638/5817 8378/640/5817 8374/644/5817
f 8381/637/5812 8377/645/5812 8375/646/5812 8379/639/5812
f 8382/633/5861 8383/634/5861 8385/635/5861 8384/636/5861
f 8384/636/5847 8385/635/5847 8389/637/5847 8388/638/5847
f 8388/638/5862 8389/637/5862 8387/639/5862 8386/640/5862
f 8386/640/5863 8387/639/5863 8383/641/5863 8382/642/5863
f 8384/643/5817 8388/638/5817 8386/640/5817 8382/644/5817
f 8389/637/5812 8385/645/5812 8383/646/5812 8387/639/5812
f 8390/633/5864 8391/634/5864 8393/635/5864 8392/636/5864
f 8392/636/5843 8393/635/5843 8397/637/5843 8396/638/5843
f 8396/638/5865 8397/637/5865 8395/639/5865 8394/640/5865
f 8394/640/5845 8395/639/5845 8391/641/5845 8390/642/5845
f 8392/643/5817 8396/638/5817 8394/640/5817 8390/644/5817
f 8397/637/5812 8393/645/5812 8391/646/5812 8395/639/5812
f 8398/633/5866 8399/634/5866 8401/635/5866 8400/636/5866
f 8400/636/5867 8401/635/5867 8405/637/5867 8404/638/5867
f 8404/638/5868 8405/637/5868 8403/639/5868 8402/640/5868
f 8402/640/5869 8403/639/5869 8399/641/5869 8398/642/5869
f 8400/643/5817 8404/638/5817 8402/640/5817 8398/644/5817
f 8405/637/5812 8401/645/5812 8399/646/5812 8403/639/5812
f 8406/633/5870 8407/634/5870 8409/635/5870 8408/636/5870
f 8408/636/5871 8409/635/5871 8413/637/5871 8412/638/5871
f 8412/638/5872 8413/637/5872 8411/639/5872 8410/640/5872
f 8410/640/5873 8411/639/5873 8407/641/5873 8406/642/5873
f 8408/643/5817 8412/638/5817 8410/640/5817 8406/644/5817
f 8413/637/5812 8409/645/5812 8407/646/5812 8411/639/5812
f 8414/633/5874 8415/634/5874 8417/635/5874 8416/636/5874
f 8416/636/5875 8417/635/5875 8421/637/5875 8420/638/5875
f 8420/638/5876 8421/637/5876 8419/639/5876 8418/640/5876
f 8418/640/5877 8419/639/5877 8415/641/5877 8414/642/5877
f 8416/643/5817 8420/638/5817 8418/640/5817 8414/644/5817
f 8421/637/5812 8417/645/5812 8415/646/5812 8419/639/5812
f 8422/633/5878 8423/634/5878 8425/635/5878 8424/636/5878
f 8424/636/5879 8425/635/5879 8429/637/5879 8428/638/5879
f 8428/638/5880 8429/637/5880 8427/639/5880 8426/640/5880
f 8426/640/5881 8427/639/5881 8423/641/5881 8422/642/5881
f 8424/643/5817 8428/638/5817 8426/640/5817 8422/644/5817
f 8429/637/5812 8425/645/5812 8423/646/5812 8427/639/5812
f 8430/633/5882 8431/634/5882 8433/635/5882 8432/636/5882
f 8432/636/5883 8433/635/5883 8437/637/5883 8436/638/5883
f 8436/638/5884 8437/637/5884 8435/639/5884 8434/640/5884
f 8434/640/5885 8435/639/5885 8431/641/5885 8430/642/5885
f 8432/643/5817 8436/638/5817 8434/640/5817 8430/644/5817
f 8437/637/5812 8433/645/5812 8431/646/5812 8435/639/5812
f 8438/633/5886 8439/634/5886 8441/635/5886 8440/636/5886
f 8440/636/5887 8441/635/5887 8445/637/5887 8444/638/5887
f 8444/638/5888 8445/637/5888 8443/639/5888 8442/640/5888
f 8442/640/5889 8443/639/5889 8439/641/5889 8438/642/5889
f 8440/643/5817 8444/638/5817 8442/640/5817 8438/644/5817
f 8445/637/5812 8441/645/5812 8439/646/5812 8443/639/5812
f 8446/633/5890 8447/634/5890 8449/635/5890 8448/636/5890
f 8448/636/5891 8449/635/5891 8453/637/5891 8452/638/5891
f 8452/638/5892 8453/637/5892 8451/639/5892 8450/640/5892
f 8450/640/5893 8451/639/5893 8447/641/5893 8446/642/5893
f 8448/643/5817 8452/638/5817 8450/640/5817 8446/644/5817
f 8453/637/5812 8449/645/5812 8447/646/5812 8451/639/5812
f 8454/633/5894 8455/634/5894 8457/635/5894 8456/636/5894
f 8456/636/5895 8457/635/5895 8461/637/5895 8460/638/5895
f 8460/638/5896 8461/637/5896 8459/639/5896 8458/640/5896
f 8458/640/5897 8459/639/5897 8455/641/5897 8454/642/5897
f 8456/643/5817 8460/638/5817 8458/640/5817 8454/644/5817
f 8461/637/5812 8457/645/5812 8455/646/5812 8459/639/5812
f 8462/633/5898 8463/634/5898 8465/635/5898 8464/636/5898
f 8464/636/5899 8465/635/5899 8469/637/5899 8468/638/5899
f 8468/638/5900 8469/637/5900 8467/639/5900 8466/640/5900
f 8466/640/5901 8467/639/5901 8463/641/5901 8462/642/5901
f 8464/643/5817 8468/638/5817 8466/640/5817 8462/644/5817
f 8469/637/5812 8465/645/5812 8463/646/5812 8467/639/5812
f 8470/633/5902 8471/634/5902 8473/635/5902 8472/636/5902
f 8472/636/5903 8473/635/5903 8477/637/5903 8476/638/5903
f 8476/638/5904 8477/637/5904 8475/639/5904 8474/640/5904
f 8474/640/5905 8475/639/5905 8471/641/5905 8470/642/5905
f 8472/643/5817 8476/638/5817 8474/640/5817 8470/644/5817
f 8477/637/5812 8473/645/5812 8471/646/5812 8475/639/5812
o Spiral.001
v 2.383991 -0.567077 0.131513
v 2.445253 -0.671462 0.132601
v 2.512083 -0.761258 0.086553
v 2.591837 -0.812852 0.011535
v 2.687141 -0.816920 -0.062143
v 2.796901 -0.782131 -0.102399
v 2.913890 -0.732086 -0.090684
v 3.028934 -0.695932 -0.026790
v 3.134229 -0.697367 0.070501
v 3.225326 -0.745803 0.169130
v 3.302120 -0.832977 0.234820
v 3.368635 -0.936297 0.243381
v 3.440541 -1.027953 0.195825
v 3.519011 -1.092658 0.173732
v 3.652668 -1.126551 0.182298
l 8478 8479
l 8479 8480
l 8480 8481
l 8481 8482
l 8482 8483
l 8483 8484
l 8484 8485
l 8485 8486
l 8486 8487
l 8487 8488
l 8488 8489
l 8489 8490
l 8490 8491
l 8491 8492
o Plane.001
v 3.935829 -0.904348 -0.081080
v 3.921118 -0.959249 -0.038495
v 4.082012 -0.960088 -0.069088
v 4.071444 -0.999528 -0.038495
v 3.859862 -1.187858 0.082508
v 3.874676 -1.132575 0.040456
v 4.014359 -1.212569 0.070666
v 4.025001 -1.172854 0.040456
v 3.938545 -0.894212 -0.067075
v 3.923834 -0.949113 -0.024490
v 4.084728 -0.949952 -0.055083
v 4.074160 -0.989393 -0.024490
v 3.857118 -1.198102 0.068074
v 3.871931 -1.142818 0.026023
v 4.011615 -1.222813 0.056232
v 4.022256 -1.183098 0.026023
v 4.123841 -1.021967 -0.050370
v 4.091094 -1.182817 0.024163
v 4.973757 -1.327372 -0.007991
v 4.969878 -1.341849 -0.017542
v 4.443539 -1.065224 -0.069003
v 4.611309 -1.134565 -0.055697
v 4.379930 -1.302616 0.042796
v 4.559823 -1.326714 0.029644
v 4.123841 -1.021967 -0.050370
v 4.091094 -1.182817 0.024163
v 4.973757 -1.327372 -0.007991
v 4.969878 -1.341849 -0.017542
v 4.443539 -1.065224 -0.069003
v 4.611309 -1.134565 -0.055697
v 4.379930 -1.302616 0.042796
v 4.559823 -1.326714 0.029644
v 4.126735 -1.011168 -0.025793
v 4.093988 -1.172018 0.048739
v 4.976650 -1.316574 0.016586
v 4.972771 -1.331051 0.007034
v 4.446433 -1.054425 -0.044427
v 4.614309 -1.123370 -0.031352
v 4.382824 -1.291817 0.067372
v 4.562822 -1.315519 0.053989
v 4.507903 -1.211386 -0.012015
v 4.511281 -1.198776 0.011095
vn -0.1552 -0.5792 -0.8003
vn 0.1532 0.5719 0.8059
vn 0.1552 0.5792 0.8003
vn -0.9659 0.2588 -0.0000
vn -0.2071 -0.7730 0.5996
vn 0.3286 0.7337 -0.5947
vn 0.9659 -0.2588 -0.0000
vn -0.1532 -0.5719 -0.8059
vn 0.2086 0.7784 -0.5921
vn -0.0838 -0.8050 0.5873
vn -0.0738 -0.2739 -0.9589
vn -0.1089 -0.4289 -0.8968
vn -0.1200 -0.4252 -0.8971
vn -0.4294 -0.7871 0.4428
vn 0.4705 0.7822 -0.4083
vn 0.1399 0.5221 0.8413
vn 0.0727 0.2741 0.9590
vn 0.1090 0.4291 0.8967
vn 0.1200 0.4250 0.8972
vn -0.3719 -0.8329 0.4098
vn 0.0988 0.9067 -0.4100
vn 0.3740 0.8282 -0.4174
vn 0.0128 -0.9126 0.4087
vn -0.0893 -0.9044 0.4173
vn 0.1410 0.3728 0.9172
vn -0.0151 -0.8791 0.4764
vn 0.1162 0.4705 0.8747
vn 0.1737 0.8560 -0.4869
vn -0.0583 -0.3838 -0.9216
vn -0.2494 -0.8355 0.4896
vn 0.2858 0.8243 -0.4888
vn -0.1333 -0.5007 -0.8553
vn 0.0203 0.8964 -0.4427
vt 0.000000 0.000000
vt 0.000000 1.000000
vt 1.000000 1.000000
vt 1.000000 0.000000
vt 0.491013 0.000000
vt 0.513605 0.000000
s 0
usemtl Material.001
f 8493/647/5906 8495/648/5906 8496/649/5906 8494/650/5906
f 8497/647/5907 8499/648/5907 8500/649/5907 8498/650/5907
f 8501/647/5908 8502/650/5908 8504/649/5908 8503/648/5908
f 8493/647/5909 8494/650/5909 8502/650/5909 8501/647/5909
f 8494/650/5910 8496/649/5910 8504/649/5910 8502/650/5910
f 8495/648/5911 8493/647/5911 8501/647/5911 8503/648/5911
f 8496/649/5912 8495/648/5912 8503/648/5912 8504/649/5912
f 8505/647/5913 8506/650/5913 8508/649/5913 8507/648/5913
f 8498/650/5914 8500/649/5914 8508/649/5914 8506/650/5914
f 8499/648/5915 8497/647/5915 8505/647/5915 8507/648/5915
f 8500/649/5912 8499/648/5912 8507/648/5912 8508/649/5912
f 8497/647/5909 8498/650/5909 8506/650/5909 8505/647/5909
f 8511/647/5916 8520/647/5916 8519/647/5916 8512/647/5916 8510/647/5916 8518/647/5916 8533/647/5916 8517/647/5916 8509/647/5916
f 8509/647/5917 8513/647/5917 8514/648/5917 8511/648/5917
f 8512/649/5918 8516/649/5918 8515/650/5918 8510/650/5918
f 8517/647/5919 8533/651/5919 8534/652/5919 8525/647/5919
f 8520/649/5912 8519/648/5912 8527/648/5912 8528/649/5912
f 8519/648/5920 8522/648/5920 8530/648/5920 8527/648/5920
f 8514/648/5921 8513/647/5921 8521/647/5921 8522/648/5921
f 8516/649/5921 8512/649/5921 8520/649/5921 8524/649/5921
f 8515/650/5921 8516/649/5921 8524/649/5921 8523/650/5921
f 8511/648/5921 8514/648/5921 8522/648/5921 8519/648/5921
f 8512/649/5921 8511/648/5921 8519/648/5921 8520/649/5921
f 8510/650/5921 8515/650/5921 8523/650/5921 8518/650/5921
f 8513/647/5921 8509/647/5921 8517/647/5921 8521/647/5921
f 8525/647/5922 8534/652/5922 8526/650/5922 8528/649/5922 8527/648/5922
f 8525/647/5923 8527/648/5923 8530/648/5923 8529/647/5923
f 8528/649/5924 8526/650/5924 8531/650/5924 8532/649/5924
f 8518/650/5925 8523/650/5925 8531/650/5925 8526/650/5925
f 8521/647/5926 8517/647/5926 8525/647/5926 8529/647/5926
f 8522/648/5927 8521/647/5927 8529/647/5927 8530/648/5927
f 8524/649/5928 8520/649/5928 8528/649/5928 8532/649/5928
f 8523/650/5929 8524/649/5929 8532/649/5929 8531/650/5929
f 8495/648/5930 8496/649/5930 8517/647/5930 8521/647/5930
f 8518/650/5931 8526/650/5931 8500/649/5931 8508/649/5931
f 8508/649/5932 8507/648/5932 8523/650/5932 8518/650/5932
f 8531/650/5933 8523/650/5933 8507/648/5933 8499/648/5933
f 8499/648/5934 8500/649/5934 8526/650/5934 8531/650/5934
f 8521/647/5935 8529/647/5935 8503/648/5935 8495/648/5935
f 8525/647/5936 8517/647/5936 8496/649/5936 8504/649/5936
f 8504/649/5937 8503/648/5937 8529/647/5937 8525/647/5937
f 8534/652/5938 8533/651/5938 8518/650/5938 8526/650/5938
